TCS,,,,,,,RELIANCE,,,,,,,LT,,,,,,,TATAPOWER,,,,,,,IRCTC,,,,,,
Date,Open,High,Low,Close,Adj Close,Volume,Date,Open,High,Low,Close,Adj Close,Volume,Date,Open,High,Low,Close,Adj Close,Volume,Date,Open,High,Low,Close,Adj Close,Volume,Date,Open,High,Low,Close,Adj Close,Volume
12/31/2018,4.710000038,4.860000134,4.630000114,4.769999981,4.458913326,456500,1/1/2019,1114.68396,1116.714722,1099.676147,1110.473877,1093.406982,4498087,1/1/2019,1445,1445,1425.199951,1441.900024,1332.894775,786846,1/1/2019,77,77.25,76.30000305,76.69999695,70.03150177,2153622,10/14/2019,125.1999969,148.7599945,125,145.5500031,143.6569824,226353035
1/2/2019,4.71999979,5.079999924,4.690000057,4.949999809,4.627173901,272500,1/2/2019,1104.034912,1116.41748,1090.661621,1096.010864,1079.166382,7212697,1/2/2019,1441,1444.900024,1417.099976,1425.5,1317.734619,2058504,1/2/2019,76.80000305,76.94999695,74.40000153,74.84999847,68.34234619,2504768,10/15/2019,147.1999969,149.4799957,139.2100067,142.6300049,140.7749786,52650205
1/3/2019,4.920000076,5.079999924,4.820000172,4.929999828,4.608478069,256800,1/3/2019,1097.100586,1104.133911,1079.864014,1082.489136,1065.852417,7517041,1/3/2019,1426,1429,1391,1395,1289.540283,2290756,1/3/2019,76,76.25,73.84999847,74.19999695,67.74887085,4583837,10/16/2019,142.8000031,144.1999969,139.6499939,140.1300049,138.3074951,17381530
1/4/2019,5.010000229,5.150000095,4.949999809,5.119999886,4.786087036,217600,1/4/2019,1087.095459,1094.079224,1070.948486,1088.33374,1071.607178,8545382,1/4/2019,1401.900024,1407.599976,1373.550049,1388.050049,1283.115723,2711485,1/4/2019,74.30000305,75.55000305,73.69999695,75.05000305,68.52497101,3170169,10/17/2019,140.0200043,146.6000061,137.4299927,144.8600006,142.9759827,25164650
1/7/2019,5.119999886,5.489999771,5.050000191,5.380000114,5.029130459,246100,1/7/2019,1096.605225,1107.947754,1090.661621,1094.376465,1077.557007,5565822,1/7/2019,1397,1408.599976,1379.050049,1383.800049,1279.187012,1851513,1/7/2019,75.44999695,75.75,74.25,74.69999695,68.20539093,1691362,10/18/2019,145,157.9799957,143.2100067,155.8300018,153.8032837,48666150
1/8/2019,5.46999979,5.690000057,5.380000114,5.550000191,5.188043594,323200,1/8/2019,1094.723145,1099.527588,1085.708618,1094.277344,1077.459473,5678473,1/8/2019,1387.5,1393.849976,1375,1382.199951,1277.708008,1437271,1/8/2019,74.75,75.5,74.55000305,74.94999695,68.43365479,1684121,10/22/2019,157.3899994,173.3500061,156.1999969,168.9400024,166.7427673,46733940
1/9/2019,5.489999771,5.630000114,5.46999979,5.539999962,5.178695679,194600,1/9/2019,1101.55835,1106.511353,1088.383179,1100.320068,1083.409302,5821468,1/9/2019,1389.5,1393.550049,1372,1386.050049,1281.266968,1413005,1/9/2019,75.09999847,75.5,73.84999847,74.34999847,67.88582611,2006348,10/23/2019,173.1999969,181.9799957,173.1999969,180.0599976,177.7181549,45116345
1/10/2019,5.480000019,5.739999771,5.369999886,5.710000038,5.337608814,250700,1/10/2019,1097.348267,1100.567749,1092.642822,1097.100586,1080.23938,4118960,1/10/2019,1388,1398.900024,1383.25,1392.599976,1287.321655,1063647,1/10/2019,74.25,75.09999847,73.90000153,74.90000153,68.38800812,1704653,10/24/2019,184.9900055,190.6999969,172.5299988,180.4100037,178.0635986,59356565
1/11/2019,5.699999809,6.03000021,5.639999866,5.860000134,5.477826118,388500,1/11/2019,1097.199585,1103.341431,1078.378052,1087.739258,1071.021729,6525174,1/11/2019,1393,1393.900024,1361.050049,1369.599976,1266.060425,2489197,1/11/2019,75.09999847,75.25,73.80000305,75,68.47930908,3214817,10/25/2019,181,183.1999969,175.1999969,179.8099976,177.471405,19247675
1/14/2019,5.800000191,5.920000076,5.78000021,5.880000114,5.49652195,148500,1/14/2019,1084.718018,1090.16626,1076.19873,1086.501099,1069.802856,4150757,1/14/2019,1367.199951,1367.199951,1331,1333.900024,1233.059326,3080984,1/14/2019,75,75,73.69999695,74.30000305,67.84017944,3702534,10/27/2019,182.1999969,185,179,181.5399933,179.178894,6711285
1/15/2019,5.880000114,6.199999809,5.789999962,6.099999905,5.70217371,260900,1/15/2019,1094.624023,1121.370483,1094.624023,1119.042603,1101.844116,10158260,1/15/2019,1340,1348,1330,1340.900024,1239.530029,3079248,1/15/2019,74.5,75.25,74.15000153,75.05000305,68.52497101,3099444,10/29/2019,181.3999939,181.4799957,175.7299957,176.6199951,174.3228912,10118740
1/16/2019,6.070000172,6.150000095,5.920000076,5.989999771,5.599347591,250900,1/16/2019,1124.342407,1134.248413,1119.735962,1125.233887,1107.940186,6443279,1/16/2019,1342.900024,1361.5,1336,1342.150024,1240.685547,2454470,1/16/2019,75,76.94999695,74.5,76.5,69.84889984,4222858,10/30/2019,176.1999969,184,176.1699982,178.0899963,175.7737732,16381015
1/17/2019,5.960000038,5.989999771,5.789999962,5.929999828,5.543260574,140000,1/17/2019,1133.703613,1137.121216,1119.389282,1123.797485,1106.525879,7558941,1/17/2019,1345.099976,1351.800049,1336.949951,1346.050049,1244.290771,1610419,1/17/2019,76.34999847,76.94999695,74.94999695,76,69.39237213,4496763,10/31/2019,180,181.5399933,175.3999939,176.3399963,174.0465393,9198590
1/18/2019,5.980000019,6.130000114,5.889999866,6.050000191,5.655435085,263400,1/18/2019,1138.012817,1178.726807,1124.589966,1173.229004,1155.197632,25927601,1/18/2019,1350.849976,1352,1313,1317.900024,1218.269043,2135781,1/18/2019,76,76.44999695,75.15000153,76,69.39237213,4009644,11/1/2019,177,181.5899963,176.6199951,178.1000061,175.7836456,9411150
1/22/2019,6.050000191,6.369999886,6,6.199999809,5.795651913,259400,1/21/2019,1182.78833,1228.306885,1177.488525,1226.078003,1207.234497,22247437,1/21/2019,1279,1337.25,1273.449951,1314.550049,1215.172241,8813681,1/21/2019,76,77.19999695,75.44999695,75.94999695,69.34671783,5188679,11/4/2019,179,179.6000061,176.0500031,176.6900024,174.391983,4195835
1/23/2019,6.210000038,6.550000191,6.179999828,6.449999809,6.029347897,271200,1/22/2019,1221.27356,1235.241089,1208.147949,1223.552002,1204.747314,16709723,1/22/2019,1316.900024,1321.5,1298.099976,1301.150024,1202.785156,2544978,1/22/2019,75.90000153,77.5,74.90000153,76.34999847,69.71193695,4074882,11/5/2019,177.3399963,181.3999939,174.2599945,176.3000031,174.0070648,10190335
1/24/2019,6.429999828,6.710000038,6.429999828,6.630000114,6.197608948,236300,1/23/2019,1221.71936,1232.516968,1210.525391,1214.785034,1196.11499,8913196,1/23/2019,1301,1306.900024,1293.550049,1301.449951,1203.062622,1821323,1/23/2019,77,77.94999695,74.84999847,75.19999695,68.66192627,5394325,11/6/2019,177,179,176.1999969,176.8600006,174.5597839,4950450
1/25/2019,6.679999828,6.960000038,6.679999828,6.949999809,6.496738911,245200,1/24/2019,1213.497314,1241.432495,1208.643311,1235.73645,1216.744507,13279882,1/24/2019,1305,1305.550049,1287,1295.349976,1197.423706,1654706,1/24/2019,75.30000305,75.75,74.30000305,74.55000305,68.0684433,3700318,11/7/2019,177.8000031,178.3999939,176.0200043,176.3000031,174.0070648,3875510
1/28/2019,6.909999847,7,6.670000076,6.829999924,6.384565353,243100,1/25/2019,1238.708252,1252.824463,1223.799561,1234.300049,1215.3302,8631889,1/25/2019,1300,1314.099976,1281.5,1285.449951,1188.271973,3136788,1/25/2019,74.69999695,75.30000305,73.44999695,73.94999695,67.52059174,3724093,11/8/2019,175.9499969,178.1999969,174.4600067,175.3800049,173.0990295,4743845
1/29/2019,6.829999924,7.059999943,6.730000019,7,6.543478489,273700,1/28/2019,1238.757813,1244.156616,1210.921631,1218.004517,1199.285034,8650493,1/28/2019,1295.449951,1337.900024,1291.650024,1300.449951,1202.137939,8004136,1/28/2019,73.94999695,73.94999695,69.65000153,70.94999695,64.78142548,5766908,11/11/2019,177.1999969,188.6699982,176.8000031,186.5800018,184.1533508,27509375
1/30/2019,7.070000172,7.159999847,6.980000019,7.039999962,6.580869675,428000,1/29/2019,1219.440918,1220.084839,1190.069336,1199.281982,1180.850342,9417294,1/29/2019,1304,1308.800049,1268.199951,1278.050049,1181.431519,3685535,1/29/2019,68.5,72.40000153,68.5,71.05000305,64.87273407,12562431,11/13/2019,191,196.1799927,180.6399994,186.4100037,183.9855804,30872350
1/31/2019,7.050000191,7.179999828,7,7.159999847,6.693043232,215600,1/30/2019,1203.591187,1213.497314,1179.915527,1184.472412,1166.268311,7921321,1/30/2019,1284.300049,1309,1281,1294.449951,1196.591553,2385425,1/30/2019,71.19999695,71.5,67.90000153,68.15000153,62.22487259,4846733,11/14/2019,183,189.3999939,179.3999939,181.4600067,179.0999451,14336980
2/1/2019,7.179999828,7.21999979,7,7.170000076,6.702391624,232100,1/31/2019,1190.713257,1218.153076,1189.722656,1215.627075,1196.944214,10281893,1/31/2019,1304,1321.699951,1296.550049,1314.300049,1214.940918,5852257,1/31/2019,68.44999695,72,67.90000153,71.30000305,65.10099792,7442257,11/15/2019,184,187.9600067,180.3999939,185.6399994,183.2255707,15970190
2/4/2019,7.199999809,7.429999828,7.150000095,7.369999886,6.88934803,612800,2/1/2019,1222.41272,1243.215576,1215.527954,1238.213013,1219.182983,9316446,2/1/2019,1315.5,1334.550049,1313,1324.599976,1224.462402,2515736,2/1/2019,71.5,72.30000305,70.25,71.5,65.28361511,3343602,11/18/2019,186.8200073,187.5800018,183.4100037,184.4299927,182.031311,5720000
2/5/2019,7.380000114,7.860000134,7.380000114,7.78000021,7.272609234,637400,2/4/2019,1235.290649,1284.771606,1230.387207,1278.778442,1259.124878,11781195,2/4/2019,1326.849976,1326.849976,1302.599976,1307.400024,1208.562744,2308931,2/4/2019,71,71.15000153,69.55000305,70.55000305,64.41620636,3028680,11/19/2019,184.5500031,184.8000031,180,180.5099945,178.1622925,5522965
2/6/2019,6.739999771,6.860000134,5.699999809,5.96999979,5.580652237,2267200,2/5/2019,1279.868164,1292.151733,1266.593994,1279.422363,1259.759033,9451152,2/5/2019,1310.699951,1323,1300,1304.599976,1205.974365,1447400,2/5/2019,70.25,71.75,69.25,69.90000153,63.82271957,2916745,11/20/2019,181.8000031,183.3999939,178,179.1399994,176.8101349,6322985
2/7/2019,6.010000229,6.019999981,5.570000172,5.760000229,5.384347916,598100,2/6/2019,1284.078247,1305.277222,1282.097046,1297.946777,1277.998657,9500797,2/6/2019,1308,1322,1293.050049,1314.400024,1215.033447,2034886,2/6/2019,69.80000305,70.90000153,68.40000153,70.40000153,64.2792511,3066537,11/21/2019,179.6000061,181.1999969,176.0200043,176.9600067,174.6584778,6485590
2/8/2019,5.730000019,5.869999886,5.400000095,5.619999886,5.25347805,721100,2/7/2019,1297.946777,1308.793945,1274.02356,1278.283203,1258.637207,9299549,2/7/2019,1314,1320.849976,1289.199951,1296.050049,1198.070801,1556295,2/7/2019,70.40000153,71.40000153,69.15000153,69.59999847,63.54880905,3536220,11/22/2019,177.8000031,177.8000031,174.4799957,175.1799927,172.9016266,3738365
2/11/2019,5.599999905,5.840000153,5.449999809,5.78000021,5.403043747,419800,2/8/2019,1272.735718,1288.28833,1260.303589,1265.702393,1246.25,6567167,2/8/2019,1295,1298.900024,1255.550049,1261.75,1166.363892,2993525,2/8/2019,69.05000305,70.34999847,68.05000305,68.75,62.77270126,2124482,11/25/2019,175.8000031,178,174.6199951,176.4299927,174.1353607,3437825
2/12/2019,5.760000229,6,5.75,5.960000038,5.571304321,341000,2/11/2019,1263.919312,1264.018311,1239.253174,1241.481934,1222.401733,7595318,2/11/2019,1259,1259,1221,1246.5,1152.266602,2981408,2/11/2019,68.44999695,68.44999695,65.15000153,65.55000305,59.85091782,7041255,11/26/2019,177.3999939,179,175.1000061,175.7400055,173.4543457,3971740
2/13/2019,6.010000229,6.340000153,5.929999828,6.289999962,5.879782677,378800,2/12/2019,1239.748413,1260.402588,1239.748413,1244.602417,1225.474243,6460145,2/12/2019,1244.5,1264.900024,1241.550049,1246.849976,1152.59021,1571390,2/12/2019,65.65000153,67.25,65.5,66.30000305,60.5357132,4213698,11/27/2019,176.2200012,178.1999969,176,176.6499939,174.3525085,2933130
2/14/2019,6.309999943,6.550000191,6.150000095,6.400000095,5.982608795,301600,2/14/2019,1229.347046,1229.347046,1206.562988,1212.704712,1194.066772,6690180,2/14/2019,1219,1231.75,1201.099976,1227.599976,1134.79541,6974738,2/14/2019,65.80000305,67.84999847,65.09999847,67.55000305,61.67703629,6828282,11/28/2019,176.9900055,177.5599976,175.6199951,176.4900055,174.1945953,2078740
2/15/2019,6.429999828,6.769999981,6.349999905,6.71999979,6.281739235,321200,2/15/2019,1218.202637,1238.163452,1202.600586,1232.764648,1213.818481,9688940,2/15/2019,1244,1253.900024,1230.900024,1243.099976,1149.123657,3620228,2/15/2019,67.30000305,70.19999695,66.44999695,69.19999695,63.18357086,11110591,11/29/2019,176.4299927,183.7400055,175.6000061,179.4499969,177.1160889,8998765
2/19/2019,6.730000019,6.730000019,6.480000019,6.570000172,6.141521931,342900,2/18/2019,1238.262451,1240.739014,1203.591187,1208.643311,1190.067749,9740480,2/18/2019,1245,1259.550049,1240,1244.5,1150.417847,2186849,2/18/2019,69.19999695,69.5,65.05000305,65.34999847,59.66830444,6717626,12/2/2019,180.3999939,180.5700073,175.6300049,176.2100067,173.9182281,2332100
2/20/2019,6.570000172,6.670000076,6.5,6.559999943,6.132174015,228800,2/19/2019,1206.562988,1228.059204,1199.826782,1204.680786,1186.166138,6303377,2/19/2019,1245,1270,1245,1258.300049,1163.174561,2389086,2/19/2019,65.90000153,67.15000153,65.65000153,65.90000153,60.17049026,2892850,12/3/2019,177.1999969,177.8000031,174.1999969,175,172.7239685,2754285
2/21/2019,6.559999943,6.71999979,6.559999943,6.639999866,6.206956387,309700,2/20/2019,1212.358032,1228.356445,1207.553589,1222.759521,1203.966919,6357879,2/20/2019,1265,1282.650024,1264.199951,1276.550049,1180.045044,2433082,2/20/2019,66.44999695,67.94999695,65.80000305,66.90000153,61.0835495,5950455,12/4/2019,174.3999939,177,172.4600067,174.8200073,172.5463104,3705230
2/22/2019,6.639999866,6.739999771,6.5,6.539999962,6.113478184,242500,2/21/2019,1224.393921,1245.989258,1217.806396,1235.19165,1216.20813,10680467,2/21/2019,1282,1291.5,1265.099976,1284.099976,1187.024048,2392129,2/21/2019,67.69999695,68.15000153,66.84999847,67.44999695,61.58572769,3283026,12/5/2019,175.8999939,177.7799988,174.3999939,175.1900024,172.9114838,2634880
2/25/2019,6.579999924,6.769999981,6.579999924,6.590000153,6.160217762,227100,2/22/2019,1232.913208,1233.606689,1214.487915,1220.778198,1202.016235,8838861,2/22/2019,1282,1283.400024,1265.5,1280.349976,1183.557617,2390188,2/22/2019,67.5,67.94999695,66.75,67.09999847,61.26615906,3078805,12/6/2019,175.3999939,175.7299957,173.6300049,174.4700012,172.2008667,1776855
2/26/2019,6.610000134,6.809999943,6.5,6.710000038,6.272391319,332400,2/25/2019,1224.393921,1231.328247,1209.18811,1220.72876,1201.967407,7926962,2/25/2019,1280.349976,1286.449951,1264,1275.849976,1179.397705,5873730,2/25/2019,67.09999847,67.44999695,66.40000153,66.55000305,60.76398087,3161336,12/9/2019,175.3099976,175.3099976,172.8300018,173.4799957,171.2237244,1771245
2/27/2019,6.71999979,6.800000191,6.590000153,6.630000114,6.197608948,190200,2/26/2019,1198.142822,1223.2052,1194.675659,1208.79187,1190.213989,10227082,2/26/2019,1263.800049,1275,1253,1265.849976,1170.153564,2417931,2/26/2019,66.30000305,67.15000153,64.05000305,66.15000153,60.39875412,10552247,12/10/2019,173.9600067,173.9600067,171.0599976,172.1799927,169.9406281,1974045
2/28/2019,6.599999905,6.840000153,6.519999981,6.829999924,6.384565353,192200,2/27/2019,1216.518677,1233.210449,1197.647461,1212.011353,1193.384033,11218523,2/27/2019,1270.550049,1295,1268,1284.699951,1187.578735,3555914,2/27/2019,66.55000305,67.94999695,65.15000153,65.5,59.80526352,4724311,12/11/2019,172.7799988,173.9900055,171.1000061,172.9299927,170.6808777,2205205
3/1/2019,6.889999866,6.989999771,6.730000019,6.800000191,6.356522083,181200,2/28/2019,1222.165039,1228.207764,1215.032715,1219.490479,1200.748169,11393904,2/28/2019,1293,1302.949951,1273.300049,1292.949951,1195.204956,9321535,2/28/2019,65.90000153,66.25,65.09999847,65.44999695,59.75961304,9665743,12/12/2019,173,175.6000061,172.0200043,173.9799957,171.7172241,1451385
3/4/2019,6.78000021,6.869999886,6.650000095,6.760000229,6.319130898,180900,3/1/2019,1225.384521,1230.684326,1210.773071,1214.537354,1195.871094,7997610,3/1/2019,1300.300049,1311.949951,1297.25,1308.550049,1209.625854,2831577,3/1/2019,66,67.75,65.59999847,67.05000305,61.22051239,11001198,12/13/2019,174.8500061,180.6799927,174.0200043,178.1000061,175.7836456,7002525
3/5/2019,6.769999981,6.840000153,6.590000153,6.650000095,6.216304302,108000,3/5/2019,1211.912231,1228.158325,1207.157349,1226.028442,1207.185669,7189013,3/5/2019,1302,1310.400024,1277.050049,1305.800049,1207.083618,3948051,3/5/2019,67.84999847,69.65000153,67.19999695,69.15000153,63.13793182,13327374,12/16/2019,178.8999939,178.8999939,176.4299927,177.3399963,175.0335236,1780960
3/6/2019,6.659999847,6.670000076,6.429999828,6.519999981,6.094782829,122600,3/6/2019,1228.158325,1261.14563,1223.502441,1252.923584,1233.667358,12152341,3/6/2019,1310.5,1327.550049,1310.5,1317,1217.43689,2776738,3/6/2019,70,72.15000153,69.19999695,71.30000305,65.10099792,11046556,12/17/2019,177.8000031,179.6999969,176.6000061,177.3500061,175.0434265,2816655
3/7/2019,6.519999981,6.739999771,6.510000229,6.659999847,6.225652218,136300,3/7/2019,1252.131104,1267.782715,1246.335938,1258.322388,1238.983398,8186126,3/7/2019,1323.849976,1357.300049,1310,1352.400024,1250.160767,6207580,3/7/2019,73,73.94999695,70.34999847,70.55000305,64.41620636,12534795,12/18/2019,177.3600006,177.5,174.6600037,175.0700073,172.7930756,1424660
3/8/2019,6.599999905,6.739999771,6.53000021,6.650000095,6.216304302,133100,3/8/2019,1254.161743,1262.48291,1250.14978,1255.201904,1235.910889,6097305,3/8/2019,1350,1363,1337,1339.400024,1238.143555,4868283,3/8/2019,70.44999695,70.75,68.84999847,70,63.91402817,6200799,12/19/2019,174.4400024,175.1999969,173.2400055,173.9400024,171.6777344,1513725
3/11/2019,6.659999847,6.760000229,6.559999943,6.71999979,6.281739235,124900,3/11/2019,1258.124268,1299.680298,1256.093506,1291.854492,1272.000122,9810964,3/11/2019,1343.550049,1351,1340,1346.550049,1244.753052,2661353,3/11/2019,71.19999695,72.09999847,70.30000305,71.69999695,65.46621704,5319324,12/20/2019,174.8000031,174.8000031,173.1000061,173.3699951,171.1151733,1306000
3/12/2019,6.739999771,6.96999979,6.670000076,6.869999886,6.421956539,293400,3/12/2019,1304.534302,1321.473755,1301.90918,1318.848633,1298.579224,11335173,3/12/2019,1355,1403,1355,1388.900024,1283.901367,6631152,3/12/2019,72.09999847,74,71.94999695,73.34999847,66.97277069,8901828,12/23/2019,173.6000061,174,172.1999969,172.9499969,170.7006226,1641045
3/13/2019,6.889999866,6.989999771,6.650000095,6.789999962,6.347174168,218600,3/13/2019,1324.445557,1347.229614,1315.62915,1334.648804,1314.136597,11342554,3/13/2019,1395.699951,1397.550049,1372.849976,1378.599976,1274.380127,2241672,3/13/2019,73,74.44999695,72.15000153,73.80000305,67.38365173,7408808,12/24/2019,177,179.9600067,175.0399933,177.5099945,175.2013245,12020790
3/14/2019,6.78000021,6.800000191,6.619999886,6.690000057,6.253695965,99000,3/14/2019,1337.075806,1349.210815,1323.554077,1328.952881,1308.528198,10500649,3/14/2019,1384.699951,1396,1377,1379.75,1275.443115,1838850,3/14/2019,74.15000153,74.15000153,72.75,73.05000305,66.69885254,3962991,12/26/2019,177.1999969,177.6000061,174.8999939,175.3800049,173.0990295,1962805
3/15/2019,6.690000057,6.690000057,6.53000021,6.639999866,6.206956387,278300,3/15/2019,1332.370483,1346.040894,1298.887817,1309.239746,1289.118164,16043743,3/15/2019,1386,1410.800049,1378.599976,1396.5,1290.92688,5723980,3/15/2019,73,74.75,72.80000305,73.80000305,67.38365173,7751928,12/27/2019,176.3899994,177.0800018,175.3999939,176.1199951,173.8294067,2102615
3/18/2019,6.710000038,6.900000095,6.590000153,6.820000172,6.375217438,207600,3/18/2019,1318.501953,1345.198853,1316.520752,1337.373047,1316.81897,10201021,3/18/2019,1397,1411.699951,1370.349976,1378.900024,1274.657349,2450686,3/18/2019,74.09999847,74.69999695,72.69999695,73.05000305,66.69885254,5296795,12/30/2019,177.0500031,187.4900055,176.6600037,185.2299957,182.8209076,15237855
3/19/2019,6.869999886,7.079999924,6.739999771,6.889999866,6.44065237,236400,3/19/2019,1347.229614,1367.04187,1330.488281,1363.624146,1342.666748,9898262,3/19/2019,1371,1374.949951,1346.5,1357.949951,1255.291138,4053209,3/19/2019,73.44999695,74.30000305,72.69999695,73,66.65319824,5567624,,,,,,,
3/20/2019,6.869999886,7.360000134,6.849999905,7.269999981,6.795869827,227900,3/20/2019,1364.862427,1374.966675,1351.192017,1362.534546,1341.59375,9986597,3/20/2019,1362,1382,1361,1370.900024,1267.262207,3871744,3/20/2019,73.19999695,73.84999847,71.69999695,72.05000305,65.78578949,5050030,,,,,,,
3/21/2019,7.25,7.309999943,7.03000021,7.159999847,6.693043232,192800,3/22/2019,1359.612183,1367.93335,1324.148438,1329.151001,1308.723267,11573789,3/22/2019,1379,1415,1376.199951,1394.699951,1289.262817,3788604,3/22/2019,73,73.80000305,72,72.55000305,66.24232483,3913385,,,,,,,
3/22/2019,7.110000134,7.190000057,6.960000038,7.059999943,6.599565506,167700,3/25/2019,1318.105713,1324.296997,1304.336182,1312.013428,1291.849121,8027368,3/25/2019,1387,1389,1370.099976,1376.75,1272.669922,1666203,3/25/2019,72.44999695,73.15000153,70.55000305,71.90000153,65.64883423,4332510,,,,,,,
3/25/2019,7.050000191,7.28000021,7.010000229,7.170000076,6.702391624,130900,3/26/2019,1317.808472,1358.720703,1317.511353,1354.411499,1333.595581,9569142,3/26/2019,1379.800049,1388.800049,1367.75,1372.800049,1269.018677,2021089,3/26/2019,72.44999695,73,70.84999847,71.30000305,65.10099792,3789439,,,,,,,
3/26/2019,7.239999771,7.599999905,7.230000019,7.590000153,7.095000267,398200,3/27/2019,1365.011108,1365.011108,1331.627441,1336.580566,1316.038696,10189856,3/27/2019,1379,1391.099976,1363.150024,1366.449951,1263.14856,2558997,3/27/2019,71.44999695,72.90000153,71.09999847,71.40000153,65.19231415,4812399,,,,,,,
3/27/2019,7.579999924,8.170000076,7.550000191,8,7.478260994,411100,3/28/2019,1337.571167,1356.937622,1330.191162,1347.229614,1326.52417,10582305,3/28/2019,1371,1392.5,1364,1386.699951,1281.867798,3184285,3/28/2019,71.90000153,72.65000153,71.09999847,71.55000305,65.32926941,9265724,,,,,,,
3/28/2019,8,8.470000267,7.960000038,8.449999809,7.898912907,409200,4/1/2019,1357.135742,1393.59021,1349.755615,1378.780518,1357.59021,10194002,4/1/2019,1390.099976,1424,1390.099976,1412.199951,1305.439941,3842703,4/1/2019,74.19999695,76,73.69999695,74.40000153,67.93147278,7267624,,,,,,,
3/29/2019,8.460000038,8.960000038,8.460000038,8.800000191,8.22608757,565800,4/2/2019,1384.872803,1389.924927,1367.140869,1376.650757,1355.493042,8088587,4/2/2019,1415.099976,1426.949951,1403.5,1409.75,1303.175293,2737093,4/2/2019,75.5,77,73.09999847,74.05000305,67.61190796,12971969,,,,,,,
4/1/2019,8.869999886,8.979999542,8.720000267,8.920000076,8.338260651,310200,4/3/2019,1379.672119,1389.825806,1359.116943,1362.286865,1341.349854,7923866,4/3/2019,1409.400024,1415,1375,1378.050049,1273.871704,2366304,4/3/2019,74.55000305,74.55000305,71.05000305,71.44999695,65.23796082,6417056,,,,,,,
4/2/2019,8.899999619,9.039999962,8.760000229,8.859999657,8.28217411,439000,4/4/2019,1366.051147,1370.707031,1334.599365,1340.344849,1319.745117,8455067,4/4/2019,1384.900024,1393.900024,1365.699951,1368.699951,1265.228516,1980318,4/4/2019,71.5,72.40000153,70.25,70.75,64.59882355,6416069,,,,,,,
4/3/2019,8.869999886,8.970000267,8.800000191,8.899999619,8.319564819,247600,4/5/2019,1348.170654,1351.093018,1330.389282,1341.18689,1320.574219,6792015,4/5/2019,1373.75,1392.75,1370.300049,1373.800049,1269.942993,2037782,4/5/2019,71,72.69999695,70.5,71.94999695,65.69448853,7793935,,,,,,,
4/4/2019,8.880000114,9.020000458,8.840000153,8.880000114,8.300869942,355400,4/8/2019,1343.267212,1344.753052,1311.270508,1316.768311,1296.531006,8806267,4/8/2019,1379.699951,1386.800049,1365.449951,1373.650024,1269.804443,1013017,4/8/2019,73,73.55000305,70.75,71.90000153,65.64883423,8540124,,,,,,,
4/5/2019,8.899999619,8.899999619,8.489999771,8.670000076,8.10456562,354200,4/9/2019,1316.421631,1328.11084,1308.595825,1321.919556,1301.603027,9587648,4/9/2019,1375.900024,1387,1366,1375.199951,1271.237061,2209945,4/9/2019,71.90000153,73,70.75,72.59999847,66.2879715,7591689,,,,,,,
4/8/2019,8.649999619,8.829999924,8.5,8.739999771,8.170000076,201300,4/10/2019,1325.386719,1335.342285,1314.044189,1318.898193,1298.628174,7684871,4/10/2019,1370,1382,1365,1371.550049,1267.863281,2014958,4/10/2019,72.59999847,73.19999695,70.59999847,70.90000153,64.73577881,6360330,,,,,,,
4/9/2019,8.680000305,8.68999958,8.479999542,8.5,7.945652485,187200,4/11/2019,1320.433594,1340.295288,1316.520752,1334.153564,1313.649048,5795755,4/11/2019,1371.650024,1387.949951,1371.650024,1378,1273.825562,3110225,4/11/2019,71.40000153,73.15000153,70.59999847,72.69999695,66.37928009,9396530,,,,,,,
4/10/2019,8.550000191,8.569999695,8.369999886,8.449999809,7.898912907,214800,4/12/2019,1337.323486,1344.158691,1324.098877,1330.488281,1310.039917,5975855,4/12/2019,1380,1381.849976,1358.300049,1360.900024,1258.018188,2751659,4/12/2019,73.05000305,74.59999847,71.90000153,73.25,66.8814621,11615133,,,,,,,
4/11/2019,8.449999809,8.460000038,8.239999771,8.279999733,7.739999771,125500,4/15/2019,1332.370483,1336.283325,1322.464355,1327.56604,1307.16272,4285366,4/15/2019,1365,1368,1354,1356.900024,1254.320679,1933204,4/15/2019,73,73.19999695,71.19999695,71.34999847,65.14665222,11147566,,,,,,,
4/12/2019,8.340000153,8.649999619,8.31000042,8.520000458,7.964348316,225800,4/16/2019,1332.370483,1347.229614,1327.417358,1331.132202,1310.674194,8011783,4/16/2019,1360,1390.900024,1360,1381.400024,1276.968384,3217456,4/16/2019,71.75,71.94999695,71.09999847,71.44999695,65.23796082,8590291,,,,,,,
4/15/2019,8.539999962,8.579999924,8.380000114,8.479999542,7.926956177,385600,4/18/2019,1362.088745,1376.700317,1352.182617,1372.935913,1351.835327,18130729,4/18/2019,1387,1387.599976,1357.400024,1360.699951,1257.833374,2594906,4/18/2019,71.75,71.75,70,70.55000305,64.41620636,7272249,,,,,,,
4/16/2019,8.460000038,8.729999542,8.449999809,8.68999958,8.123260498,306700,4/22/2019,1347.229614,1354.16394,1328.7052,1332.717163,1312.234619,10895052,4/22/2019,1362,1370.900024,1352.5,1360.150024,1257.324951,3101477,4/22/2019,70,70.19999695,69,69.19999695,63.18357086,7738634,,,,,,,
4/17/2019,8.68999958,8.720000267,8.569999695,8.670000076,8.10456562,243300,4/23/2019,1335.342285,1360.107544,1333.361084,1351.043457,1330.279419,9141135,4/23/2019,1361.699951,1365,1336.599976,1348.199951,1246.278198,2016454,4/23/2019,69.5,69.69999695,68.09999847,68.25,62.31617737,4138151,,,,,,,
4/18/2019,8.630000114,8.819999695,8.630000114,8.699999809,8.132608414,256900,4/24/2019,1357.432861,1381.702881,1353.420898,1376.452637,1355.297974,7430660,4/24/2019,1353,1363.449951,1350,1360.650024,1257.787109,1753395,4/24/2019,68.34999847,68.5,67.5,67.80000305,61.90530396,7350305,,,,,,,
4/22/2019,8.68999958,8.68999958,8.140000343,8.31000042,7.768043995,324000,4/25/2019,1376.056396,1399.137573,1349.805176,1359.513184,1338.618896,14061860,4/25/2019,1366.849976,1380.550049,1352.150024,1355.150024,1252.702759,2886022,4/25/2019,68,69.55000305,67.40000153,67.69999695,61.81398773,6836123,,,,,,,
4/23/2019,8.319999695,8.420000076,8.159999847,8.340000153,7.796087265,223100,4/26/2019,1362.088745,1382.842041,1357.829102,1379.721558,1358.516724,6954749,4/26/2019,1358.199951,1367,1351,1358.199951,1255.522217,1767153,4/26/2019,68.09999847,68.19999695,67.15000153,67.90000153,61.99660492,4838776,,,,,,,
4/24/2019,8.350000381,8.520000458,8.220000267,8.329999924,7.786739349,137200,4/30/2019,1383.287842,1383.287842,1353.965698,1379.721558,1358.516724,10313866,4/30/2019,1365,1366.5,1340,1348.550049,1246.601807,1905624,4/30/2019,67.90000153,68.09999847,66.55000305,67.80000305,61.90530396,5128196,,,,,,,
4/25/2019,8.300000191,8.350000381,8.090000153,8.25,7.711956501,173900,5/2/2019,1378.929077,1400.623535,1369.12207,1391.856567,1370.465088,8764806,5/2/2019,1349.449951,1376.5,1342,1358.75,1256.030762,1985540,5/2/2019,67.55000305,68.19999695,66.25,66.59999847,60.80963135,8983855,,,,,,,
4/26/2019,8.239999771,8.420000076,8.159999847,8.359999657,7.814782619,134000,5/3/2019,1394.72937,1404.189697,1389.479126,1395.62085,1374.171631,6571878,5/3/2019,1362,1373.199951,1360,1363.599976,1260.514038,1239667,5/3/2019,65.59999847,68.15000153,65.40000153,66.94999695,61.12919998,10461436,,,,,,,
4/29/2019,8.369999886,8.779999733,8.289999962,8.670000076,8.10456562,171500,5/6/2019,1384.872803,1389.627686,1365.159668,1371.895752,1350.811157,7306518,5/6/2019,1353.300049,1364.849976,1349.900024,1352.699951,1250.43811,1515052,5/6/2019,66.65000153,67,65.59999847,65.84999847,60.12483215,3484887,,,,,,,
4/30/2019,8.659999847,8.800000191,8.590000153,8.640000343,8.076521873,165600,5/7/2019,1381.702881,1381.901001,1327.615479,1330.884521,1310.430176,8961240,5/7/2019,1357.400024,1374.349976,1350,1366.599976,1263.287231,2596385,5/7/2019,66.5,66.5,64.09999847,64.34999847,58.75525284,6153618,,,,,,,
5/1/2019,8.670000076,9.090000153,8.609999657,8.829999924,8.254130363,282600,5/8/2019,1327.417358,1327.417358,1280.066284,1287.248169,1267.464478,14749036,5/8/2019,1363.900024,1371,1355,1360.349976,1257.509888,1601700,5/8/2019,64,64.80000305,63.20000076,64.5,58.8922081,6615929,,,,,,,
5/2/2019,8.81000042,9.029999733,8.670000076,8.909999847,8.328912735,274800,5/9/2019,1276.69812,1276.69812,1239.996094,1244.651978,1225.522949,19692278,5/9/2019,1357,1368.800049,1337.599976,1356.449951,1253.904785,2464425,5/9/2019,64.09999847,64.94999695,63.90000153,64.40000153,58.80089951,5987301,,,,,,,
5/3/2019,8.930000305,9,8.850000381,8.909999847,8.328912735,229500,5/10/2019,1253.121704,1265.702393,1233.309448,1239.401733,1220.353271,11333250,5/10/2019,1359.650024,1362.5,1345.099976,1355.5,1253.026367,1466154,5/10/2019,64.40000153,65.30000305,63.59999847,63.79999924,58.25307083,5801249,,,,,,,
5/6/2019,8.760000229,9.109999657,8.659999847,9,8.413043976,508200,5/13/2019,1236.182251,1248.96106,1215.973755,1220.481079,1201.723633,8124086,5/13/2019,1345,1355,1312,1317.650024,1218.037842,3422913,5/13/2019,63.79999924,64.30000305,61.75,62.59999847,57.15739441,5045201,,,,,,,
5/7/2019,8.949999809,9.06000042,8.75,8.859999657,8.28217411,220400,5/14/2019,1224.889282,1257.430786,1219.936279,1248.61438,1229.424561,13124240,5/14/2019,1309,1347.650024,1285.300049,1341.800049,1240.362183,3132767,5/14/2019,62,63.90000153,61.5,63.20000076,57.70523453,5023042,,,,,,,
5/8/2019,8.890000343,9.06000042,8.75,8.960000038,8.375652313,306700,5/15/2019,1261.046509,1265.999634,1238.856934,1245.097778,1225.962036,11269622,5/15/2019,1347.5,1355,1320.5,1325.800049,1225.571655,2054728,5/15/2019,63.40000153,63.59999847,61,61.34999847,56.01607513,3881241,,,,,,,
5/9/2019,8.850000381,9.010000229,8.729999542,8.859999657,8.28217411,313400,5/16/2019,1248.119019,1259.956909,1246.286499,1253.468384,1234.203979,6669276,5/16/2019,1326,1348,1308.300049,1337.150024,1236.063599,2058450,5/16/2019,61.59999847,61.90000153,60.84999847,61.34999847,56.01607513,4252067,,,,,,,
5/10/2019,8.789999962,9.090000153,8.779999733,8.850000381,8.272826195,389200,5/17/2019,1255.102905,1264.959473,1240.243774,1255.499146,1236.203369,7973309,5/17/2019,1335,1371.5,1332.550049,1361.900024,1258.942627,2776586,5/17/2019,61.40000153,61.84999847,60.84999847,61.40000153,56.06173325,3714715,,,,,,,
5/13/2019,8.659999847,8.680000305,8.430000305,8.520000458,7.964348316,239200,5/20/2019,1301.265259,1325.139038,1291.260132,1313.449829,1293.26355,12450850,5/20/2019,1400,1455,1400,1451.449951,1341.722778,6210427,5/20/2019,63.40000153,67.90000153,63.25,65.75,60.03352737,12597503,,,,,,,
5/14/2019,8.56000042,8.600000381,8.279999733,8.520000458,7.964348316,1066600,5/21/2019,1319.690674,1354.16394,1317.560791,1327.219238,1306.821411,14003548,5/21/2019,1455,1462.050049,1437.849976,1449.099976,1339.550415,2961180,5/21/2019,66.34999847,66.34999847,63.59999847,64.40000153,58.80089951,5274759,,,,,,,
5/15/2019,9.460000038,9.5,7.369999886,8.159999847,7.627826214,3248700,5/22/2019,1333.014404,1346.932373,1322.563477,1327.813599,1307.406494,11394393,5/22/2019,1450.099976,1473.400024,1441.599976,1461.099976,1350.643188,3304912,5/22/2019,64.5,65.05000305,64.09999847,64.80000305,59.16613007,10055230,,,,,,,
5/16/2019,8.180000305,8.420000076,8.119999886,8.170000076,7.637174129,662900,5/23/2019,1359.116943,1378.929077,1312.558228,1321.374634,1301.066528,17890505,5/23/2019,1476.199951,1562.400024,1466,1476.099976,1364.509155,10485813,5/23/2019,66,67.5,64.30000305,64.59999847,58.98350906,8012364,,,,,,,
5/17/2019,8.140000343,8.430000305,7.960000038,8.010000229,7.48760891,558800,5/24/2019,1335.342285,1341.087769,1304.138062,1324.296997,1303.94397,10277262,5/24/2019,1493,1549.199951,1490.349976,1544.150024,1427.414795,5626500,5/24/2019,65,68,64.80000305,67.69999695,61.81398773,7448138,,,,,,,
5/20/2019,7.929999828,8,7.690000057,7.920000076,7.403478622,543900,5/27/2019,1324.544678,1324.940918,1294.727295,1298.343018,1278.388794,7419387,5/27/2019,1543.699951,1600,1532.099976,1596,1475.345093,6730594,5/27/2019,67.5,71,67.09999847,70.80000305,64.64447021,7770706,,,,,,,
5/21/2019,7.980000019,7.980000019,7.760000229,7.860000134,7.347391605,497400,5/28/2019,1307.407104,1322.266235,1301.0177,1311.319946,1291.166382,19657240,5/28/2019,1596,1607,1563.300049,1574.5,1455.470337,4987068,5/28/2019,71.44999695,71.44999695,69.94999695,70.55000305,64.41620636,10842080,,,,,,,
5/22/2019,7.78000021,7.940000057,7.760000229,7.829999924,7.319347858,396900,5/29/2019,1308.595825,1320.780273,1291.904053,1300.720459,1280.729736,7180252,5/29/2019,1570.199951,1596.949951,1546.199951,1552.449951,1435.08728,3070738,5/29/2019,70.5,70.69999695,68.19999695,68.65000153,62.68139648,4104774,,,,,,,
5/23/2019,7.710000038,7.849999905,7.539999962,7.610000134,7.113696098,269500,5/30/2019,1303.890381,1329.398682,1303.890381,1317.263672,1297.018677,10842653,5/30/2019,1550,1569.349976,1540,1558.599976,1440.772461,2675199,5/30/2019,68,71,67.80000305,70.5,64.37055969,4710748,,,,,,,
5/24/2019,7.619999886,7.739999771,7.460000038,7.650000095,7.151087284,351300,5/31/2019,1325.337158,1329.299561,1307.803345,1317.659912,1297.408813,11871652,5/31/2019,1569.949951,1581.5,1534.800049,1557.550049,1439.802002,3945900,5/31/2019,70.5,70.59999847,68,68.80000305,62.81835938,7040284,,,,,,,
5/28/2019,7.670000076,7.75,7.519999981,7.539999962,7.048261166,343100,6/3/2019,1322.464355,1354.411499,1308.793945,1347.427734,1326.719238,8564026,6/3/2019,1563.699951,1570,1546.400024,1559.400024,1441.511963,2617068,6/3/2019,69,69.25,67.75,68.34999847,62.40747452,4792922,,,,,,,
5/29/2019,7.460000038,7.539999962,7.25,7.309999943,6.833261013,397700,6/4/2019,1344.703613,1361.345825,1335.441406,1338.958008,1318.379639,7126831,6/4/2019,1561,1585,1558,1569.800049,1451.125854,3854101,6/4/2019,67.5,68,66.44999695,66.69999695,62.08171082,4864404,,,,,,,
5/30/2019,7.269999981,7.340000153,7.079999924,7.110000134,6.646304607,361100,6/6/2019,1349.111816,1349.111816,1308.694824,1314.88623,1294.677856,7736969,6/6/2019,1569.650024,1571.800049,1511.599976,1515.900024,1401.300537,3268594,6/6/2019,66.75,66.94999695,64.65000153,65.09999847,61.79693222,4982307,,,,,,,
5/31/2019,7.019999981,7.170000076,6.96999979,7.03000021,6.571522236,518400,6/7/2019,1313.49939,1314.787109,1293.340454,1302.553101,1282.534302,6794394,6/7/2019,1518.550049,1533.699951,1495.5,1513.849976,1399.405396,2572146,6/7/2019,65,66.59999847,64.05000305,66.30000305,62.93605042,4984037,,,,,,,
6/3/2019,6.96999979,7.210000038,6.960000038,7.039999962,6.580869675,428000,6/10/2019,1308.496704,1314.539429,1297.798218,1306.763184,1286.679443,5431146,6/10/2019,1525,1542,1521.300049,1532.099976,1416.275635,1608705,6/10/2019,66.65000153,67.30000305,65.94999695,66.55000305,63.17336655,4586585,,,,,,,
6/4/2019,7.119999886,7.789999962,7.119999886,7.599999905,7.104347706,817700,6/11/2019,1309.437866,1321.968994,1305.624023,1316.669312,1296.433472,5303590,6/11/2019,1540.199951,1540.199951,1522,1524.300049,1409.065674,1745105,6/11/2019,66.5,67.19999695,66.05000305,66.34999847,62.98350906,2979053,,,,,,,
6/5/2019,7.650000095,7.800000191,7.25,7.320000172,6.842608929,597400,6/12/2019,1322.167236,1325.832397,1312.558228,1319.641113,1299.359619,4752340,6/12/2019,1524.099976,1525.900024,1503.699951,1509.25,1395.153198,1495586,6/12/2019,66.55000305,67.75,65.84999847,66.25,62.88858414,4196963,,,,,,,
6/6/2019,7.309999943,7.460000038,7.159999847,7.28000021,6.805217743,357600,6/13/2019,1317.511353,1322.167236,1296.361816,1314.787109,1294.5802,7239164,6/13/2019,1509,1529,1504.599976,1517.550049,1402.825684,1828211,6/13/2019,66.09999847,66.34999847,65.09999847,65.84999847,62.5088768,10026686,,,,,,,
6/7/2019,7.300000191,7.329999924,7.090000153,7.199999809,6.730434895,261700,6/14/2019,1309.487427,1312.558228,1297.104736,1305.178223,1285.119019,6896085,6/14/2019,1521,1539.900024,1513.050049,1526.300049,1410.914307,1854211,6/14/2019,66,66.94999695,64.90000153,65.15000153,61.8443985,7474667,,,,,,,
6/10/2019,7.199999809,7.340000153,7.059999943,7.090000153,6.627608776,328700,6/17/2019,1307.605225,1307.605225,1266.494873,1270.259155,1250.736572,6880158,6/17/2019,1530,1537,1495.25,1498.75,1385.446899,2048759,6/17/2019,65.55000305,65.55000305,63.59999847,64.5,61.22737503,6489309,,,,,,,
6/11/2019,7.119999886,7.199999809,6.980000019,7.130000114,6.665000439,347000,6/18/2019,1266.891113,1275.856201,1257.183105,1268.971436,1249.468628,7751984,6/18/2019,1500,1519.949951,1497.800049,1505.300049,1391.501831,2098714,6/18/2019,64.25,65.09999847,63.90000153,64.30000305,61.03752518,2523540,,,,,,,
6/12/2019,7.130000114,7.28000021,7.110000134,7.25,6.777173996,206800,6/19/2019,1274.81604,1289.77417,1250.744141,1265.355713,1245.908569,6688408,6/19/2019,1513.949951,1530,1497,1505.150024,1391.363037,2140698,6/19/2019,65.19999695,65.34999847,63.20000076,63.5,60.27811432,6911446,,,,,,,
6/13/2019,7.309999943,7.380000114,7.21999979,7.369999886,6.88934803,246200,6/20/2019,1267.980835,1287.792969,1265.999634,1284.573486,1264.830933,4960591,6/20/2019,1509.25,1563,1507.050049,1557.099976,1439.385742,3483179,6/20/2019,63.5,64.84999847,63,64.59999847,61.32229996,3388105,,,,,,,
6/14/2019,7.360000134,7.510000229,7.28000021,7.440000057,6.954782963,224700,6/21/2019,1283.781006,1283.830566,1263.572632,1267.485474,1248.005371,10723794,6/21/2019,1560,1569.949951,1530,1539.75,1423.347534,3028524,6/21/2019,64.59999847,65.5,64.09999847,65.25,61.93931961,7069181,,,,,,,
6/17/2019,7.449999809,7.489999771,7.309999943,7.380000114,6.898695946,185700,6/24/2019,1260.204468,1264.464111,1245.295898,1250.546021,1231.326538,5199824,6/24/2019,1545.5,1563.449951,1537.150024,1541,1424.502808,1941777,6/24/2019,65,65.69999695,64.5,65.05000305,61.74947357,3456625,,,,,,,
6/18/2019,7.409999847,7.840000153,7.360000134,7.800000191,7.291304588,533500,6/25/2019,1247.078979,1285.811768,1242.472656,1283.682007,1263.953247,6907221,6/25/2019,1545.800049,1552,1521.099976,1535,1418.956665,2384122,6/25/2019,65,67.55000305,64.75,66.30000305,62.93605042,8164192,,,,,,,
6/19/2019,7.78000021,7.809999943,7.550000191,7.699999809,7.197825909,224200,6/26/2019,1278.877563,1292.349854,1274.27124,1281.997925,1262.295044,5350180,6/26/2019,1533,1563.75,1529,1551.199951,1433.931763,2789166,6/26/2019,67,69.5,66.69999695,68.55000305,65.07189178,7878180,,,,,,,
6/20/2019,7.769999981,7.849999905,7.639999866,7.650000095,7.151087284,199600,6/27/2019,1281.007324,1284.722168,1259.065308,1262.185791,1242.787354,11493899,6/27/2019,1560,1568.949951,1540.650024,1550.900024,1433.654663,3763146,6/27/2019,68.55000305,69.30000305,68.34999847,68.65000153,65.16680908,3985838,,,,,,,
6/21/2019,7.659999847,7.730000019,7.460000038,7.679999828,7.179130554,262900,6/28/2019,1265.108032,1270.804077,1236.925171,1241.333374,1222.255249,8741806,6/28/2019,1556.199951,1573.900024,1547.650024,1553.199951,1435.780518,3002811,6/28/2019,68.84999847,70.19999695,68.09999847,69,65.49905396,6407062,,,,,,,
6/24/2019,7.650000095,7.650000095,7.210000038,7.239999771,6.76782608,216200,7/1/2019,1246.236938,1260.699829,1234.74585,1256.935547,1237.617798,6220490,7/1/2019,1563.449951,1569,1552.25,1556.650024,1438.969849,1537022,7/1/2019,69.34999847,71,68.15000153,70.69999695,67.11279297,6683580,,,,,,,
6/25/2019,7.239999771,7.28000021,7.070000172,7.179999828,6.711739063,241100,7/2/2019,1261.987671,1268.971436,1251.437622,1266.494873,1247.030151,4682721,7/2/2019,1560,1565.949951,1553,1563.849976,1445.625366,1294135,7/2/2019,71.05000305,73.40000153,70.15000153,73.09999847,69.39102173,20164926,,,,,,,
6/26/2019,7.230000019,7.28000021,7.019999981,7.110000134,6.646304607,169500,7/3/2019,1270.853638,1274.4198,1263.077271,1270.506836,1250.980469,4064194,7/3/2019,1565,1583.900024,1560.199951,1578.050049,1458.751953,2800104,7/3/2019,73.40000153,74.15000153,71.5,73.84999847,70.10296631,13757355,,,,,,,
6/27/2019,7.119999886,7.230000019,6.980000019,7.230000019,6.758478165,221300,7/4/2019,1269.367676,1278.877563,1267.980835,1271.943237,1252.394775,4315672,7/4/2019,1582.949951,1590.599976,1568.25,1571.699951,1452.881958,1981745,7/4/2019,73.5,74.05000305,71.80000305,72.15000153,68.48922729,4570483,,,,,,,
6/28/2019,7.269999981,7.349999905,7.139999866,7.320000172,6.842608929,280500,7/5/2019,1273.032959,1278.382202,1248.168579,1251.487183,1232.253174,5042694,7/5/2019,1581,1591.650024,1545.550049,1558.349976,1440.541382,3693134,7/5/2019,72.15000153,72.5,70.19999695,70.59999847,67.01786804,4542388,,,,,,,
7/1/2019,7.369999886,7.670000076,7.369999886,7.650000095,7.151087284,353500,7/8/2019,1246.187378,1256.192505,1236.47937,1240.293213,1221.231201,6465252,7/8/2019,1549.900024,1551.25,1461.550049,1490.349976,1377.681885,4697122,7/8/2019,70.19999695,70.40000153,67.34999847,68.59999847,65.11934662,5025170,,,,,,,
7/2/2019,7.610000134,7.679999828,7.269999981,7.349999905,6.870652199,180300,7/9/2019,1237.222412,1271.447998,1233.80481,1268.079834,1248.59082,8092747,7/9/2019,1486.599976,1538.400024,1485.349976,1526.599976,1411.191528,4329323,7/9/2019,68.19999695,69.05000305,67.84999847,68.5,65.02442932,4835452,,,,,,,
7/3/2019,7.369999886,7.389999866,7.179999828,7.21999979,6.749130249,133900,7/10/2019,1268.030396,1277.243042,1256.786865,1266.841553,1247.371582,5546395,7/10/2019,1523.800049,1529.599976,1482.699951,1499.550049,1386.186401,2823544,7/10/2019,68.94999695,69.09999847,66.09999847,66.34999847,62.98350906,6342661,,,,,,,
7/5/2019,7.190000057,7.760000229,7.119999886,7.730000019,7.225869656,303300,7/11/2019,1274.915039,1277.688843,1267.287354,1269.516235,1250.005127,3972764,7/11/2019,1512,1512.949951,1490.099976,1495.199951,1382.165283,2156264,7/11/2019,67,67.75,66.65000153,67.40000153,63.98023987,3017441,,,,,,,
7/8/2019,7.670000076,7.699999809,7.460000038,7.519999981,7.029565334,268600,7/12/2019,1270.952637,1287.792969,1266.049072,1268.476074,1248.980835,7242056,7/12/2019,1499,1499,1462,1466.849976,1355.958618,3495971,7/12/2019,67.65000153,69.05000305,67.19999695,68.15000153,64.69218445,5451127,,,,,,,
7/9/2019,7.460000038,7.670000076,7.460000038,7.659999847,7.160434723,150400,7/15/2019,1272.933838,1277.391602,1258.421387,1264.117432,1244.689209,4919356,7/15/2019,1471,1473.949951,1431.900024,1440.599976,1331.693115,3950399,7/15/2019,68.55000305,69.15000153,67,68.55000305,65.07189178,5917414,,,,,,,
7/10/2019,7.650000095,7.690000057,7.360000134,7.440000057,6.954782963,216800,7/16/2019,1267.931274,1282.740845,1265.058472,1280.858765,1261.17334,4647660,7/16/2019,1442,1464,1426.900024,1461.199951,1350.735718,3654380,7/16/2019,68.59999847,69.40000153,67.55000305,67.94999695,64.50231934,4176351,,,,,,,
7/11/2019,7.340000153,7.380000114,6.980000019,7.010000229,6.552826405,374500,7/17/2019,1282.146484,1284.821167,1267.980835,1269.813477,1250.297729,4376049,7/17/2019,1461,1470.550049,1452,1455.449951,1345.420288,2225647,7/17/2019,68.09999847,69.69999695,68,69.05000305,65.54651642,5283091,,,,,,,
7/12/2019,6.980000019,7.230000019,6.840000153,6.96999979,6.515434742,290100,7/18/2019,1269.962036,1274.320679,1246.187378,1250.001221,1230.789917,5511650,7/18/2019,1444.800049,1454.949951,1432,1435.199951,1326.701172,2342881,7/18/2019,69.65000153,70,66.09999847,66.34999847,62.98350906,6841872,,,,,,,
7/15/2019,6.980000019,6.980000019,6.71999979,6.849999905,6.403260708,332900,7/19/2019,1256.291626,1260.996948,1231.031006,1237.271851,1218.256348,7539309,7/19/2019,1446.400024,1446.800049,1402.099976,1411.550049,1304.839355,3199700,7/19/2019,66.34999847,67.30000305,65.19999695,66.55000305,63.17336655,6236877,,,,,,,
7/16/2019,6.809999943,7.059999943,6.809999943,7.039999962,6.580869675,355000,7/22/2019,1239.253174,1272.438599,1215.775635,1268.476074,1248.980835,13426225,7/22/2019,1409.599976,1419,1394,1403.699951,1297.58252,2646126,7/22/2019,66.69999695,67.30000305,65.5,67.09999847,63.69545746,3031714,,,,,,,
7/17/2019,7.010000229,7.010000229,6.550000191,6.570000172,6.141521931,284900,7/23/2019,1272.933838,1281.750244,1248.564819,1261.591431,1242.202026,9375991,7/23/2019,1414.800049,1414.800049,1386.199951,1409.5,1302.944092,4013444,7/23/2019,67.19999695,67.94999695,66.05000305,66.25,62.88858414,4302826,,,,,,,
7/18/2019,6.550000191,6.630000114,6.409999847,6.599999905,6.169565201,241600,7/24/2019,1261.54187,1266.792114,1241.779175,1247.2771,1228.107666,7009804,7/24/2019,1410.25,1420.199951,1376.150024,1387.349976,1299.058105,5434450,7/24/2019,66.40000153,66.59999847,63,63.84999847,60.61035538,12131637,,,,,,,
7/19/2019,6.599999905,6.659999847,6.460000038,6.550000191,6.122826576,117700,7/25/2019,1252.131104,1257.133667,1215.478516,1219.936279,1201.187256,10063036,7/25/2019,1395.099976,1402.900024,1369,1372.400024,1285.059814,4181824,7/25/2019,64,64.30000305,61.25,61.54999924,58.42705154,10579797,,,,,,,
7/22/2019,6.53000021,6.53000021,6.28000021,6.320000172,5.907826424,223400,7/26/2019,1219.936279,1230.832886,1198.638062,1202.402466,1183.922852,9408829,7/26/2019,1370.900024,1397.25,1363.099976,1392.150024,1303.552856,3019850,7/26/2019,61.29999924,63.15000153,60.95000076,62.29999924,59.13899994,5026025,,,,,,,
7/23/2019,6.329999924,6.400000095,6.230000019,6.340000153,5.926521778,215100,7/29/2019,1205.473267,1210.525391,1193.78418,1199.579224,1181.142944,8134417,7/29/2019,1393.449951,1398,1360.5,1371.5,1284.216797,1987927,7/29/2019,62.34999847,63.25,61.15000153,61.40000153,58.28466797,8028637,,,,,,,
7/24/2019,6.340000153,6.389999866,6.119999886,6.179999828,5.776956558,467500,7/30/2019,1202.551025,1208.544189,1164.907837,1169.811401,1151.83252,9623710,7/30/2019,1376,1393.150024,1372.300049,1376.349976,1288.758179,2714475,7/30/2019,61.95000076,61.95000076,58.40000153,58.90000153,55.91151047,8542201,,,,,,,
7/25/2019,6.170000076,6.239999771,6.019999981,6.039999962,5.64608717,427400,7/31/2019,1164.709717,1173.872803,1151.485107,1155.29895,1137.543213,9797618,7/31/2019,1371.650024,1397.949951,1367.099976,1387.300049,1299.011475,2693653,7/31/2019,58.90000153,60.79999924,57.84999847,60.54999924,57.47779083,8823980,,,,,,,
7/26/2019,6.070000172,6.300000191,5.980000019,6.269999981,5.861086845,829600,8/1/2019,1152.475708,1177.042847,1139.548218,1169.16748,1151.198608,10442920,8/1/2019,1380,1386,1339,1358.050049,1271.623047,2774996,8/1/2019,60.29999924,60.84999847,58.5,59.75,56.71837997,6467008,,,,,,,
7/29/2019,6.239999771,6.449999809,6.210000038,6.429999828,6.010652065,320300,8/2/2019,1164.660156,1186.998413,1151.187866,1173.229004,1161.594971,10968377,8/2/2019,1352.599976,1376.900024,1340,1370.25,1283.046387,2776965,8/2/2019,58.90000153,60.45000076,57.75,59.15000153,56.1488266,9264426,,,,,,,
7/30/2019,6.369999886,6.579999924,6.329999924,6.539999962,6.113478184,430500,8/5/2019,1156.04187,1156.04187,1117.408081,1132.613892,1121.382568,14029195,8/5/2019,1355,1358.800049,1325,1345.800049,1260.152588,2287548,8/5/2019,58.5,58.95000076,57.34999847,57.90000153,54.96224976,4471359,,,,,,,
7/31/2019,7,7,5.760000229,6.110000134,5.711522102,1028500,8/6/2019,1124.094727,1138.805298,1111.464478,1117.705322,1106.621704,13414874,8/6/2019,1342.699951,1399.400024,1340.050049,1377.5,1289.834961,4152548,8/6/2019,58.04999924,59.95000076,58.04999924,59.29999924,56.2912178,5274512,,,,,,,
8/1/2019,6.119999886,6.150000095,5.320000172,5.380000114,5.029130459,676800,8/7/2019,1115.922119,1127.859009,1092.741943,1098.982788,1088.084961,11698729,8/7/2019,1380,1389.900024,1352.849976,1360.050049,1273.495728,2247223,8/7/2019,59.40000153,60.20000076,58.65000153,59.04999924,56.05390167,5497938,,,,,,,
8/2/2019,5.400000095,5.630000114,5.329999924,5.409999847,5.057173729,354100,8/8/2019,1097.942627,1147.126343,1085.015137,1141.529419,1130.209717,14398134,8/8/2019,1370,1372,1340.099976,1360.650024,1274.057495,2788577,8/8/2019,59.20000076,59.45000076,57.15000153,57.75,54.81985855,16880937,,,,,,,
8/5/2019,5.25,5.260000229,5.070000172,5.170000076,4.832826138,292000,8/9/2019,1150.940186,1164.462036,1141.479858,1151.187866,1139.772339,10139155,8/9/2019,1372,1392.5,1361.099976,1364.599976,1277.755981,2419380,8/9/2019,58.20000076,59.70000076,56.75,57.5,54.58254242,12338857,,,,,,,
8/6/2019,5.25,5.309999943,5,5.059999943,4.730000019,412700,8/13/2019,1221.570679,1290.566772,1214.487915,1262.780151,1250.258179,48377710,8/13/2019,1370,1370,1307,1313.25,1229.673828,3135817,8/13/2019,58,58,55.40000153,55.75,52.92133713,9698903,,,,,,,
8/7/2019,5.110000134,5.139999866,4.949999809,4.96999979,4.645869255,446100,8/14/2019,1291.755493,1292.201172,1268.327515,1276.15332,1263.498657,14624460,8/14/2019,1320,1340.949951,1316,1333.699951,1248.82251,2798429,8/14/2019,56.29999924,56.40000153,54.70000076,55.5,52.684021,7587853,,,,,,,
8/8/2019,5.050000191,5.090000153,4.940000057,4.96999979,4.645869255,450200,8/16/2019,1279.075684,1279.670044,1261.046509,1265.999634,1253.445557,10142736,8/16/2019,1335,1339.900024,1320.5,1335.25,1250.273926,2654524,8/16/2019,55.59999847,56.34999847,54.04999924,56.09999847,53.25357819,5629413,,,,,,,
8/9/2019,4.980000019,4.980000019,4.760000229,4.760000229,4.449565411,371600,8/19/2019,1269.020996,1284.623047,1267.980835,1280.462524,1267.765137,7530571,8/19/2019,1339,1360.949951,1339,1352.199951,1266.14502,2509331,8/19/2019,56.15000153,58.09999847,56.15000153,57.25,54.3452301,5798705,,,,,,,
8/12/2019,4.769999981,4.829999924,4.670000076,4.760000229,4.449565411,141500,8/20/2019,1277.688843,1280.462524,1260.650269,1263.968872,1251.435059,6908329,8/20/2019,1352.949951,1355.550049,1334,1342.5,1257.0625,2145169,8/20/2019,57.25,57.45000076,54.04999924,56,53.15864944,8336718,,,,,,,
8/13/2019,4.650000095,4.980000019,4.650000095,4.789999962,4.477608681,237300,8/21/2019,1263.671631,1266.643433,1254.607544,1259.015747,1246.531006,4927825,8/21/2019,1341.199951,1341.900024,1302.550049,1310.650024,1227.239624,2361165,8/21/2019,56,56,50.34999847,51.09999847,48.507267,20675582,,,,,,,
8/14/2019,4.679999828,4.679999828,4.510000229,4.53000021,4.234565258,311200,8/22/2019,1259.015747,1259.065308,1227.266724,1235.042969,1222.796021,6475744,8/22/2019,1302,1327.449951,1283.150024,1294.25,1211.883057,3780476,8/22/2019,51.40000153,55.75,50.95000076,53.40000153,50.69057083,20698816,,,,,,,
8/15/2019,4.559999943,4.559999943,4.360000134,4.389999866,4.103695393,294400,8/23/2019,1227.365845,1271.943237,1214.983154,1263.869751,1251.336792,9833599,8/23/2019,1290,1297.449951,1274,1286.5,1204.626221,5252370,8/23/2019,53.45000076,55.79999924,52.20000076,54.5,51.73476028,11745308,,,,,,,
8/16/2019,4.460000038,4.619999886,4.409999847,4.539999962,4.243913174,258300,8/26/2019,1281.849365,1281.849365,1247.177979,1254.904785,1242.460815,8861952,8/26/2019,1310,1343.199951,1276.550049,1333.650024,1248.775635,3759248,8/26/2019,54.84999847,56.45000076,53.84999847,55.95000076,53.1111908,7338648,,,,,,,
8/19/2019,4.630000114,4.739999771,4.539999962,4.610000134,4.309348106,346900,8/27/2019,1272.933838,1272.933838,1249.3573,1262.87915,1250.356079,13107475,8/27/2019,1344.849976,1379.949951,1343.650024,1356.949951,1270.592773,5431422,8/27/2019,56.09999847,56.70000076,55.09999847,55.34999847,52.54162979,11904371,,,,,,,
8/20/2019,4.610000134,4.610000134,4.349999905,4.53000021,4.234565258,311500,8/28/2019,1261.789551,1268.971436,1244.255737,1251.437622,1239.028076,5355931,8/28/2019,1362.099976,1370,1336.099976,1344.650024,1259.075684,2272465,8/28/2019,55.40000153,55.84999847,53.75,55.45000076,52.63655853,7447749,,,,,,,
8/21/2019,4.590000153,4.630000114,4.5,4.519999981,4.225217342,146400,8/29/2019,1244.651978,1248.41626,1223.700562,1230.089966,1217.891968,8717834,8/29/2019,1339.900024,1355,1332.25,1342.449951,1257.015625,2421312,8/29/2019,54.84999847,55.95000076,54.40000153,55.5,52.684021,7509337,,,,,,,
8/22/2019,4.550000191,4.730000019,4.550000191,4.710000038,4.402826309,271200,8/30/2019,1233.80481,1242.621216,1209.53479,1236.826172,1224.561523,11415309,8/30/2019,1344.949951,1356.900024,1302.900024,1328.25,1243.719482,3715119,8/30/2019,55.5,57,55,56.75,53.87059402,8245510,,,,,,,
8/23/2019,4.670000076,4.829999924,4.610000134,4.639999866,4.337391376,444800,9/3/2019,1230.585327,1231.328247,1188.732056,1195.071899,1183.221313,8644177,9/3/2019,1327,1327,1290,1294.400024,1212.023682,3617815,9/3/2019,55.09999847,56.15000153,53.70000076,53.84999847,51.11773682,7278914,,,,,,,
8/26/2019,4.670000076,4.840000153,4.630000114,4.820000172,4.505652428,301000,9/4/2019,1189.276855,1193.932739,1174.912964,1189.871216,1178.072144,15206140,9/4/2019,1296,1314.300049,1292.400024,1308.050049,1224.804932,2786181,9/4/2019,53.90000153,54.59999847,53,54.09999847,51.35505295,7314423,,,,,,,
8/27/2019,4.849999905,4.860000134,4.590000153,4.610000134,4.309348106,324500,9/5/2019,1195.46814,1201.808105,1182.094971,1187.345215,1175.571167,10612413,9/5/2019,1312.849976,1338,1308.650024,1320.300049,1236.275391,2758679,9/5/2019,54.09999847,55.70000076,53.90000153,55.29999924,52.49416733,5761504,,,,,,,
8/28/2019,4.590000153,4.769999981,4.590000153,4.630000114,4.328043461,165900,9/6/2019,1191.703857,1217.459717,1184.026611,1211.020752,1199.011963,10700713,9/6/2019,1328.449951,1334,1320.349976,1328.650024,1244.093872,1694661,9/6/2019,56,59.25,55.20000076,58.20000076,55.24703217,10295942,,,,,,,
8/29/2019,4.699999809,4.730000019,4.550000191,4.630000114,4.328043461,275200,9/9/2019,1209.18811,1221.422119,1201.758545,1210.723511,1198.717651,5421667,9/9/2019,1330,1361.800049,1323.050049,1357,1270.639771,3508361,9/9/2019,58.90000153,61.75,57.75,60.40000153,57.33540344,13876046,,,,,,,
8/30/2019,4.659999847,4.659999847,4.389999866,4.480000019,4.187826157,209200,9/11/2019,1211.020752,1228.356445,1211.020752,1222.80896,1210.68335,5597024,9/11/2019,1364,1383.800049,1356,1363.650024,1276.866455,2545642,9/11/2019,59,61.70000076,59,61.20000076,58.0948143,9565117,,,,,,,
9/3/2019,4.440000057,4.46999979,4.150000095,4.269999981,3.991521835,337600,9/12/2019,1223.40332,1228.802124,1194.37854,1198.984863,1187.095459,5482620,9/12/2019,1370.099976,1379.75,1355.349976,1362.400024,1275.696045,2249695,9/12/2019,62,65.09999847,61.65000153,63.90000153,60.65781784,33622571,,,,,,,
9/4/2019,4.340000153,4.400000095,4.28000021,4.320000172,4.038260937,171400,9/13/2019,1200.619385,1216.964355,1195.567261,1214.091675,1202.05249,5975368,9/13/2019,1362,1366.949951,1344.099976,1363.449951,1276.679199,1771658,9/13/2019,64.25,64.75,62.5,64.30000305,61.03752518,10918356,,,,,,,
9/5/2019,4.349999905,4.639999866,4.309999943,4.599999905,4.300000191,231400,9/16/2019,1177.835327,1207.65271,1174.962524,1199.381104,1187.487793,9482774,9/16/2019,1354,1356.949951,1338.599976,1343.599976,1258.092529,1835805,9/16/2019,63.79999924,64.5,63.20000076,64.40000153,61.13244629,10435287,,,,,,,
9/6/2019,4.610000134,4.670000076,4.539999962,4.590000153,4.290652275,215000,9/17/2019,1199.628662,1199.628662,1182.293091,1186.205933,1174.443237,7218213,9/17/2019,1344,1345,1310.199951,1313.699951,1230.095337,2210178,9/17/2019,64.59999847,64.65000153,63.5,63.95000076,60.7052803,12557507,,,,,,,
9/9/2019,4.599999905,4.820000172,4.599999905,4.800000191,4.486956596,213800,9/18/2019,1193.635498,1204.878906,1185.958252,1194.37854,1182.53479,6891996,9/18/2019,1320.099976,1328.400024,1313.300049,1318,1234.121582,2081625,9/18/2019,64.05000305,64.5,63.04999924,64.05000305,60.80020905,10420154,,,,,,,
9/10/2019,4.800000191,5.090000153,4.800000191,5.050000191,4.72065258,459000,9/19/2019,1196.508301,1198.340942,1161.638794,1167.97876,1156.396851,6353109,9/19/2019,1320,1320.199951,1298,1300.699951,1217.922607,1808736,9/19/2019,64.09999847,65.09999847,63.59999847,64.75,61.46469116,18037975,,,,,,,
9/11/2019,5.050000191,5.130000114,4.920000076,5.119999886,4.786087036,326000,9/20/2019,1176.795166,1257.975708,1163.273315,1242.571655,1230.25,22228398,9/20/2019,1305,1416.449951,1289.099976,1411.5,1321.671387,9975807,9/20/2019,65.15000153,68.5,64.09999847,67.05000305,63.64799881,18160706,,,,,,,
9/12/2019,5.110000134,5.190000057,4.920000076,4.940000057,4.617825985,310300,9/23/2019,1262.185791,1268.971436,1223.40332,1227.563965,1215.391113,9973401,9/23/2019,1452,1551,1451,1528.5,1431.225342,12082820,9/23/2019,67.75,68.84999847,65.65000153,67.19999695,63.79037857,13710399,,,,,,,
9/13/2019,4.960000038,5.099999905,4.849999905,4.889999866,4.571086884,208300,9/24/2019,1231.922607,1286.604248,1231.080566,1266.692993,1254.13208,16133561,9/24/2019,1524,1524,1475.550049,1481.300049,1387.029297,3831602,9/24/2019,67.69999695,67.94999695,65.34999847,66.40000153,63.03097153,7243291,,,,,,,
9/16/2019,4.869999886,4.929999828,4.760000229,4.78000021,4.468261242,238100,9/25/2019,1271.943237,1282.839966,1256.935547,1267.535034,1254.96582,8395729,9/25/2019,1480.900024,1481.699951,1446.650024,1450.099976,1357.814819,2746428,9/25/2019,65.40000153,65.94999695,62.84999847,63.79999924,60.56289291,16576534,,,,,,,
9/17/2019,4.78000021,4.78000021,4.570000172,4.630000114,4.328043461,181700,9/26/2019,1279.868164,1286.604248,1271.447998,1284.623047,1271.884277,8468733,9/26/2019,1456.300049,1495,1456.300049,1489.849976,1395.034912,3560962,9/26/2019,64.09999847,64.25,62.79999924,63.65000153,60.42050171,10135989,,,,,,,
9/18/2019,4.639999866,4.639999866,4.409999847,4.429999828,4.141087055,203000,9/27/2019,1280.363403,1302.6521,1271.943237,1296.758057,1283.898926,8795570,9/27/2019,1484.050049,1491.699951,1462,1472.650024,1378.929688,2167976,9/27/2019,63.70000076,64,61.90000153,62.09999847,58.94914627,5874118,,,,,,,
9/19/2019,4.449999809,4.670000076,4.369999886,4.510000229,4.215869904,185700,9/30/2019,1297.699097,1323.207275,1293.290894,1319.740234,1306.65332,11659226,9/30/2019,1473,1484,1448.199951,1474.25,1380.427856,2961398,9/30/2019,62.5,62.79999924,61,62.5,59.32885361,7001421,,,,,,,
9/20/2019,4.5,4.630000114,4.300000191,4.320000172,4.038260937,185900,10/1/2019,1324.445557,1329.398682,1281.155884,1292.646973,1279.828613,8270254,10/1/2019,1480,1496.449951,1439.150024,1464.050049,1370.877075,2578275,10/1/2019,62.5,62.84999847,58.75,59.34999847,56.33867645,9081992,,,,,,,
9/23/2019,4.320000172,4.369999886,4.170000076,4.309999943,4.028913021,195000,10/3/2019,1273.924438,1302.35498,1269.268555,1298.739258,1285.860718,6241716,10/3/2019,1445.449951,1475.5,1422.25,1458.050049,1365.258789,1966976,10/3/2019,58.95000076,59.75,58.59999847,59.34999847,56.33867645,5139225,,,,,,,
9/24/2019,4.380000114,4.380000114,4.199999809,4.289999962,4.01021719,166400,10/4/2019,1307.506104,1316.124512,1291.606812,1295.816895,1282.967163,6918922,10/4/2019,1463.800049,1474,1420.099976,1424.900024,1334.218506,3266487,10/4/2019,59.79999924,59.95000076,57.79999924,58,55.05717468,4218735,,,,,,,
9/25/2019,4.300000191,4.380000114,4.25,4.269999981,3.991521835,115800,10/7/2019,1295.816895,1308.397705,1289.477051,1297.798218,1284.928955,4643419,10/7/2019,1420,1429,1381.050049,1397.849976,1308.889893,2192329,10/7/2019,58.25,59,56.75,58.20000076,55.24703217,8486582,,,,,,,
9/26/2019,4.230000019,4.269999981,4.070000172,4.25,3.972826242,279500,10/9/2019,1296.411377,1317.461792,1280.363403,1312.310547,1299.297241,8117158,10/9/2019,1401,1433.400024,1399.099976,1426.25,1335.482666,1818865,10/9/2019,58.5,61.75,58.04999924,61.45000076,58.33213043,12749464,,,,,,,
9/27/2019,4.300000191,4.46999979,4.239999771,4.360000134,4.075652599,185200,10/10/2019,1312.558228,1356.145142,1308.595825,1349.953735,1336.567139,16155443,10/10/2019,1423,1432,1407.050049,1425.099976,1334.40564,1626821,10/10/2019,61.09999847,62.09999847,60.40000153,61.59999847,58.47451401,7059183,,,,,,,
9/30/2019,4.360000134,4.5,4.360000134,4.420000076,4.13173914,190000,10/11/2019,1350.894897,1352.776978,1323.999756,1339.899048,1326.612183,7659571,10/11/2019,1431,1450,1420.199951,1427.699951,1336.840332,2024214,10/11/2019,62,62,60.70000076,61.09999847,57.99988556,6976429,,,,,,,
10/1/2019,4.449999809,4.630000114,4.389999866,4.440000057,4.150434971,239400,10/14/2019,1352.133179,1352.133179,1338.165527,1345.248413,1331.908447,6181455,10/14/2019,1435,1439.900024,1418.349976,1423.949951,1333.328857,2220364,10/14/2019,60.75,61.59999847,59.54999924,59.79999924,56.76584625,4814837,,,,,,,
10/2/2019,4.349999905,4.46999979,4.309999943,4.460000038,4.169130325,239900,10/15/2019,1349.706177,1357.135742,1341.58313,1351.340698,1337.94043,4463991,10/15/2019,1429.099976,1444.800049,1420.650024,1432.25,1341.10083,1797471,10/15/2019,60,60.29999924,59.15000153,59.75,56.71837997,4933745,,,,,,,
10/3/2019,4.389999866,4.559999943,4.369999886,4.53000021,4.234565258,133700,10/16/2019,1357.036621,1366.695068,1350.894897,1359.463623,1345.982788,8954786,10/16/2019,1440,1441.800049,1416.25,1424.199951,1333.562866,2446615,10/16/2019,60,60.04999924,57.79999924,58.09999847,55.15209961,7716452,,,,,,,
10/4/2019,4.460000038,4.550000191,4.389999866,4.420000076,4.13173914,141600,10/17/2019,1362.088745,1385.863403,1359.116943,1383.386841,1369.668823,7401968,10/17/2019,1428,1438.599976,1420.199951,1424.349976,1333.703491,2304434,10/17/2019,58.15000153,60.20000076,57.59999847,59.84999847,56.81330872,11906599,,,,,,,
10/7/2019,4.400000095,4.480000019,4.380000114,4.400000095,4.113043785,174600,10/18/2019,1390.816406,1414.492065,1385.566162,1403.050537,1389.137451,12978275,10/18/2019,1428,1457,1425.400024,1447.800049,1355.661133,3516394,10/18/2019,60,60.5,59.20000076,59.95000076,56.90823364,10786215,,,,,,,
10/8/2019,4.309999943,4.369999886,4.199999809,4.210000038,3.935434818,180300,10/22/2019,1411.619263,1423.358032,1390.172607,1400.871094,1386.979736,12823466,10/22/2019,1448.5,1467.800049,1439.150024,1442.550049,1350.745361,2858390,10/22/2019,59.84999847,60.70000076,58.84999847,59.20000076,56.19628906,8748155,,,,,,,
10/9/2019,4.25,4.380000114,4.210000038,4.340000153,4.056956768,285300,10/23/2019,1403.000977,1412.560303,1370.162231,1379.325317,1365.647583,8512900,10/23/2019,1445,1448.900024,1418.599976,1431.800049,1340.679321,2410781,10/23/2019,59.54999924,62.25,59.25,61.09999847,57.99988556,9254939,,,,,,,
10/10/2019,4.300000191,4.429999828,4.239999771,4.25,3.972826242,281600,10/24/2019,1387.844604,1427.865234,1373.530273,1422.961792,1408.851318,10449504,10/24/2019,1460,1467,1426.349976,1432.25,1341.10083,3646005,10/24/2019,61.5,61.5,58.5,59.15000153,56.1488266,5162218,,,,,,,
10/11/2019,4.360000134,4.570000172,4.349999905,4.489999771,4.197173595,170300,10/25/2019,1427.568115,1427.914795,1397.998413,1417.760986,1403.702026,6248688,10/25/2019,1439.949951,1441.699951,1420.099976,1425,1334.312012,2013793,10/25/2019,59.65000153,59.65000153,57.25,57.59999847,54.67747116,4657499,,,,,,,
10/14/2019,4.409999847,4.550000191,4.389999866,4.480000019,4.187826157,121400,10/27/2019,1427.468994,1431.431519,1416.572266,1420.782349,1406.693481,1391348,10/27/2019,1436.699951,1438.949951,1428.849976,1434.400024,1343.113892,398258,10/27/2019,58.45000076,58.59999847,57.65000153,58.15000153,55.19956589,674171,,,,,,,
10/15/2019,4.480000019,4.619999886,4.409999847,4.559999943,4.262608528,179100,10/29/2019,1431.926758,1466.102783,1428.558716,1453.274414,1438.863281,11892161,10/29/2019,1435.5,1464.800049,1431,1461.099976,1368.114624,3351491,10/29/2019,58.5,59.29999924,57.90000153,58.45000076,55.48434448,14361888,,,,,,,
10/16/2019,4.559999943,4.630000114,4.5,4.550000191,4.253261089,202300,10/30/2019,1466.102783,1470.610107,1446.587769,1465.211304,1450.681885,7541537,10/30/2019,1469.949951,1491.949951,1465,1474.25,1380.427856,3722066,10/30/2019,58.70000076,59,58.25,58.59999847,55.62673187,4477801,,,,,,,
10/17/2019,4.739999771,4.75,4.590000153,4.679999828,4.374782562,233500,10/31/2019,1470.065308,1475.662231,1447.974609,1450.599731,1436.215088,8982513,10/31/2019,1481,1486.5,1467.25,1473.050049,1379.304199,2210277,10/31/2019,58.90000153,59.70000076,58.40000153,59.29999924,56.2912178,8154223,,,,,,,
10/18/2019,4.630000114,4.730000019,4.630000114,4.699999809,4.393478394,170900,11/1/2019,1441.337524,1448.07373,1427.468994,1443.219727,1428.908447,6416833,11/1/2019,1476.699951,1481.050049,1445,1449.400024,1357.159302,2287220,11/1/2019,59.59999847,60.29999924,59.15000153,59.5,56.48106766,6997405,,,,,,,
10/21/2019,4.710000038,4.889999866,4.650000095,4.860000134,4.543043613,237000,11/4/2019,1452.135254,1457.187378,1431.530518,1443.962646,1429.643799,6490272,11/4/2019,1457.800049,1468,1450,1452.199951,1359.781128,1459894,11/4/2019,59.75,60.79999924,59.20000076,59.70000076,56.67092133,9648773,,,,,,,
10/22/2019,4.849999905,4.869999886,4.639999866,4.820000172,4.505652428,222300,11/5/2019,1449.36145,1455.156616,1427.468994,1433.709839,1419.492798,5854289,11/5/2019,1455,1459.599976,1432,1439.800049,1348.170166,2401916,11/5/2019,60.09999847,60.15000153,58.45000076,58.70000076,55.72166061,5308306,,,,,,,
10/23/2019,4.820000172,5.019999981,4.800000191,4.989999771,4.664565086,221000,11/6/2019,1429.153076,1432.867798,1415.086426,1421.42627,1407.331055,6749668,11/6/2019,1440,1466.949951,1437.75,1453.050049,1360.577148,2434431,11/6/2019,58.70000076,59.25,57.90000153,58.90000153,55.91151047,8233444,,,,,,,
10/24/2019,5,5,4.840000153,4.909999847,4.589782715,221400,11/7/2019,1421.525391,1449.262451,1418.751709,1444.903809,1430.575684,6499781,11/7/2019,1459.949951,1459.949951,1431,1435.050049,1343.722534,1999085,11/7/2019,59.40000153,59.40000153,57.5,58.75,55.76912308,9181608,,,,,,,
10/25/2019,4.869999886,5.03000021,4.820000172,4.949999809,4.627173901,181600,11/8/2019,1435.393921,1445.943848,1427.766235,1431.926758,1417.727295,5546929,11/8/2019,1429.949951,1448,1420,1423,1332.439331,2217408,11/8/2019,59.54999924,60.34999847,58.65000153,59.54999924,56.52853012,25224076,,,,,,,
10/28/2019,4.96999979,5.150000095,4.889999866,4.920000076,4.59913063,198000,11/11/2019,1425.586914,1430.688477,1409.192261,1414.392944,1400.367554,5241641,11/11/2019,1419.199951,1430.75,1408.050049,1417,1326.821167,2097492,11/11/2019,60.79999924,60.79999924,56.59999847,57.5,54.58254242,24360351,,,,,,,
10/29/2019,4.900000095,5.139999866,4.800000191,5.050000191,4.72065258,559600,11/13/2019,1416.572266,1462.04126,1416.572266,1458.475098,1444.012451,11641679,11/13/2019,1418.449951,1419.849976,1389.050049,1393,1304.348633,2929404,11/13/2019,57.84999847,57.95000076,55.04999924,55.40000153,52.58909607,10060059,,,,,,,
10/30/2019,4.75,4.869999886,3.940000057,3.970000029,3.711086988,1667100,11/14/2019,1462.140381,1467.687744,1442.130005,1449.014771,1434.645996,6580126,11/14/2019,1397,1405.949951,1376.949951,1380.449951,1292.597168,3000518,11/14/2019,55.29999924,55.95000076,54.34999847,54.65000153,51.87715149,6076033,,,,,,,
10/31/2019,3.950000048,4.320000172,3.890000105,4.21999979,3.944782495,554500,11/15/2019,1451.887573,1472.838989,1449.411011,1457.038696,1442.590332,7241673,11/15/2019,1383.599976,1392.699951,1366.199951,1377.650024,1289.975464,3409434,11/15/2019,55,55.45000076,54.20000076,54.5,51.73476028,5676494,,,,,,,
11/1/2019,4.230000019,4.389999866,4.179999828,4.260000229,3.982174158,219700,11/18/2019,1458.821777,1472.046509,1441.733765,1445.498169,1431.164185,6496095,11/18/2019,1388,1393.800049,1361.25,1364.5,1277.662354,2733161,11/18/2019,54.5,56.59999847,54.5,55.95000076,53.1111908,7099868,,,,,,,
11/4/2019,4.320000172,4.400000095,4.079999924,4.099999905,3.8326087,387200,11/19/2019,1453.224854,1500.675049,1451.243652,1495.573486,1480.74292,13926337,11/19/2019,1364.5,1378.199951,1361.5,1365.75,1278.832886,2396206,11/19/2019,56,56.29999924,55.34999847,55.75,52.92133713,3922027,,,,,,,
11/5/2019,4.130000114,4.389999866,4.03000021,4.050000191,3.785869837,323100,11/20/2019,1540.44812,1557.635132,1528.709351,1533.117554,1517.914673,20092835,11/20/2019,1372,1393.349976,1365.349976,1380.800049,1292.925049,3914075,11/20/2019,55.65000153,55.84999847,55.09999847,55.40000153,52.58909607,4758920,,,,,,,
11/6/2019,4.03000021,4.059999943,3.849999905,4.019999981,3.75782609,465700,11/21/2019,1530.492432,1541.38916,1514.196899,1523.161987,1508.057739,6875134,11/21/2019,1405,1417.900024,1385,1392.699951,1304.067627,5719318,11/21/2019,55.34999847,56.20000076,54.54999924,54.84999847,52.06700134,7025549,,,,,,,
11/7/2019,4.050000191,4.139999866,3.950000048,3.960000038,3.701739311,309300,11/22/2019,1527.619751,1554.762451,1523.161987,1531.978394,1516.786865,10315843,11/22/2019,1393.75,1398.949951,1371,1378.650024,1290.911743,2363205,11/22/2019,55.20000076,55.75,54.70000076,55.15000153,52.35177994,8206981,,,,,,,
11/8/2019,3.960000038,3.960000038,3.829999924,3.940000057,3.68304348,373500,11/25/2019,1536.584717,1550.106567,1536.436157,1546.887085,1531.547729,6989948,11/25/2019,1378.5,1389,1371.099976,1380.849976,1292.971802,2956576,11/25/2019,55.15000153,56.09999847,55.15000153,55.95000076,53.1111908,5254263,,,,,,,
11/11/2019,3.940000057,3.99000001,3.680000067,3.849999905,3.598912954,419400,11/26/2019,1553.37561,1561.548096,1541.38916,1545.599243,1530.272705,16305243,11/26/2019,1379.349976,1380,1359.550049,1363,1276.257935,4853977,11/26/2019,56.25,57.09999847,55.40000153,56.65000153,53.77567673,13251685,,,,,,,
11/12/2019,3.829999924,3.849999905,3.650000095,3.660000086,3.421304464,282600,11/27/2019,1545.302124,1560.706055,1541.488281,1555.109131,1539.68811,4450122,11/27/2019,1365,1370,1314.150024,1335.5,1250.507935,7904745,11/27/2019,57,57.5,56.54999924,56.79999924,53.9180603,6969108,,,,,,,
11/13/2019,3.720000029,3.799999952,3.579999924,3.779999971,3.53347826,425000,11/28/2019,1557.882813,1569.274902,1549.264526,1565.460938,1549.937378,6344459,11/28/2019,1344,1354,1327.199951,1349.900024,1263.991577,4503913,11/28/2019,56.59999847,56.79999924,55.70000076,56.45000076,53.58581924,12572613,,,,,,,
11/14/2019,3.789999962,3.849999905,3.75,3.809999943,3.561521769,319400,11/29/2019,1567.095459,1567.095459,1533.315674,1536.584717,1521.347534,8565249,11/29/2019,1350,1350.199951,1328,1330.550049,1245.873047,2515083,11/29/2019,56.79999924,58.95000076,56.54999924,57.34999847,54.44015121,13401893,,,,,,,
11/15/2019,3.839999914,3.839999914,3.680000067,3.779999971,3.53347826,282700,12/2/2019,1584.975952,1599.290283,1562.192017,1571.602783,1556.018433,14410500,12/2/2019,1330.550049,1342.900024,1320.349976,1333.349976,1248.494873,3044008,12/2/2019,57.34999847,57.40000153,55.54999924,56.34999847,53.49089432,12052254,,,,,,,
11/18/2019,3.769999981,3.839999914,3.720000029,3.809999943,3.561521769,142300,12/3/2019,1577.794067,1579.032349,1557.833252,1564.074097,1548.564331,5995079,12/3/2019,1333.449951,1333.449951,1310,1313.199951,1229.627197,3068849,12/3/2019,56.5,56.5,55,55.45000076,52.63655853,5536309,,,,,,,
11/19/2019,3.799999952,3.809999943,3.569999933,3.74000001,3.496087074,435600,12/4/2019,1558.229492,1562.687256,1519.348145,1538.120117,1522.867676,9685777,12/4/2019,1310,1312,1282.150024,1285.099976,1203.31543,10230371,12/4/2019,55,56.15000153,54.90000153,55.84999847,53.01626205,3605231,,,,,,,
11/20/2019,3.700000048,3.75999999,3.619999886,3.730000019,3.486739159,269300,12/5/2019,1559.220093,1564.916138,1529.501831,1536.287476,1521.053223,9203442,12/5/2019,1294,1313,1285.150024,1302.199951,1219.327271,6644324,12/5/2019,56.15000153,56.15000153,55.25,55.79999924,52.96879959,7119298,,,,,,,
11/21/2019,3.720000029,3.819999933,3.680000067,3.779999971,3.53347826,250400,12/6/2019,1538.417358,1553.276489,1526.629028,1540.299561,1525.025513,6038833,12/6/2019,1308.849976,1309,1283.099976,1290.800049,1208.652832,3302384,12/6/2019,57.34999847,57.34999847,53.20000076,53.5,50.78549576,14587403,,,,,,,
11/22/2019,3.710000038,3.829999924,3.710000038,3.779999971,3.53347826,249400,12/9/2019,1541.53772,1562.588257,1531.978394,1557.833252,1542.385376,5834593,12/9/2019,1294,1298.900024,1271.800049,1276,1194.794556,3038475,12/9/2019,53.5,54.65000153,52.25,52.45000076,49.78877258,8338162,,,,,,,
11/25/2019,3.799999952,4.039999962,3.799999952,4.039999962,3.776521683,288000,12/10/2019,1557.288452,1558.823853,1539.556519,1547.283325,1531.939941,4694991,12/10/2019,1277,1284,1267.150024,1279,1197.603638,2759100,12/10/2019,52.70000076,53.75,51.04999924,51.40000153,48.79204941,18892627,,,,,,,
11/26/2019,4.050000191,4.090000153,3.940000057,3.960000038,3.701739311,444600,12/11/2019,1540.99292,1559.715454,1536.039917,1547.729126,1532.38147,5706279,12/11/2019,1282.949951,1288.75,1255,1264.300049,1183.839233,3949135,12/11/2019,51.15000153,53.09999847,51.15000153,52.79999924,50.12101364,7113895,,,,,,,
11/27/2019,3.99000001,4.119999886,3.970000029,4.079999924,3.813913107,220800,12/12/2019,1555.505371,1559.071533,1542.033081,1553.474609,1538.069824,4765727,12/12/2019,1270,1282.849976,1268.199951,1279.699951,1198.259155,3264836,12/12/2019,52.70000076,53.75,52.54999924,53.34999847,50.64310837,5730574,,,,,,,
11/29/2019,4.079999924,4.210000038,4.059999943,4.159999847,3.888695478,114700,12/13/2019,1565.163818,1575.069946,1557.635132,1568.036621,1552.487549,5846419,12/13/2019,1287.949951,1308,1285.300049,1305.300049,1222.22998,3655956,12/13/2019,53.59999847,54.59999847,52.90000153,54,51.26012802,13996578,,,,,,,
12/2/2019,4.190000057,4.190000057,3.970000029,3.980000019,3.720434904,178100,12/16/2019,1577.051147,1578.93335,1549.660767,1551.889648,1536.500732,5488487,12/16/2019,1314.449951,1318,1300,1303,1220.076294,3969819,12/16/2019,54.15000153,55.54999924,54.04999924,55,52.20939255,13368024,,,,,,,
12/3/2019,3.930000067,4.019999981,3.839999914,4,3.739130497,264800,12/17/2019,1552.038208,1564.173218,1540.943359,1548.026245,1532.675537,9379800,12/17/2019,1309.199951,1325,1303.800049,1317.949951,1234.074829,3719446,12/17/2019,55,56.20000076,54.65000153,56.04999924,53.20611572,7255855,,,,,,,
12/4/2019,4.019999981,4.050000191,3.930000067,3.980000019,3.720434904,127800,12/18/2019,1548.323486,1565.163818,1547.332886,1561.052734,1545.572876,6803466,12/18/2019,1324.75,1325.949951,1314.599976,1319.349976,1235.385864,2961222,12/18/2019,56.25,56.25,54.79999924,55.5,52.684021,5634510,,,,,,,
12/5/2019,3.99000001,4.059999943,3.859999895,3.930000067,3.673695803,164800,12/19/2019,1558.922974,1599.736084,1557.040771,1594.832642,1579.017822,9464354,12/19/2019,1316.75,1321,1307.099976,1311.75,1228.269409,1936623,12/19/2019,54.95000076,56.04999924,54.54999924,55.70000076,52.87387466,6911871,,,,,,,
12/6/2019,3.970000029,4.070000172,3.920000076,4.059999943,3.795217514,156700,12/20/2019,1599.835205,1602.361206,1581.112671,1584.084473,1568.376221,9816798,12/20/2019,1313,1327.900024,1307.300049,1311.550049,1228.082153,3297390,12/20/2019,55.65000153,56.09999847,55.25,55.45000076,52.63655853,5836678,,,,,,,
12/9/2019,4,4.059999943,3.930000067,3.99000001,3.729782581,166200,12/23/2019,1545.450684,1562.736816,1543.172241,1556.644531,1541.208374,11587233,12/23/2019,1307.900024,1322,1305,1311.25,1227.801392,3394916,12/23/2019,55,56,55,55.75,52.92133713,6340544,,,,,,,
12/10/2019,3.950000048,4.010000229,3.900000095,4,3.739130497,143100,12/24/2019,1554.168091,1557.288452,1528.015991,1531.928833,1516.737793,8329356,12/24/2019,1314.650024,1319,1298,1301,1218.203491,1803814,12/24/2019,56.45000076,56.65000153,55.75,56.09999847,53.25357819,7649247,,,,,,,
12/11/2019,4,4.159999847,3.960000038,4.150000095,3.87934804,229300,12/26/2019,1527.17395,1538.367798,1495.969727,1501.17041,1486.284302,13734705,12/26/2019,1299.650024,1306.699951,1277,1279.300049,1197.884644,3723801,12/26/2019,56,56.54999924,55,55.15000153,52.35177994,4026238,,,,,,,
12/12/2019,4.139999866,4.190000057,4.059999943,4.159999847,3.888695478,196600,12/27/2019,1512.661499,1531.681152,1507.015015,1527.86731,1512.716553,8158196,12/27/2019,1281.550049,1301.849976,1280.150024,1299.599976,1216.892578,2459664,12/27/2019,55.29999924,56.29999924,55.29999924,56.09999847,53.25357819,2983035,,,,,,,
12/13/2019,4.130000114,4.159999847,4.010000229,4.050000191,3.785869837,123900,12/30/2019,1531.433594,1533.117554,1513.70166,1529.699951,1514.531006,7902607,12/30/2019,1301.900024,1307.199951,1296.5,1302.300049,1219.421021,2072838,12/30/2019,55.90000153,56.70000076,55.70000076,56.45000076,53.58581924,3198070,,,,,,,
12/16/2019,4.010000229,4.070000172,3.950000048,4,3.739130497,205800,,,,,,,,,,,,,,,,,,,,,,,,,,,,
12/17/2019,3.99000001,4.099999905,3.940000057,4.090000153,3.823261023,291400,,,,,,,,,,,,,,,,,,,,,,,,,,,,
12/18/2019,4.099999905,4.230000019,4.050000191,4.070000172,3.80456543,273700,,,,,,,,,,,,,,,,,,,,,,,,,,,,
12/19/2019,4.090000153,4.139999866,4.03000021,4.130000114,3.860652447,125400,,,,,,,,,,,,,,,,,,,,,,,,,,,,
12/20/2019,4.139999866,4.170000076,4.079999924,4.170000076,3.898043633,351300,,,,,,,,,,,,,,,,,,,,,,,,,,,,
12/23/2019,4.179999828,4.429999828,4.110000134,4.369999886,4.085000038,238800,,,,,,,,,,,,,,,,,,,,,,,,,,,,
12/24/2019,4.369999886,4.630000114,4.369999886,4.53000021,4.234565258,183100,,,,,,,,,,,,,,,,,,,,,,,,,,,,
12/26/2019,4.519999981,4.650000095,4.480000019,4.53000021,4.234565258,162800,,,,,,,,,,,,,,,,,,,,,,,,,,,,
12/27/2019,4.519999981,4.550000191,4.289999962,4.320000172,4.038260937,196000,,,,,,,,,,,,,,,,,,,,,,,,,,,,
12/30/2019,4.269999981,4.340000153,4.159999847,4.230000019,3.954130411,159700,,,,,,,,,,,,,,,,,,,,,,,,,,,,
