,_id,CH_SYMBOL,CH_SERIES,CH_MARKET_TYPE,CH_TRADE_HIGH_PRICE,CH_TRADE_LOW_PRICE,CH_OPENING_PRICE,CH_CLOSING_PRICE,CH_LAST_TRADED_PRICE,CH_PREVIOUS_CLS_PRICE,CH_TOT_TRADED_QTY,CH_TOT_TRADED_VAL,CH_52WEEK_HIGH_PRICE,CH_52WEEK_LOW_PRICE,CH_TOTAL_TRADES,CH_ISIN,CH_TIMESTAMP,TIMESTAMP,createdAt,updatedAt,__v,VWAP,mTIMESTAMP,symChange,CA
0,616eb3802137b10008e73150,DELTAMAGNT,EQ,N,71.45,65.45,70.45,68.65,67.4,68.35,36198,2476358.7,74.2,17.15,781,INE393A01011,2021-10-19,2021-10-18T18:30:00.000Z,2021-10-19T12:01:04.136Z,2021-10-19T12:01:04.136Z,0,68.41,19-Oct-2021,,
1,61700beeffea140009a3a090,DELTAMAGNT,EQ,N,72.05,65.25,67.0,72.0,72.05,68.65,40837,2818969.05,74.2,17.15,696,INE393A01011,2021-10-20,2021-10-19T18:30:00.000Z,2021-10-20T12:30:38.184Z,2021-10-20T12:30:38.184Z,0,69.03,20-Oct-2021,,
2,61715663facf5c0008bb19b0,DELTAMAGNT,EQ,N,74.85,69.1,72.95,71.7,74.25,72.0,19046,1368260.8,74.85,17.15,381,INE393A01011,2021-10-21,2021-10-20T18:30:00.000Z,2021-10-21T12:00:35.697Z,2021-10-21T12:00:35.697Z,0,71.84,21-Oct-2021,,
3,6172a8062dc18f00080fe8f0,DELTAMAGNT,EQ,N,74.0,69.5,73.15,72.1,71.85,71.7,14680,1056091.1,74.85,17.15,270,INE393A01011,2021-10-22,2021-10-21T18:30:00.000Z,2021-10-22T12:01:10.170Z,2021-10-22T12:01:10.170Z,0,71.94,22-Oct-2021,,
4,61769c5edb443b0008c8e89a,DELTAMAGNT,EQ,N,74.9,68.5,74.9,69.75,70.1,72.1,7610,537243.55,74.9,17.4,242,INE393A01011,2021-10-25,2021-10-24T18:30:00.000Z,2021-10-25T12:00:30.214Z,2021-10-25T12:00:30.214Z,0,70.6,25-Oct-2021,,
5,6177ee012ed3fb00087dee98,DELTAMAGNT,EQ,N,71.0,66.3,66.3,66.7,66.55,69.75,7086,474917.15,74.9,17.4,228,INE393A01011,2021-10-26,2021-10-25T18:30:00.000Z,2021-10-26T12:01:05.115Z,2021-10-26T12:01:05.115Z,0,67.02,26-Oct-2021,,
6,61793f887220a800093c6ebd,DELTAMAGNT,EQ,N,69.5,64.5,69.5,64.6,66.0,66.7,5017,329896.6,74.9,17.4,132,INE393A01011,2021-10-27,2021-10-26T18:30:00.000Z,2021-10-27T12:01:12.362Z,2021-10-27T12:01:12.362Z,0,65.76,27-Oct-2021,,
7,617a90e5b698860008b70b4a,DELTAMAGNT,EQ,N,66.8,62.05,63.0,62.85,62.05,64.6,3952,252791.65,74.9,17.4,144,INE393A01011,2021-10-28,2021-10-27T18:30:00.000Z,2021-10-28T12:00:37.466Z,2021-10-28T12:00:37.466Z,0,63.97,28-Oct-2021,,
8,6139f7699241480008a1aa1b,DELTAMAGNT,EQ,N,55.45,52.95,53.15,54.2,54.3,53.95,3991,214181.8,59.6,17.0,137,INE393A01011,2021-09-09,2021-09-08T18:30:00.000Z,2021-09-09T12:00:41.223Z,2021-09-09T12:00:41.223Z,0,53.67,09-Sep-2021,,
9,613f3d5d66f15f0008394816,DELTAMAGNT,EQ,N,55.3,52.25,55.3,52.35,52.25,54.2,4456,237948.55,59.6,17.0,202,INE393A01011,2021-09-13,2021-09-12T18:30:00.000Z,2021-09-13T12:00:29.552Z,2021-09-13T12:00:29.552Z,0,53.4,13-Sep-2021,,
10,61408f028b051b0009545256,DELTAMAGNT,EQ,N,54.4,51.9,54.25,53.45,53.55,52.35,6176,329968.4,59.6,17.0,254,INE393A01011,2021-09-14,2021-09-13T18:30:00.000Z,2021-09-14T12:01:06.477Z,2021-09-14T12:01:06.477Z,0,53.43,14-Sep-2021,,
11,6141e06552f3510008866f41,DELTAMAGNT,EQ,N,56.1,51.0,54.0,55.95,56.1,53.45,22064,1208151.1,59.6,17.0,729,INE393A01011,2021-09-15,2021-09-14T18:30:00.000Z,2021-09-15T12:00:37.187Z,2021-09-15T12:00:37.187Z,0,54.76,15-Sep-2021,,
12,614331dd4189570008859bfa,DELTAMAGNT,EQ,N,58.7,54.0,57.4,56.15,56.8,55.95,23648,1330541.15,59.6,17.0,448,INE393A01011,2021-09-16,2021-09-15T18:30:00.000Z,2021-09-16T12:00:29.643Z,2021-09-16T12:00:29.643Z,0,56.26,16-Sep-2021,,
13,614483807f66a4000875557f,DELTAMAGNT,EQ,N,58.5,55.05,58.2,56.35,57.0,56.15,18525,1062885.75,59.6,17.0,424,INE393A01011,2021-09-17,2021-09-16T18:30:00.000Z,2021-09-17T12:01:04.356Z,2021-09-17T12:01:04.356Z,0,57.38,17-Sep-2021,,"[{'symbol': 'DELTAMAGNT', 'series': 'EQ', 'ind': '-', 'faceVal': '10', 'subject': ' Annual General Meeting', 'exDate': '17-Sep-2021', 'recDate': '-', 'bcStartDate': '21-Sep-2021', 'bcEndDate': '28-Sep-2021', 'ndStartDate': '-', 'comp': 'Delta Manufacturing Limited', 'isin': 'INE393A01011', 'ndEndDate': '-', 'caBroadcastDate': None}]"
14,614877e5e0fcf60008e51554,DELTAMAGNT,EQ,N,57.55,54.0,57.55,54.3,54.0,56.35,6665,369797.95,59.6,17.0,211,INE393A01011,2021-09-20,2021-09-19T18:30:00.000Z,2021-09-20T12:00:37.090Z,2021-09-20T12:00:37.090Z,0,55.48,20-Sep-2021,,
15,6149c980bf6def0009839f1a,DELTAMAGNT,EQ,N,55.5,51.6,54.0,51.85,51.7,54.3,9035,470992.2,59.6,17.0,176,INE393A01011,2021-09-21,2021-09-20T18:30:00.000Z,2021-09-21T12:01:04.352Z,2021-09-21T12:01:04.352Z,0,52.13,21-Sep-2021,,
16,614b1b01f6172a0008df4749,DELTAMAGNT,EQ,N,54.4,51.25,51.35,54.4,54.4,51.85,7564,402232.9,59.6,17.0,281,INE393A01011,2021-09-22,2021-09-21T18:30:00.000Z,2021-09-22T12:01:05.398Z,2021-09-22T12:01:05.398Z,0,53.18,22-Sep-2021,,
17,614c6c66a3bb370008f105f2,DELTAMAGNT,EQ,N,56.45,52.6,56.45,53.15,54.45,54.4,17174,925003.15,59.6,17.0,359,INE393A01011,2021-09-23,2021-09-22T18:30:00.000Z,2021-09-23T12:00:38.434Z,2021-09-23T12:00:38.434Z,0,53.86,23-Sep-2021,,
18,614dbde485b9910009314a69,DELTAMAGNT,EQ,N,54.7,52.2,54.7,53.1,52.7,53.15,3229,171726.65,59.6,17.0,166,INE393A01011,2021-09-24,2021-09-23T18:30:00.000Z,2021-09-24T12:00:36.637Z,2021-09-24T12:00:36.637Z,0,53.18,24-Sep-2021,,
19,6151b281c3f15b0008afe914,DELTAMAGNT,EQ,N,53.6,52.0,52.95,52.7,53.0,53.1,1121,58842.25,59.6,17.15,35,INE393A01011,2021-09-27,2021-09-26T18:30:00.000Z,2021-09-27T12:01:05.623Z,2021-09-27T12:01:05.623Z,0,52.49,27-Sep-2021,,
20,615304074a501f0008b25be7,DELTAMAGNT,EQ,N,54.0,50.5,51.55,52.35,53.0,52.7,3943,205441.65,59.6,17.15,125,INE393A01011,2021-09-28,2021-09-27T18:30:00.000Z,2021-09-28T12:01:11.947Z,2021-09-28T12:01:11.947Z,0,52.1,28-Sep-2021,,
21,615455824a501f0008e4d13b,DELTAMAGNT,EQ,N,53.25,51.0,52.35,51.35,51.8,52.35,6129,317151.7,59.6,17.15,218,INE393A01011,2021-09-29,2021-09-28T18:30:00.000Z,2021-09-29T12:01:06.859Z,2021-09-29T12:01:06.859Z,0,51.75,29-Sep-2021,,
22,6155a70059568200081766a6,DELTAMAGNT,EQ,N,53.25,51.3,52.9,51.95,52.75,51.35,7548,392205.55,59.6,17.15,208,INE393A01011,2021-09-30,2021-09-29T18:30:00.000Z,2021-09-30T12:01:04.855Z,2021-09-30T12:01:04.855Z,0,51.96,30-Sep-2021,,
23,6156f85d00c38500086c3012,DELTAMAGNT,EQ,N,53.45,51.1,53.35,52.5,52.6,51.95,4655,244127.0,59.6,17.15,253,INE393A01011,2021-10-01,2021-09-30T18:30:00.000Z,2021-10-01T12:00:29.804Z,2021-10-01T12:00:29.804Z,0,52.44,01-Oct-2021,,
24,615aed0000c38500088dfc99,DELTAMAGNT,EQ,N,53.9,51.1,52.5,52.7,52.55,52.5,3186,169407.4,59.6,17.15,110,INE393A01011,2021-10-04,2021-10-03T18:30:00.000Z,2021-10-04T12:01:04.599Z,2021-10-04T12:01:04.599Z,0,53.17,04-Oct-2021,,
25,615c3e681728530008f0b2d2,DELTAMAGNT,EQ,N,54.95,51.8,53.7,54.35,54.5,52.7,16310,869799.1,59.6,17.15,285,INE393A01011,2021-10-05,2021-10-04T18:30:00.000Z,2021-10-05T12:00:40.821Z,2021-10-05T12:00:40.821Z,0,53.33,05-Oct-2021,,
26,615d8fe37c2c3b0008a00049,DELTAMAGNT,EQ,N,56.8,52.25,56.8,52.85,52.7,54.35,6290,337218.8,59.6,17.15,123,INE393A01011,2021-10-06,2021-10-05T18:30:00.000Z,2021-10-06T12:00:35.208Z,2021-10-06T12:00:35.208Z,0,53.61,06-Oct-2021,,
27,615ee162c7aa980008978187,DELTAMAGNT,EQ,N,55.45,53.25,55.2,55.45,55.45,52.85,16269,897088.35,59.6,17.15,216,INE393A01011,2021-10-07,2021-10-06T18:30:00.000Z,2021-10-07T12:00:34.945Z,2021-10-07T12:00:34.945Z,0,55.14,07-Oct-2021,,
28,6160330131c1ce0008cb0720,DELTAMAGNT,EQ,N,58.2,55.55,57.4,58.2,58.2,55.45,15712,899883.6,59.6,17.15,373,INE393A01011,2021-10-08,2021-10-07T18:30:00.000Z,2021-10-08T12:01:05.333Z,2021-10-08T12:01:05.333Z,0,57.27,08-Oct-2021,,
29,61644a8f1ffdf40008ba426d,DELTAMAGNT,EQ,N,61.1,58.85,61.0,61.1,61.1,58.2,21442,1304168.0,61.1,17.15,284,INE393A01011,2021-10-11,2021-10-10T18:30:00.000Z,2021-10-11T14:30:39.162Z,2021-10-11T14:30:39.162Z,0,60.82,11-Oct-2021,,
30,6165790160745c0008937801,DELTAMAGNT,EQ,N,64.15,62.8,64.1,64.15,64.15,61.1,28522,1827089.05,64.15,17.15,199,INE393A01011,2021-10-12,2021-10-11T18:30:00.000Z,2021-10-12T12:01:05.742Z,2021-10-12T12:01:05.742Z,0,64.06,12-Oct-2021,,
31,6166ca6873e7b000082591f3,DELTAMAGNT,EQ,N,67.35,64.15,67.3,67.35,67.35,64.15,13297,892546.95,67.35,17.15,250,INE393A01011,2021-10-13,2021-10-12T18:30:00.000Z,2021-10-13T12:00:40.066Z,2021-10-13T12:00:40.066Z,0,67.12,13-Oct-2021,,
32,61681c0003a7b2000873e201,DELTAMAGNT,EQ,N,70.7,70.7,70.7,70.7,70.7,67.35,15325,1083477.5,70.7,17.15,50,INE393A01011,2021-10-14,2021-10-13T18:30:00.000Z,2021-10-14T12:01:04.678Z,2021-10-14T12:01:04.678Z,0,70.7,14-Oct-2021,,
33,616d61e481039a0008f7678e,DELTAMAGNT,EQ,N,74.2,67.2,74.2,68.35,67.6,70.7,47321,3342522.4,74.2,17.15,1062,INE393A01011,2021-10-18,2021-10-17T18:30:00.000Z,2021-10-18T12:00:36.862Z,2021-10-18T12:00:36.862Z,0,70.64,18-Oct-2021,,
34,616eb3802137b10008e73150,DELTAMAGNT,EQ,N,71.45,65.45,70.45,68.65,67.4,68.35,36198,2476358.7,74.2,17.15,781,INE393A01011,2021-10-19,2021-10-18T18:30:00.000Z,2021-10-19T12:01:04.136Z,2021-10-19T12:01:04.136Z,0,68.41,19-Oct-2021,,
35,6107de804c6c270008f21af5,DELTAMAGNT,EQ,N,55.45,53.6,53.6,54.4,53.6,54.25,6967,378719.4,55.75,17.0,131,INE393A01011,2021-08-02,2021-08-01T18:30:00.000Z,2021-08-02T12:01:04.842Z,2021-08-02T12:01:04.842Z,0,54.36,02-Aug-2021,,
36,61092fe4ddfad700096fdbfd,DELTAMAGNT,EQ,N,57.1,53.65,53.65,56.8,57.0,54.4,10796,606690.7,57.1,17.0,278,INE393A01011,2021-08-03,2021-08-02T18:30:00.000Z,2021-08-03T12:00:36.171Z,2021-08-03T12:00:36.171Z,0,56.2,03-Aug-2021,,
37,610a815eddfad7000999910b,DELTAMAGNT,EQ,N,59.6,55.1,59.6,57.2,56.65,56.8,19547,1130668.45,59.6,17.0,303,INE393A01011,2021-08-04,2021-08-03T18:30:00.000Z,2021-08-04T12:00:30.799Z,2021-08-04T12:00:30.799Z,0,57.84,04-Aug-2021,,
38,610bd302c5cd9d0008592553,DELTAMAGNT,EQ,N,57.5,54.55,57.5,55.55,55.5,57.2,8987,499579.1,59.6,17.0,130,INE393A01011,2021-08-05,2021-08-04T18:30:00.000Z,2021-08-05T12:01:06.217Z,2021-08-05T12:01:06.217Z,0,55.59,05-Aug-2021,,
39,610d24641ad12f0009efab8f,DELTAMAGNT,EQ,N,57.55,53.15,55.55,54.3,54.35,55.55,6871,376239.05,59.6,17.0,112,INE393A01011,2021-08-06,2021-08-05T18:30:00.000Z,2021-08-06T12:00:36.068Z,2021-08-06T12:00:36.068Z,0,54.76,06-Aug-2021,,
40,611118e34df23100084eabb1,DELTAMAGNT,EQ,N,57.0,53.0,55.0,55.75,54.85,54.3,9219,510891.5,59.6,17.0,143,INE393A01011,2021-08-09,2021-08-08T18:30:00.000Z,2021-08-09T12:00:35.426Z,2021-08-09T12:00:35.426Z,0,55.42,09-Aug-2021,,
41,61126a65cce4c4000859320d,DELTAMAGNT,EQ,N,57.45,53.1,57.45,53.5,53.1,55.75,7407,407963.75,59.6,17.0,228,INE393A01011,2021-08-10,2021-08-09T18:30:00.000Z,2021-08-10T12:00:37.172Z,2021-08-10T12:00:37.172Z,0,55.08,10-Aug-2021,,
42,6113bbdd3759be0008112396,DELTAMAGNT,EQ,N,54.95,50.85,54.95,52.6,53.45,53.5,9511,488405.45,59.6,17.0,126,INE393A01011,2021-08-11,2021-08-10T18:30:00.000Z,2021-08-11T12:00:29.564Z,2021-08-11T12:00:29.564Z,0,51.35,11-Aug-2021,,
43,61150d63ea5aa20008b5ef78,DELTAMAGNT,EQ,N,55.0,52.4,54.8,54.75,54.5,52.6,4108,223140.0,59.6,17.0,159,INE393A01011,2021-08-12,2021-08-11T18:30:00.000Z,2021-08-12T12:00:35.721Z,2021-08-12T12:00:35.721Z,0,54.32,12-Aug-2021,,
44,61165ee55fd7730008dabf71,DELTAMAGNT,EQ,N,57.45,52.65,57.25,53.4,54.55,54.75,15509,855069.8,59.6,17.0,624,INE393A01011,2021-08-13,2021-08-12T18:30:00.000Z,2021-08-13T12:00:37.713Z,2021-08-13T12:00:37.713Z,0,55.13,13-Aug-2021,,
45,611a5363cce4c4000835c268,DELTAMAGNT,EQ,N,55.0,50.75,55.0,51.75,50.8,53.4,8058,427341.95,59.6,17.0,417,INE393A01011,2021-08-16,2021-08-15T18:30:00.000Z,2021-08-16T12:00:35.258Z,2021-08-16T12:00:35.258Z,0,53.03,16-Aug-2021,,
46,611ba502cce4c4000862acf2,DELTAMAGNT,EQ,N,51.4,49.2,50.8,49.25,49.85,51.75,8509,424861.7,59.6,17.0,218,INE393A01011,2021-08-17,2021-08-16T18:30:00.000Z,2021-08-17T12:01:06.536Z,2021-08-17T12:01:06.536Z,0,49.93,17-Aug-2021,,
47,611cf665913015000809ba19,DELTAMAGNT,EQ,N,51.05,47.05,49.25,47.6,47.1,49.25,1671,81066.55,59.6,17.0,93,INE393A01011,2021-08-18,2021-08-17T18:30:00.000Z,2021-08-18T12:00:37.300Z,2021-08-18T12:00:37.300Z,0,48.51,18-Aug-2021,,
48,611f9963d448d000082ac0b2,DELTAMAGNT,EQ,N,49.95,45.35,45.35,49.95,49.95,47.6,11577,572387.15,59.6,17.0,312,INE393A01011,2021-08-20,2021-08-19T18:30:00.000Z,2021-08-20T12:00:35.648Z,2021-08-20T12:00:35.648Z,0,49.44,20-Aug-2021,,
49,61238de38095fa0008ef269c,DELTAMAGNT,EQ,N,52.4,50.95,51.0,52.4,52.4,49.95,10162,530744.05,59.6,17.0,139,INE393A01011,2021-08-23,2021-08-22T18:30:00.000Z,2021-08-23T12:00:35.397Z,2021-08-23T12:00:35.397Z,0,52.23,23-Aug-2021,,
50,6124df81a939250008519afd,DELTAMAGNT,EQ,N,55.0,50.3,54.9,54.15,53.25,52.4,35584,1946732.15,59.6,17.0,472,INE393A01011,2021-08-24,2021-08-23T18:30:00.000Z,2021-08-24T12:01:05.156Z,2021-08-24T12:01:05.156Z,0,54.71,24-Aug-2021,,
51,612630dd2596f30008058a9c,DELTAMAGNT,EQ,N,55.15,52.5,55.15,53.85,54.5,54.15,12070,652509.45,59.6,17.0,427,INE393A01011,2021-08-25,2021-08-24T18:30:00.000Z,2021-08-25T12:00:29.439Z,2021-08-25T12:00:29.439Z,0,54.06,25-Aug-2021,,
52,612782682596f300080593d6,DELTAMAGNT,EQ,N,55.95,52.6,52.6,53.6,53.25,53.85,6307,339333.4,59.6,17.0,154,INE393A01011,2021-08-26,2021-08-25T18:30:00.000Z,2021-08-26T12:00:40.080Z,2021-08-26T12:00:40.080Z,0,53.8,26-Aug-2021,,
53,6128d40091221d0009d5ad8d,DELTAMAGNT,EQ,N,52.7,50.95,52.25,51.85,51.7,53.6,9531,489703.3,59.6,17.0,161,INE393A01011,2021-08-27,2021-08-26T18:30:00.000Z,2021-08-27T12:01:04.541Z,2021-08-27T12:01:04.541Z,0,51.38,27-Aug-2021,,
54,612cc866f99d720008a94ec6,DELTAMAGNT,EQ,N,53.95,49.35,51.85,50.45,51.15,51.85,10932,561102.4,59.6,17.0,249,INE393A01011,2021-08-30,2021-08-29T18:30:00.000Z,2021-08-30T12:00:39.011Z,2021-08-30T12:00:39.011Z,0,51.33,30-Aug-2021,,
55,612e19dfeb0c130008138942,DELTAMAGNT,EQ,N,52.55,48.55,51.5,51.55,52.0,50.45,13295,681171.85,59.6,17.0,245,INE393A01011,2021-08-31,2021-08-30T18:30:00.000Z,2021-08-31T12:00:31.511Z,2021-08-31T12:00:31.511Z,0,51.24,31-Aug-2021,,
56,612f6b64fca57e0008dc54ba,DELTAMAGNT,EQ,N,54.1,52.05,53.7,53.95,53.3,51.55,15444,833837.5,59.6,17.0,191,INE393A01011,2021-09-01,2021-08-31T18:30:00.000Z,2021-09-01T12:00:36.303Z,2021-09-01T12:00:36.303Z,0,53.99,01-Sep-2021,,
57,6130bcdfadef1200085047c7,DELTAMAGNT,EQ,N,56.45,54.1,56.25,55.4,55.55,53.95,10658,591471.15,59.6,17.0,164,INE393A01011,2021-09-02,2021-09-01T18:30:00.000Z,2021-09-02T12:00:31.428Z,2021-09-02T12:00:31.428Z,0,55.5,02-Sep-2021,,
58,61320e804f4d7600089d90f4,DELTAMAGNT,EQ,N,56.0,54.25,55.55,55.8,55.7,55.4,6007,332631.05,59.6,17.0,100,INE393A01011,2021-09-03,2021-09-02T18:30:00.000Z,2021-09-03T12:01:05.015Z,2021-09-03T12:01:05.015Z,0,55.37,03-Sep-2021,,
59,613602e466f15f00089e93d2,DELTAMAGNT,EQ,N,58.55,54.0,58.55,54.45,54.0,55.8,3950,217144.65,59.6,17.0,265,INE393A01011,2021-09-06,2021-09-05T18:30:00.000Z,2021-09-06T12:00:36.876Z,2021-09-06T12:00:36.876Z,0,54.97,06-Sep-2021,,
60,61375480eb333d0008c0f0fe,DELTAMAGNT,EQ,N,54.75,53.1,53.2,53.2,53.1,54.45,1893,101147.8,59.6,17.0,131,INE393A01011,2021-09-07,2021-09-06T18:30:00.000Z,2021-09-07T12:01:04.302Z,2021-09-07T12:01:04.302Z,0,53.43,07-Sep-2021,,
61,6138a5de5a558200095d379c,DELTAMAGNT,EQ,N,54.85,53.4,54.3,53.95,54.0,53.2,3879,209442.9,59.6,17.0,108,INE393A01011,2021-09-08,2021-09-07T18:30:00.000Z,2021-09-08T12:00:30.178Z,2021-09-08T12:00:30.178Z,0,53.99,08-Sep-2021,,
62,6139f7699241480008a1aa1b,DELTAMAGNT,EQ,N,55.45,52.95,53.15,54.2,54.3,53.95,3991,214181.8,59.6,17.0,137,INE393A01011,2021-09-09,2021-09-08T18:30:00.000Z,2021-09-09T12:00:41.223Z,2021-09-09T12:00:41.223Z,0,53.67,09-Sep-2021,,
63,60f6bae3874e330008166fef,DELTAMAGNT,EQ,N,55.6,52.6,52.6,54.6,53.65,55.0,6102,329203.75,55.6,17.0,58,INE393A01011,2021-07-20,2021-07-19T18:30:00.000Z,2021-07-20T12:00:35.259Z,2021-07-20T12:00:35.259Z,0,53.95,20-Jul-2021,,
64,60f95e00caa696000972119b,DELTAMAGNT,EQ,N,55.7,52.05,55.7,53.1,53.05,54.6,4559,241980.8,55.7,17.0,76,INE393A01011,2021-07-22,2021-07-21T18:30:00.000Z,2021-07-22T12:01:04.630Z,2021-07-22T12:01:04.630Z,0,53.08,22-Jul-2021,,
65,60faaf82874e3300088b0e85,DELTAMAGNT,EQ,N,55.75,52.3,53.2,53.1,54.75,53.1,5773,309111.5,55.75,17.0,85,INE393A01011,2021-07-23,2021-07-22T18:30:00.000Z,2021-07-23T12:01:06.186Z,2021-07-23T12:01:06.186Z,0,53.54,23-Jul-2021,,
66,60fea3e35e75500008861f3a,DELTAMAGNT,EQ,N,55.0,53.15,53.2,54.1,54.45,53.1,4580,247666.55,55.75,17.0,101,INE393A01011,2021-07-26,2021-07-25T18:30:00.000Z,2021-07-26T12:00:35.715Z,2021-07-26T12:00:35.715Z,0,54.08,26-Jul-2021,,
67,60fff5803b69e400088b8e6a,DELTAMAGNT,EQ,N,55.5,51.4,55.25,53.8,53.95,54.1,4325,235149.05,55.75,17.0,93,INE393A01011,2021-07-27,2021-07-26T18:30:00.000Z,2021-07-27T12:01:04.746Z,2021-07-27T12:01:04.746Z,0,54.37,27-Jul-2021,,
68,61014700a8ea98000873d08e,DELTAMAGNT,EQ,N,54.4,52.0,52.05,53.9,54.4,53.8,3310,176038.05,55.75,17.0,83,INE393A01011,2021-07-28,2021-07-27T18:30:00.000Z,2021-07-28T12:01:04.647Z,2021-07-28T12:01:04.647Z,0,53.18,28-Jul-2021,,
69,61029882ebb5b00008938282,DELTAMAGNT,EQ,N,55.25,52.5,52.5,54.45,54.45,53.9,2471,133649.75,55.75,17.0,61,INE393A01011,2021-07-29,2021-07-28T18:30:00.000Z,2021-07-29T12:01:06.230Z,2021-07-29T12:01:06.230Z,0,54.09,29-Jul-2021,,
70,6103ea02ebb5b00008cf58a3,DELTAMAGNT,EQ,N,55.45,52.35,53.4,54.25,54.85,54.45,7023,381897.4,55.75,17.0,78,INE393A01011,2021-07-30,2021-07-29T18:30:00.000Z,2021-07-30T12:01:06.192Z,2021-07-30T12:01:06.192Z,0,54.38,30-Jul-2021,,
71,609bc380c132690009f002a9,DELTAMAGNT,EQ,N,30.45,28.95,29.5,29.65,29.9,29.4,12237,361735.85,37.9,17.0,334,INE393A01011,2021-05-12,2021-05-11T18:30:00.000Z,2021-05-12T12:01:04.472Z,2021-05-12T12:01:04.472Z,0,29.56,12-May-2021,,
72,609e6680885aee00088f4a53,DELTAMAGNT,EQ,N,30.8,28.45,28.45,30.5,30.5,29.65,14199,430038.4,37.9,17.0,161,INE393A01011,2021-05-14,2021-05-13T18:30:00.000Z,2021-05-14T12:01:04.841Z,2021-05-14T12:01:04.841Z,0,30.29,14-May-2021,,
73,60a25b004e61470008bbf136,DELTAMAGNT,EQ,N,30.5,29.6,30.35,29.7,29.6,30.5,5802,173720.55,37.9,17.0,215,INE393A01011,2021-05-17,2021-05-16T18:30:00.000Z,2021-05-17T12:01:04.068Z,2021-05-17T12:01:04.068Z,0,29.94,17-May-2021,,
74,60a3ac7fbcb675000886114b,DELTAMAGNT,EQ,N,30.4,28.7,29.7,29.55,29.85,29.7,8342,248193.15,37.9,17.0,112,INE393A01011,2021-05-18,2021-05-17T18:30:00.000Z,2021-05-18T12:01:03.747Z,2021-05-18T12:01:03.747Z,0,29.75,18-May-2021,,
75,60a4fe021247b900089e3bf7,DELTAMAGNT,EQ,N,30.95,29.25,30.95,29.4,29.25,29.55,8475,256364.8,37.9,17.0,109,INE393A01011,2021-05-19,2021-05-18T18:30:00.000Z,2021-05-19T12:01:06.738Z,2021-05-19T12:01:06.738Z,0,30.25,19-May-2021,,
76,60a64f809a1015000919d4bd,DELTAMAGNT,EQ,N,30.05,28.5,28.5,29.75,29.95,29.4,4726,139255.6,37.9,17.0,98,INE393A01011,2021-05-20,2021-05-19T18:30:00.000Z,2021-05-20T12:01:04.940Z,2021-05-20T12:01:04.940Z,0,29.47,20-May-2021,,
77,60a7a0e1c7277a00086e3ac8,DELTAMAGNT,EQ,N,30.35,29.25,29.45,29.55,29.25,29.75,5677,168800.95,37.9,17.0,121,INE393A01011,2021-05-21,2021-05-20T18:30:00.000Z,2021-05-21T12:00:33.985Z,2021-05-21T12:00:33.985Z,0,29.73,21-May-2021,,
78,60ab958003728a0009a35c78,DELTAMAGNT,EQ,N,30.25,29.3,30.25,29.5,29.3,29.55,8013,236490.8,37.9,17.0,81,INE393A01011,2021-05-24,2021-05-23T18:30:00.000Z,2021-05-24T12:01:04.791Z,2021-05-24T12:01:04.791Z,0,29.51,24-May-2021,,
79,60ace6ff3e1c550008766ce0,DELTAMAGNT,EQ,N,29.9,29.05,29.9,29.6,29.7,29.5,4955,145659.65,37.9,17.0,105,INE393A01011,2021-05-25,2021-05-24T18:30:00.000Z,2021-05-25T12:01:03.892Z,2021-05-25T12:01:03.892Z,0,29.4,25-May-2021,,
80,60ae3884e53e1c0008d91616,DELTAMAGNT,EQ,N,31.05,29.1,29.6,30.95,30.65,29.6,14234,435549.6,37.9,17.0,155,INE393A01011,2021-05-26,2021-05-25T18:30:00.000Z,2021-05-26T12:01:08.403Z,2021-05-26T12:01:08.403Z,0,30.6,26-May-2021,,
81,60af89e623db9e0008efd448,DELTAMAGNT,EQ,N,32.45,30.35,31.0,32.1,32.0,30.95,22728,726195.1,37.9,17.0,316,INE393A01011,2021-05-27,2021-05-26T18:30:00.000Z,2021-05-27T12:00:38.525Z,2021-05-27T12:00:38.525Z,0,31.95,27-May-2021,,
82,60b0db86ecad4f00086449ac,DELTAMAGNT,EQ,N,33.55,31.55,32.45,32.2,31.7,32.1,15876,520805.9,37.9,17.0,204,INE393A01011,2021-05-28,2021-05-27T18:30:00.000Z,2021-05-28T12:01:10.075Z,2021-05-28T12:01:10.075Z,0,32.8,28-May-2021,,
83,60b4d00099942d0008df0b2d,DELTAMAGNT,EQ,N,33.8,33.8,33.8,33.8,33.8,32.2,16052,542557.6,37.9,17.0,64,INE393A01011,2021-05-31,2021-05-30T18:30:00.000Z,2021-05-31T12:01:04.946Z,2021-05-31T12:01:04.946Z,0,33.8,31-May-2021,,
84,60b621801746750008d2b568,DELTAMAGNT,EQ,N,35.45,32.65,35.45,34.75,35.15,33.8,60376,2103174.95,37.9,17.0,476,INE393A01011,2021-06-01,2021-05-31T18:30:00.000Z,2021-06-01T12:01:04.879Z,2021-06-01T12:01:04.879Z,0,34.83,01-Jun-2021,,
85,60b772e5174675000806e347,DELTAMAGNT,EQ,N,36.45,35.2,36.3,36.45,36.45,34.75,18240,663680.45,37.9,17.0,88,INE393A01011,2021-06-02,2021-06-01T18:30:00.000Z,2021-06-02T12:00:37.690Z,2021-06-02T12:00:37.690Z,0,36.39,02-Jun-2021,,
86,60b8c480f1e4290008f83cd2,DELTAMAGNT,EQ,N,38.25,38.0,38.25,38.25,38.25,36.45,31966,1221341.25,38.25,17.0,122,INE393A01011,2021-06-03,2021-06-02T18:30:00.000Z,2021-06-03T12:01:04.446Z,2021-06-03T12:01:04.446Z,0,38.21,03-Jun-2021,,
87,60ba15e4fd6cfd0008ece753,DELTAMAGNT,EQ,N,40.15,38.6,40.15,40.15,40.15,38.25,22072,880231.15,40.15,17.0,291,INE393A01011,2021-06-04,2021-06-03T18:30:00.000Z,2021-06-04T12:00:36.261Z,2021-06-04T12:00:36.261Z,0,39.88,04-Jun-2021,,
88,60be0a66e54865000822a609,DELTAMAGNT,EQ,N,42.15,41.05,42.15,42.15,42.15,40.15,11067,466425.25,42.15,17.0,80,INE393A01011,2021-06-07,2021-06-06T18:30:00.000Z,2021-06-07T12:00:38.342Z,2021-06-07T12:00:38.342Z,0,42.15,07-Jun-2021,,
89,60bf5be4d2265400080d82c1,DELTAMAGNT,EQ,N,44.25,44.25,44.25,44.25,44.25,42.15,4183,185097.75,44.25,17.0,50,INE393A01011,2021-06-08,2021-06-07T18:30:00.000Z,2021-06-08T12:00:36.565Z,2021-06-08T12:00:36.565Z,0,44.25,08-Jun-2021,,
90,60c0ad661318bc0008009dcf,DELTAMAGNT,EQ,N,46.45,46.45,46.45,46.45,46.45,44.25,24600,1142670.0,46.45,17.0,100,INE393A01011,2021-06-09,2021-06-08T18:30:00.000Z,2021-06-09T12:00:38.705Z,2021-06-09T12:00:38.705Z,0,46.45,09-Jun-2021,,
91,60c1ff0181433a00081e9fcd,DELTAMAGNT,EQ,N,48.75,44.15,48.75,48.75,48.75,46.45,93576,4468589.6,48.75,17.0,1644,INE393A01011,2021-06-10,2021-06-09T18:30:00.000Z,2021-06-10T12:01:05.375Z,2021-06-10T12:01:05.375Z,0,47.75,10-Jun-2021,,
92,60c3505d99ad6d0008bea1a8,DELTAMAGNT,EQ,N,51.15,46.6,50.7,51.15,51.15,48.75,27654,1411227.4,51.15,17.0,217,INE393A01011,2021-06-11,2021-06-10T18:30:00.000Z,2021-06-11T12:00:29.809Z,2021-06-11T12:00:29.809Z,0,51.03,11-Jun-2021,,
93,60c744ebfa74920009970f3a,DELTAMAGNT,EQ,N,53.6,48.6,53.6,49.75,49.05,51.15,49466,2482193.6,53.6,17.0,935,INE393A01011,2021-06-14,2021-06-13T18:30:00.000Z,2021-06-14T12:00:43.402Z,2021-06-14T12:00:43.402Z,0,50.18,14-Jun-2021,,
94,60c896849655b00008f2ef4f,DELTAMAGNT,EQ,N,51.1,47.3,50.5,47.45,47.3,49.75,28114,1373327.2,53.6,17.0,585,INE393A01011,2021-06-15,2021-06-14T18:30:00.000Z,2021-06-15T12:01:08.858Z,2021-06-15T12:01:08.858Z,0,48.85,15-Jun-2021,,
95,60c9e8029af7c30008702a88,DELTAMAGNT,EQ,N,49.8,45.1,49.3,45.5,45.3,47.45,43261,2006334.55,53.6,17.0,602,INE393A01011,2021-06-16,2021-06-15T18:30:00.000Z,2021-06-16T12:01:06.883Z,2021-06-16T12:01:06.883Z,0,46.38,16-Jun-2021,,
96,606afbe350e7c50009ea5a53,DELTAMAGNT,EQ,N,32.85,29.9,32.85,29.9,29.9,31.45,7602,229404.2,37.9,17.0,149,INE393A01011,2021-04-05,2021-04-04T18:30:00.000Z,2021-04-05T12:00:35.245Z,2021-04-05T12:00:35.245Z,0,30.18,05-Apr-2021,,
97,606c4d80e414300008c05aaf,DELTAMAGNT,EQ,N,29.95,29.05,29.9,29.2,29.05,29.9,1017,30143.8,37.9,17.0,39,INE393A01011,2021-04-06,2021-04-05T18:30:00.000Z,2021-04-06T12:01:04.350Z,2021-04-06T12:01:04.350Z,0,29.64,06-Apr-2021,,
98,606d9ee6a5b3e50008f954ca,DELTAMAGNT,EQ,N,30.6,28.35,30.6,28.6,28.35,29.2,4035,118002.4,37.9,17.0,158,INE393A01011,2021-04-07,2021-04-06T18:30:00.000Z,2021-04-07T12:00:38.788Z,2021-04-07T12:00:38.788Z,0,29.24,07-Apr-2021,,
99,606ef080ee0ef7000821bf73,DELTAMAGNT,EQ,N,30.0,28.6,29.95,29.0,29.0,28.6,532,15595.9,37.9,17.0,23,INE393A01011,2021-04-08,2021-04-07T18:30:00.000Z,2021-04-08T12:01:04.715Z,2021-04-08T12:01:04.715Z,0,29.32,08-Apr-2021,,
100,607041e5b4027f0009885451,DELTAMAGNT,EQ,N,30.0,29.05,30.0,29.9,29.95,29.0,2193,65054.3,37.9,17.0,137,INE393A01011,2021-04-09,2021-04-08T18:30:00.000Z,2021-04-09T12:00:37.767Z,2021-04-09T12:00:37.767Z,0,29.66,09-Apr-2021,,
101,60743680905dbc00081589c0,DELTAMAGNT,EQ,N,28.9,28.45,28.75,28.55,28.75,29.9,1613,46161.0,37.9,17.0,48,INE393A01011,2021-04-12,2021-04-11T18:30:00.000Z,2021-04-12T12:01:04.561Z,2021-04-12T12:01:04.561Z,0,28.62,12-Apr-2021,,
102,607587e5a1a6020009d61d59,DELTAMAGNT,EQ,N,28.9,27.5,27.7,27.85,27.5,28.55,2891,80539.9,37.9,17.0,134,INE393A01011,2021-04-13,2021-04-12T18:30:00.000Z,2021-04-13T12:00:37.735Z,2021-04-13T12:00:37.735Z,0,27.86,13-Apr-2021,,
103,60782ae5b4027f000990b94b,DELTAMAGNT,EQ,N,29.0,27.25,27.85,27.45,27.95,27.85,1253,34746.45,37.9,17.0,44,INE393A01011,2021-04-15,2021-04-14T18:30:00.000Z,2021-04-15T12:00:37.270Z,2021-04-15T12:00:37.270Z,0,27.73,15-Apr-2021,,
104,60797c8006a23a00086a143a,DELTAMAGNT,EQ,N,28.8,28.05,28.75,28.75,28.75,27.45,1512,43288.0,37.9,17.0,71,INE393A01011,2021-04-16,2021-04-15T18:30:00.000Z,2021-04-16T12:01:04.385Z,2021-04-16T12:01:04.385Z,0,28.63,16-Apr-2021,,
105,607d70e432a7350008fd3e53,DELTAMAGNT,EQ,N,28.75,27.4,28.75,27.6,28.0,28.75,2756,76178.7,37.9,17.0,55,INE393A01011,2021-04-19,2021-04-18T18:30:00.000Z,2021-04-19T12:00:36.790Z,2021-04-19T12:00:36.790Z,0,27.64,19-Apr-2021,,
106,607ec28028c94600080bca48,DELTAMAGNT,EQ,N,28.9,26.25,28.9,26.55,26.35,27.6,9497,253076.15,37.9,17.0,172,INE393A01011,2021-04-20,2021-04-19T18:30:00.000Z,2021-04-20T12:01:04.507Z,2021-04-20T12:01:04.507Z,0,26.65,20-Apr-2021,,
107,608165803641bb0008a8fef0,DELTAMAGNT,EQ,N,27.7,25.85,27.7,27.15,27.45,26.55,1995,53564.45,37.9,17.0,75,INE393A01011,2021-04-22,2021-04-21T18:30:00.000Z,2021-04-22T12:01:04.374Z,2021-04-22T12:01:04.374Z,0,26.85,22-Apr-2021,,
108,6082b6e46140660008b5b355,DELTAMAGNT,EQ,N,28.1,26.35,28.1,27.0,26.7,27.15,3515,96042.7,37.9,17.0,102,INE393A01011,2021-04-23,2021-04-22T18:30:00.000Z,2021-04-23T12:00:36.256Z,2021-04-23T12:00:36.256Z,0,27.32,23-Apr-2021,,
109,6088066380572900081c8fce,DELTAMAGNT,EQ,N,28.15,27.0,27.0,27.6,28.0,27.0,1927,52945.35,37.9,17.0,94,INE393A01011,2021-04-26,2021-04-25T18:30:00.000Z,2021-04-27T12:41:07.298Z,2021-04-27T12:41:07.298Z,0,27.48,26-Apr-2021,,
110,6088069fccdda4000887d907,DELTAMAGNT,EQ,N,28.95,26.95,27.05,28.95,28.95,27.6,3181,91207.95,37.9,17.0,73,INE393A01011,2021-04-27,2021-04-26T18:30:00.000Z,2021-04-27T12:42:07.400Z,2021-04-27T12:42:07.400Z,0,28.67,27-Apr-2021,,
111,60894e6506a23a0008579686,DELTAMAGNT,EQ,N,30.35,30.3,30.3,30.35,30.35,28.95,3032,92010.35,37.9,17.0,18,INE393A01011,2021-04-28,2021-04-27T18:30:00.000Z,2021-04-28T12:00:37.090Z,2021-04-28T12:00:37.090Z,0,30.35,28-Apr-2021,,
112,608aa007fc34330008f83f19,DELTAMAGNT,EQ,N,31.5,29.3,30.4,29.7,29.55,30.35,1813,54495.7,37.9,17.0,58,INE393A01011,2021-04-29,2021-04-28T18:30:00.000Z,2021-04-29T12:01:11.731Z,2021-04-29T12:01:11.731Z,0,30.06,29-Apr-2021,,
113,608bf18446f86b00096b1766,DELTAMAGNT,EQ,N,30.95,28.55,30.85,28.8,28.55,29.7,10031,292480.15,37.9,17.0,127,INE393A01011,2021-04-30,2021-04-29T18:30:00.000Z,2021-04-30T12:01:08.337Z,2021-04-30T12:01:08.337Z,0,29.16,30-Apr-2021,,
114,608fe601c881750008aa0155,DELTAMAGNT,EQ,N,29.9,27.45,29.9,28.85,29.1,28.8,5318,151159.5,37.9,17.0,84,INE393A01011,2021-05-03,2021-05-02T18:30:00.000Z,2021-05-03T12:01:05.416Z,2021-05-03T12:01:05.416Z,0,28.42,03-May-2021,,
115,6091378045df9f0008e94118,DELTAMAGNT,EQ,N,30.0,28.6,30.0,28.8,28.6,28.85,7999,233570.1,37.9,17.0,149,INE393A01011,2021-05-04,2021-05-03T18:30:00.000Z,2021-05-04T12:01:04.939Z,2021-05-04T12:01:04.939Z,0,29.2,04-May-2021,,
116,609288e7c13269000942c47b,DELTAMAGNT,EQ,N,30.0,28.25,28.25,29.7,29.8,28.8,5004,146905.8,37.9,17.0,169,INE393A01011,2021-05-05,2021-05-04T18:30:00.000Z,2021-05-05T12:00:39.563Z,2021-05-05T12:00:39.563Z,0,29.36,05-May-2021,,
117,6093da80a51b5b0008e14184,DELTAMAGNT,EQ,N,31.0,28.45,30.9,28.7,28.55,29.7,8478,246385.7,37.9,17.0,180,INE393A01011,2021-05-06,2021-05-05T18:30:00.000Z,2021-05-06T12:01:04.224Z,2021-05-06T12:01:04.224Z,0,29.06,06-May-2021,,
118,60952be258429e0008542554,DELTAMAGNT,EQ,N,29.6,28.0,28.65,28.45,28.3,28.7,2847,81368.85,37.9,17.0,89,INE393A01011,2021-05-07,2021-05-06T18:30:00.000Z,2021-05-07T12:00:34.971Z,2021-05-07T12:00:34.971Z,0,28.58,07-May-2021,,
119,609920692833070008100012,DELTAMAGNT,EQ,N,29.85,27.8,28.35,29.3,29.85,28.45,6384,182218.5,37.9,17.0,148,INE393A01011,2021-05-10,2021-05-09T18:30:00.000Z,2021-05-10T12:00:41.425Z,2021-05-10T12:00:41.425Z,0,28.54,10-May-2021,,
120,609a720045df9f0008b76dde,DELTAMAGNT,EQ,N,29.8,28.55,28.8,29.4,29.5,29.3,3219,94923.35,37.9,17.0,101,INE393A01011,2021-05-11,2021-05-10T18:30:00.000Z,2021-05-11T12:01:04.623Z,2021-05-11T12:01:04.623Z,0,29.49,11-May-2021,,
121,609bc380c132690009f002a9,DELTAMAGNT,EQ,N,30.45,28.95,29.5,29.65,29.9,29.4,12237,361735.85,37.9,17.0,334,INE393A01011,2021-05-12,2021-05-11T18:30:00.000Z,2021-05-12T12:01:04.472Z,2021-05-12T12:01:04.472Z,0,29.56,12-May-2021,,
122,60339ce31fa56800082f6881,DELTAMAGNT,EQ,N,33.75,32.05,33.75,32.8,33.45,32.15,25741,847870.9,34.0,17.0,699,INE393A01011,2021-02-22,2021-02-21T18:30:00.000Z,2021-02-22T12:00:35.653Z,2021-02-22T12:00:35.653Z,0,32.94,22-Feb-2021,,
123,6034ee5ff2cc16000922577c,DELTAMAGNT,EQ,N,33.75,31.2,33.75,31.4,31.25,32.8,12650,402993.75,34.0,17.0,180,INE393A01011,2021-02-23,2021-02-22T18:30:00.000Z,2021-02-23T12:00:31.445Z,2021-02-23T12:00:31.445Z,0,31.86,23-Feb-2021,,
124,60365c98c65ab700086bb65c,DELTAMAGNT,EQ,N,32.55,30.35,32.55,30.4,30.45,31.4,2662,83316.55,34.0,17.0,40,INE393A01011,2021-02-24,2021-02-23T18:30:00.000Z,2021-02-24T14:03:04.390Z,2021-02-24T14:03:04.390Z,0,31.3,24-Feb-2021,,
125,60379181d3429100084f467b,DELTAMAGNT,EQ,N,31.9,30.1,30.15,30.35,30.2,30.4,9892,308961.25,34.0,17.0,97,INE393A01011,2021-02-25,2021-02-24T18:30:00.000Z,2021-02-25T12:01:05.294Z,2021-02-25T12:01:05.294Z,0,31.23,25-Feb-2021,,
126,6038e30048a71b000890c17c,DELTAMAGNT,EQ,N,31.85,30.0,30.3,30.2,30.05,30.35,14497,450618.0,34.0,17.0,204,INE393A01011,2021-02-26,2021-02-25T18:30:00.000Z,2021-02-26T12:01:04.756Z,2021-02-26T12:01:04.756Z,0,31.08,26-Feb-2021,,
127,603cd784d342910008d7e72f,DELTAMAGNT,EQ,N,31.35,29.05,30.1,30.8,30.8,30.2,10033,304898.95,34.0,17.0,179,INE393A01011,2021-03-01,2021-02-28T18:30:00.000Z,2021-03-01T12:01:08.117Z,2021-03-01T12:01:08.117Z,0,30.39,01-Mar-2021,,
128,603e2900e88009000870f8a4,DELTAMAGNT,EQ,N,32.3,30.8,30.95,32.3,32.3,30.8,14339,457922.45,34.0,17.0,141,INE393A01011,2021-03-02,2021-03-01T18:30:00.000Z,2021-03-02T12:01:04.269Z,2021-03-02T12:01:04.269Z,0,31.94,02-Mar-2021,,
129,603f7a5d60e1740008d811e3,DELTAMAGNT,EQ,N,33.9,31.45,31.65,33.35,33.9,32.3,16713,548217.05,34.0,17.0,249,INE393A01011,2021-03-03,2021-03-02T18:30:00.000Z,2021-03-03T12:00:29.848Z,2021-03-03T12:00:29.848Z,0,32.8,03-Mar-2021,,
130,6040cc00f782e80008e6408b,DELTAMAGNT,EQ,N,35.0,33.0,33.0,35.0,35.0,33.35,8315,289294.6,35.0,17.0,158,INE393A01011,2021-03-04,2021-03-03T18:30:00.000Z,2021-03-04T12:01:04.273Z,2021-03-04T12:01:04.273Z,0,34.79,04-Mar-2021,,
131,60421d80f87f7d00085f2fff,DELTAMAGNT,EQ,N,36.75,36.0,36.75,36.45,36.75,35.0,27401,1005634.65,36.75,17.0,127,INE393A01011,2021-03-05,2021-03-04T18:30:00.000Z,2021-03-05T12:01:04.911Z,2021-03-05T12:01:04.911Z,0,36.7,05-Mar-2021,,
132,60461206f782e800082f9544,DELTAMAGNT,EQ,N,37.9,34.65,37.9,35.3,35.3,36.45,13458,471321.55,37.9,17.0,162,INE393A01011,2021-03-08,2021-03-07T18:30:00.000Z,2021-03-08T12:01:10.334Z,2021-03-08T12:01:10.334Z,0,35.02,08-Mar-2021,,
133,604763641869d100087595fe,DELTAMAGNT,EQ,N,36.95,33.55,34.15,33.9,33.55,35.3,6494,224341.05,37.9,17.0,192,INE393A01011,2021-03-09,2021-03-08T18:30:00.000Z,2021-03-09T12:00:36.832Z,2021-03-09T12:00:36.832Z,0,34.55,09-Mar-2021,,
134,6048b4e2b02c4600080fd3ac,DELTAMAGNT,EQ,N,35.2,32.25,35.2,32.25,32.25,33.9,7318,238351.6,37.9,17.0,173,INE393A01011,2021-03-10,2021-03-09T18:30:00.000Z,2021-03-10T12:00:34.910Z,2021-03-10T12:00:34.910Z,0,32.57,10-Mar-2021,,
135,604b57dd72247e0008e055e8,DELTAMAGNT,EQ,N,32.9,30.7,32.25,31.95,30.8,32.25,5235,167570.75,37.9,17.0,85,INE393A01011,2021-03-12,2021-03-11T18:30:00.000Z,2021-03-12T12:00:29.362Z,2021-03-12T12:00:29.362Z,0,32.01,12-Mar-2021,,
136,604f4c80c00cd5000824ff29,DELTAMAGNT,EQ,N,33.15,30.65,30.65,32.75,33.0,31.95,9358,300219.65,37.9,17.0,122,INE393A01011,2021-03-15,2021-03-14T18:30:00.000Z,2021-03-15T12:01:04.961Z,2021-03-15T12:01:04.961Z,0,32.08,15-Mar-2021,,
137,60509de26ad8c2000865273a,DELTAMAGNT,EQ,N,33.5,31.15,32.3,32.6,32.5,32.75,18290,578589.15,37.9,17.0,198,INE393A01011,2021-03-16,2021-03-15T18:30:00.000Z,2021-03-16T12:00:34.843Z,2021-03-16T12:00:34.843Z,0,31.63,16-Mar-2021,,
138,6051ef67e9990500087f3aea,DELTAMAGNT,EQ,N,34.05,31.0,33.9,32.05,31.0,32.6,12706,424431.35,37.9,17.0,395,INE393A01011,2021-03-17,2021-03-16T18:30:00.000Z,2021-03-17T12:00:39.793Z,2021-03-17T12:00:39.793Z,0,33.4,17-Mar-2021,,
139,605340e317e26700093f102b,DELTAMAGNT,EQ,N,33.3,31.1,32.15,31.1,31.1,32.05,4971,159189.45,37.9,17.0,93,INE393A01011,2021-03-18,2021-03-17T18:30:00.000Z,2021-03-18T12:00:35.986Z,2021-03-18T12:00:35.986Z,0,32.02,18-Mar-2021,,
140,605492826bba56000820a48c,DELTAMAGNT,EQ,N,31.85,29.6,31.1,31.6,31.75,31.1,13535,417075.85,37.9,17.0,309,INE393A01011,2021-03-19,2021-03-18T18:30:00.000Z,2021-03-19T12:01:06.756Z,2021-03-19T12:01:06.756Z,0,30.81,19-Mar-2021,,
141,60588701022baa00098a7ffc,DELTAMAGNT,EQ,N,33.15,30.55,32.25,32.0,32.0,31.6,10599,336673.5,37.9,17.0,243,INE393A01011,2021-03-22,2021-03-21T18:30:00.000Z,2021-03-22T12:01:05.213Z,2021-03-22T12:01:05.213Z,0,31.76,22-Mar-2021,,
142,6059d8646bba5600089578ac,DELTAMAGNT,EQ,N,33.15,30.7,32.95,31.15,30.75,32.0,4199,132548.55,37.9,17.0,90,INE393A01011,2021-03-23,2021-03-22T18:30:00.000Z,2021-03-23T12:00:36.880Z,2021-03-23T12:00:36.880Z,0,31.57,23-Mar-2021,,
143,605b2a0096d7ff000815d7f0,DELTAMAGNT,EQ,N,31.5,30.7,31.0,30.95,30.9,31.15,2809,87121.25,37.9,17.0,68,INE393A01011,2021-03-24,2021-03-23T18:30:00.000Z,2021-03-24T12:01:04.921Z,2021-03-24T12:01:04.921Z,0,31.02,24-Mar-2021,,
144,605c7b641eb5f20008a438c4,DELTAMAGNT,EQ,N,30.65,29.5,30.4,29.75,29.5,30.95,5149,154547.5,37.9,17.0,88,INE393A01011,2021-03-25,2021-03-24T18:30:00.000Z,2021-03-25T12:00:36.046Z,2021-03-25T12:00:36.046Z,0,30.02,25-Mar-2021,,
145,605dcce5ba1816000875fc44,DELTAMAGNT,EQ,N,31.2,29.75,30.0,30.9,30.45,29.75,9706,298019.3,37.9,17.0,87,INE393A01011,2021-03-26,2021-03-25T18:30:00.000Z,2021-03-26T12:00:37.298Z,2021-03-26T12:00:37.298Z,0,30.7,26-Mar-2021,,
146,60631d90f5299b0008fe365e,DELTAMAGNT,EQ,N,32.4,30.5,32.0,31.05,31.85,30.9,3826,120978.4,37.9,17.0,151,INE393A01011,2021-03-30,2021-03-29T18:30:00.000Z,2021-03-30T12:46:08.014Z,2021-03-30T12:46:08.014Z,0,31.62,30-Mar-2021,,
147,6064645e03368200081c2236,DELTAMAGNT,EQ,N,32.6,30.25,31.7,31.5,31.65,31.05,6047,188536.15,37.9,17.0,181,INE393A01011,2021-03-31,2021-03-30T18:30:00.000Z,2021-03-31T12:00:30.126Z,2021-03-31T12:00:30.126Z,0,31.18,31-Mar-2021,,
148,6065b5e413110000089f9205,DELTAMAGNT,EQ,N,31.9,30.6,30.65,31.45,30.75,31.5,1407,43593.2,37.9,17.0,92,INE393A01011,2021-04-01,2021-03-31T18:30:00.000Z,2021-04-01T12:00:36.977Z,2021-04-01T12:00:36.977Z,0,30.98,01-Apr-2021,,
149,60193f0052a67400088a8066,DELTAMAGNT,EQ,N,26.65,24.3,24.3,26.65,26.65,25.4,19142,490884.4,46.95,17.0,92,INE393A01011,2021-02-02,2021-02-01T18:30:00.000Z,2021-02-02T12:01:04.167Z,2021-02-02T12:01:04.167Z,0,25.64,02-Feb-2021,,
150,601a9064f98b220009a86c26,DELTAMAGNT,EQ,N,27.95,26.3,27.9,27.3,27.35,26.65,15255,416893.7,46.95,17.0,72,INE393A01011,2021-02-03,2021-02-02T18:30:00.000Z,2021-02-03T12:00:36.998Z,2021-02-03T12:00:36.998Z,0,27.33,03-Feb-2021,,
151,601be200f98b220009bd641f,DELTAMAGNT,EQ,N,27.5,26.0,26.65,27.05,27.0,27.3,13698,368116.75,46.95,17.0,71,INE393A01011,2021-02-04,2021-02-03T18:30:00.000Z,2021-02-04T12:01:04.541Z,2021-02-04T12:01:04.541Z,0,26.87,04-Feb-2021,,
152,601d33621977d90008c02e37,DELTAMAGNT,EQ,N,27.2,25.8,27.1,26.45,26.5,27.05,6241,165734.9,46.95,17.0,60,INE393A01011,2021-02-05,2021-02-04T18:30:00.000Z,2021-02-05T12:00:34.853Z,2021-02-05T12:00:34.853Z,0,26.56,05-Feb-2021,,
153,602127e45959750008a8e2cb,DELTAMAGNT,EQ,N,26.9,25.5,26.2,25.7,25.55,26.45,5310,137975.3,46.95,17.0,95,INE393A01011,2021-02-08,2021-02-07T18:30:00.000Z,2021-02-08T12:00:36.262Z,2021-02-08T12:00:36.262Z,0,25.98,08-Feb-2021,,
154,6022798085e3100008e2d1c3,DELTAMAGNT,EQ,N,26.7,25.55,25.55,26.35,26.5,25.7,3145,81714.45,46.95,17.0,83,INE393A01011,2021-02-09,2021-02-08T18:30:00.000Z,2021-02-09T12:01:04.704Z,2021-02-09T12:01:04.704Z,0,25.98,09-Feb-2021,,
155,6023cb006d78280008e44806,DELTAMAGNT,EQ,N,26.75,25.45,26.75,26.65,26.7,26.35,2828,74442.9,46.95,17.0,34,INE393A01011,2021-02-10,2021-02-09T18:30:00.000Z,2021-02-10T12:01:04.565Z,2021-02-10T12:01:04.565Z,0,26.32,10-Feb-2021,,
156,60251c658160710008fa5b7f,DELTAMAGNT,EQ,N,26.8,24.8,25.95,26.4,26.4,26.65,3243,84988.25,46.95,17.0,163,INE393A01011,2021-02-11,2021-02-10T18:30:00.000Z,2021-02-11T12:00:37.177Z,2021-02-11T12:00:37.177Z,0,26.21,11-Feb-2021,,
157,60266de3e854190008018cfc,DELTAMAGNT,EQ,N,27.0,25.6,27.0,26.6,26.75,26.4,3227,85188.65,46.95,17.0,61,INE393A01011,2021-02-12,2021-02-11T18:30:00.000Z,2021-02-12T12:00:35.410Z,2021-02-12T12:00:35.410Z,0,26.4,12-Feb-2021,,
158,602a6264e85419000827ebb2,DELTAMAGNT,EQ,N,29.25,24.55,24.55,29.25,29.25,26.6,62540,1791625.85,46.95,17.0,785,INE393A01011,2021-02-15,2021-02-14T18:30:00.000Z,2021-02-15T12:00:36.454Z,2021-02-15T12:00:36.454Z,0,28.65,15-Feb-2021,,
159,602bb3de05368f0008dd7790,DELTAMAGNT,EQ,N,32.15,30.25,31.0,32.15,32.15,29.25,57751,1837284.4,33.0,17.0,398,INE393A01011,2021-02-16,2021-02-15T18:30:00.000Z,2021-02-16T12:00:30.298Z,2021-02-16T12:00:30.298Z,0,31.81,16-Feb-2021,,
160,602d0581e89593000836ad2e,DELTAMAGNT,EQ,N,34.0,30.1,32.15,30.8,30.5,32.15,43198,1413706.35,34.0,17.0,637,INE393A01011,2021-02-17,2021-02-16T18:30:00.000Z,2021-02-17T12:01:05.176Z,2021-02-17T12:01:05.176Z,0,32.73,17-Feb-2021,,
161,602e5700d8ba7c0008db1961,DELTAMAGNT,EQ,N,32.35,30.45,31.2,31.95,32.05,30.8,15708,496716.4,34.0,17.0,128,INE393A01011,2021-02-18,2021-02-17T18:30:00.000Z,2021-02-18T12:01:04.669Z,2021-02-18T12:01:04.669Z,0,31.62,18-Feb-2021,,
162,602fa85d685378000831883b,DELTAMAGNT,EQ,N,32.9,31.0,31.05,32.15,32.8,31.95,13561,431791.7,34.0,17.0,165,INE393A01011,2021-02-19,2021-02-18T18:30:00.000Z,2021-02-19T12:00:29.517Z,2021-02-19T12:00:29.517Z,0,31.84,19-Feb-2021,,
163,5fc8d35efdaa170009fb61dd,DELTAMAGNT,EQ,N,29.3,29.0,29.3,29.3,29.3,27.95,14748,431743.4,46.95,17.0,98,INE393A01011,2020-12-03,2020-12-02T18:30:00.000Z,2020-12-03T12:00:30.202Z,2020-12-03T12:00:30.202Z,0,29.27,03-Dec-2020,,
164,5f96ba656479130008a52942,DELTAMAGNT,EQ,N,18.4,17.8,17.85,17.95,17.85,18.3,2866,51951.5,46.95,17.0,40,INE393A01011,2020-10-26,2020-10-25T18:30:00.000Z,2020-10-26T12:00:37.426Z,2020-10-26T12:00:37.426Z,0,18.13,26-Oct-2020,,
165,5f980c002a17b100088d5c57,DELTAMAGNT,EQ,N,19.0,17.95,18.6,18.25,18.5,17.95,905,16595.55,46.95,17.0,45,INE393A01011,2020-10-27,2020-10-26T18:30:00.000Z,2020-10-27T12:01:04.603Z,2020-10-27T12:01:04.603Z,0,18.34,27-Oct-2020,,
166,5f995d5f022fa70008f838a5,DELTAMAGNT,EQ,N,19.3,17.4,18.7,18.45,18.45,18.25,4141,73720.0,46.95,17.0,123,INE393A01011,2020-10-28,2020-10-27T18:30:00.000Z,2020-10-28T12:00:31.753Z,2020-10-28T12:00:31.753Z,0,17.8,28-Oct-2020,,
167,5f9aaee4022fa70008f84183,DELTAMAGNT,EQ,N,18.4,17.5,17.5,17.65,17.65,18.45,1970,34820.4,46.95,17.0,40,INE393A01011,2020-10-29,2020-10-28T18:30:00.000Z,2020-10-29T12:00:36.573Z,2020-10-29T12:00:36.573Z,0,17.68,29-Oct-2020,,
168,5f9c0064b6dbb5000825b31f,DELTAMAGNT,EQ,N,19.3,18.05,18.45,19.15,19.25,17.65,9681,182870.35,46.95,17.0,155,INE393A01011,2020-10-30,2020-10-29T18:30:00.000Z,2020-10-30T12:00:36.038Z,2020-10-30T12:00:36.038Z,0,18.89,30-Oct-2020,,
169,5f9ff50059ba9100086bd309,DELTAMAGNT,EQ,N,19.15,18.4,19.15,18.85,18.95,19.15,1500,28124.4,46.95,17.0,60,INE393A01011,2020-11-02,2020-11-01T18:30:00.000Z,2020-11-02T12:01:04.294Z,2020-11-02T12:01:04.294Z,0,18.75,02-Nov-2020,,
170,5fa14665b6dbb5000825bce9,DELTAMAGNT,EQ,N,18.95,18.2,18.4,18.25,18.2,18.85,1465,27023.15,46.95,17.0,43,INE393A01011,2020-11-03,2020-11-02T18:30:00.000Z,2020-11-03T12:00:37.650Z,2020-11-03T12:00:37.650Z,0,18.45,03-Nov-2020,,
171,5fa297e6022fa70008f8558f,DELTAMAGNT,EQ,N,18.6,17.7,17.75,18.5,18.5,18.25,4254,76873.6,46.95,17.0,44,INE393A01011,2020-11-04,2020-11-03T18:30:00.000Z,2020-11-04T12:00:38.963Z,2020-11-04T12:00:38.963Z,0,18.07,04-Nov-2020,,
172,5fa3e96574b6670008117f31,DELTAMAGNT,EQ,N,18.7,17.9,18.0,17.95,17.9,18.5,5801,104953.5,46.95,17.0,192,INE393A01011,2020-11-05,2020-11-04T18:30:00.000Z,2020-11-05T12:00:37.503Z,2020-11-05T12:00:37.503Z,0,18.09,05-Nov-2020,,
173,5fa53ae4e39d1b0009aa95f0,DELTAMAGNT,EQ,N,18.45,17.65,18.45,17.75,17.7,17.95,3121,55672.3,46.95,17.0,83,INE393A01011,2020-11-06,2020-11-05T18:30:00.000Z,2020-11-06T12:00:36.037Z,2020-11-06T12:00:36.037Z,0,17.84,06-Nov-2020,,
174,5fa92f64022fa70008f864c9,DELTAMAGNT,EQ,N,18.45,17.5,18.45,18.0,18.15,17.75,3305,58747.3,46.95,17.0,101,INE393A01011,2020-11-09,2020-11-08T18:30:00.000Z,2020-11-09T12:00:36.962Z,2020-11-09T12:00:36.962Z,0,17.78,09-Nov-2020,,
175,5faa80e2cef71300089158ca,DELTAMAGNT,EQ,N,18.6,17.55,18.0,18.55,18.55,18.0,4496,81084.3,46.95,17.0,151,INE393A01011,2020-11-10,2020-11-09T18:30:00.000Z,2020-11-10T12:00:34.801Z,2020-11-10T12:00:34.801Z,0,18.03,10-Nov-2020,,
176,5fabd26674b66700081189a5,DELTAMAGNT,EQ,N,19.05,17.6,17.85,17.8,18.4,18.55,4515,82559.85,46.95,17.0,235,INE393A01011,2020-11-11,2020-11-10T18:30:00.000Z,2020-11-11T12:00:39.005Z,2020-11-11T12:00:39.005Z,0,18.29,11-Nov-2020,,
177,5fad23e3d5e18c0008685ca8,DELTAMAGNT,EQ,N,18.95,17.55,18.9,18.9,18.9,17.8,3774,70294.2,46.95,17.0,73,INE393A01011,2020-11-12,2020-11-11T18:30:00.000Z,2020-11-12T12:00:35.617Z,2020-11-12T12:00:35.617Z,0,18.63,12-Nov-2020,,
178,5fae758074b6670008119588,DELTAMAGNT,EQ,N,19.2,17.8,18.9,18.85,18.7,18.9,5040,93959.3,46.95,17.0,163,INE393A01011,2020-11-13,2020-11-12T18:30:00.000Z,2020-11-13T12:01:04.355Z,2020-11-13T12:01:04.355Z,0,18.64,13-Nov-2020,,
179,5fafeb92cef7130008916641,DELTAMAGNT,EQ,N,20.65,18.6,19.2,19.35,19.85,18.85,1029,19978.7,46.95,17.0,28,INE393A01011,2020-11-14,2020-11-13T18:30:00.000Z,2020-11-14T14:37:06.174Z,2020-11-14T14:37:06.174Z,0,19.42,14-Nov-2020,,
180,5fb3bb8006a1d00008ad0a12,DELTAMAGNT,EQ,N,19.85,18.65,19.5,19.4,19.4,19.35,4464,85443.75,46.95,17.0,105,INE393A01011,2020-11-17,2020-11-16T18:30:00.000Z,2020-11-17T12:01:04.610Z,2020-11-17T12:01:04.610Z,0,19.14,17-Nov-2020,,
181,5fb511b2df20a4000804296b,DELTAMAGNT,EQ,N,19.7,19.0,19.4,19.5,19.6,19.4,2481,47983.4,46.95,17.0,82,INE393A01011,2020-11-18,2020-11-17T18:30:00.000Z,2020-11-18T12:21:06.800Z,2020-11-18T12:21:06.800Z,0,19.34,18-Nov-2020,,
182,5fb65e63c21f05000895cfde,DELTAMAGNT,EQ,N,19.5,18.85,19.5,19.4,19.4,19.5,3499,66666.5,46.95,17.0,82,INE393A01011,2020-11-19,2020-11-18T18:30:00.000Z,2020-11-19T12:00:35.090Z,2020-11-19T12:00:35.090Z,0,19.05,19-Nov-2020,,
183,5fb7afe794bf500008b25e37,DELTAMAGNT,EQ,N,19.75,18.9,19.4,19.35,19.35,19.4,2597,49528.05,46.95,17.0,126,INE393A01011,2020-11-20,2020-11-19T18:30:00.000Z,2020-11-20T12:00:39.042Z,2020-11-20T12:00:39.042Z,0,19.07,20-Nov-2020,,
184,5fbba4645e525900089311b6,DELTAMAGNT,EQ,N,19.75,18.8,19.35,19.05,19.3,19.35,7503,143598.25,46.95,17.0,90,INE393A01011,2020-11-23,2020-11-22T18:30:00.000Z,2020-11-23T12:00:36.289Z,2020-11-23T12:00:36.289Z,0,19.14,23-Nov-2020,,
185,5fbcf6006a74050008b28b1a,DELTAMAGNT,EQ,N,19.55,18.75,19.3,19.1,19.1,19.05,6685,128407.3,46.95,17.0,270,INE393A01011,2020-11-24,2020-11-23T18:30:00.000Z,2020-11-24T12:01:04.303Z,2020-11-24T12:01:04.303Z,0,19.21,24-Nov-2020,,
186,5fbe476687ed3b0008004f0e,DELTAMAGNT,EQ,N,21.0,19.75,19.75,21.0,21.0,19.1,35988,742628.45,46.95,17.0,353,INE393A01011,2020-11-25,2020-11-24T18:30:00.000Z,2020-11-25T12:00:38.156Z,2020-11-25T12:00:38.156Z,0,20.64,25-Nov-2020,,
187,5fbf98e4a33acb0008385fa7,DELTAMAGNT,EQ,N,23.1,22.55,23.1,23.1,23.1,21.0,26088,602489.8,46.95,17.0,88,INE393A01011,2020-11-26,2020-11-25T18:30:00.000Z,2020-11-26T12:00:36.405Z,2020-11-26T12:00:36.405Z,0,23.09,26-Nov-2020,,
188,5fc0ea805e5259000894e6ef,DELTAMAGNT,EQ,N,25.4,24.25,24.65,25.4,25.4,23.1,18772,471232.2,46.95,17.0,134,INE393A01011,2020-11-27,2020-11-26T18:30:00.000Z,2020-11-27T12:01:04.369Z,2020-11-27T12:01:04.369Z,0,25.1,27-Nov-2020,,
189,5fc63060eb74920008ab92f3,DELTAMAGNT,EQ,N,26.65,26.65,26.65,26.65,26.65,25.4,5331,142071.15,46.95,17.0,41,INE393A01011,2020-12-01,2020-11-30T18:30:00.000Z,2020-12-01T12:00:32.087Z,2020-12-01T12:00:32.087Z,0,26.65,01-Dec-2020,,
190,5fc78200fdaa170009fa88bb,DELTAMAGNT,EQ,N,27.95,26.0,27.95,27.95,27.95,26.65,70833,1950599.3,46.95,17.0,464,INE393A01011,2020-12-02,2020-12-01T18:30:00.000Z,2020-12-02T12:01:04.748Z,2020-12-02T12:01:04.748Z,0,27.54,02-Dec-2020,,
191,5fc8d35efdaa170009fb61dd,DELTAMAGNT,EQ,N,29.3,29.0,29.3,29.3,29.3,27.95,14748,431743.4,46.95,17.0,98,INE393A01011,2020-12-03,2020-12-02T18:30:00.000Z,2020-12-03T12:00:30.202Z,2020-12-03T12:00:30.202Z,0,29.27,03-Dec-2020,,
192,5f5f5b65d8f5e500081a932b,DELTAMAGNT,EQ,N,19.9,19.05,19.9,19.2,19.2,19.45,4142,79775.55,46.95,17.1,130,INE393A01011,2020-09-14,2020-09-13T18:30:00.000Z,2020-09-14T12:00:37.843Z,2020-09-14T12:00:37.843Z,0,19.26,14-Sep-2020,,
193,5f60ace485f66a00082f24b0,DELTAMAGNT,EQ,N,19.3,19.0,19.2,19.25,19.25,19.2,1381,26494.95,46.95,17.1,28,INE393A01011,2020-09-15,2020-09-14T18:30:00.000Z,2020-09-15T12:00:36.965Z,2020-09-15T12:00:36.965Z,0,19.19,15-Sep-2020,,
194,5f61fe80881ad000082d4c39,DELTAMAGNT,EQ,N,19.7,18.65,19.25,19.5,19.35,19.25,3103,59512.1,46.95,17.1,48,INE393A01011,2020-09-16,2020-09-15T18:30:00.000Z,2020-09-16T12:01:04.911Z,2020-09-16T12:01:04.911Z,0,19.18,16-Sep-2020,,
195,5f6350004bb3370008cc1c56,DELTAMAGNT,EQ,N,20.0,18.7,18.7,19.15,19.05,19.5,4029,79301.8,46.95,17.1,31,INE393A01011,2020-09-17,2020-09-16T18:30:00.000Z,2020-09-17T12:01:04.719Z,2020-09-17T12:01:04.719Z,0,19.68,17-Sep-2020,,
196,5f64a180b3e7590008061d2c,DELTAMAGNT,EQ,N,19.9,19.0,19.0,19.85,19.3,19.15,3451,67965.25,46.95,17.1,126,INE393A01011,2020-09-18,2020-09-17T18:30:00.000Z,2020-09-18T12:01:04.837Z,2020-09-18T12:01:04.837Z,0,19.69,18-Sep-2020,,"[{'symbol': 'DELTAMAGNT', 'series': 'EQ', 'ind': '-', 'faceVal': '10', 'subject': ' Annual General Meeting', 'exDate': '18-Sep-2020', 'recDate': '-', 'bcStartDate': '22-Sep-2020', 'bcEndDate': '27-Sep-2020', 'ndStartDate': '-', 'comp': 'Delta Manufacturing Limited', 'isin': 'INE393A01011', 'ndEndDate': '-', 'caBroadcastDate': None}]"
197,5f6895e338ec4f0008c0fc3c,DELTAMAGNT,EQ,N,19.7,18.9,19.1,19.0,19.6,19.85,2032,38749.45,46.95,17.1,28,INE393A01011,2020-09-21,2020-09-20T18:30:00.000Z,2020-09-21T12:00:35.030Z,2020-09-21T12:00:35.030Z,0,19.07,21-Sep-2020,,
198,5f69e78095ff530008e39385,DELTAMAGNT,EQ,N,19.45,18.25,18.25,19.0,19.0,19.0,1126,20867.85,46.95,17.1,17,INE393A01011,2020-09-22,2020-09-21T18:30:00.000Z,2020-09-22T12:01:04.634Z,2020-09-22T12:01:04.634Z,0,18.53,22-Sep-2020,,
199,5f6b38e378ccfd0008ab04cb,DELTAMAGNT,EQ,N,19.4,18.15,18.15,18.4,18.8,19.0,495,9240.05,46.95,17.1,16,INE393A01011,2020-09-23,2020-09-22T18:30:00.000Z,2020-09-23T12:00:35.987Z,2020-09-23T12:00:35.987Z,0,18.67,23-Sep-2020,,
200,5f6c8a6295ff530008e39d48,DELTAMAGNT,EQ,N,19.3,17.5,17.5,17.55,17.55,18.4,11445,205038.95,46.95,17.1,73,INE393A01011,2020-09-24,2020-09-23T18:30:00.000Z,2020-09-24T12:00:34.288Z,2020-09-24T12:00:34.288Z,0,17.92,24-Sep-2020,,
201,5f6ddbe61f5dbf0008782f9f,DELTAMAGNT,EQ,N,18.4,17.0,17.0,18.0,18.0,17.55,659,11864.4,46.95,17.0,19,INE393A01011,2020-09-25,2020-09-24T18:30:00.000Z,2020-09-25T12:00:38.220Z,2020-09-25T12:00:38.220Z,0,18.0,25-Sep-2020,,
202,5f71d05e95ff530008e3aae4,DELTAMAGNT,EQ,N,18.9,18.0,18.0,18.75,18.8,18.0,678,12588.5,46.95,17.0,14,INE393A01011,2020-09-28,2020-09-27T18:30:00.000Z,2020-09-28T12:00:30.982Z,2020-09-28T12:00:30.982Z,0,18.57,28-Sep-2020,,
203,5f7321e36c37890008e1be2b,DELTAMAGNT,EQ,N,19.6,18.25,18.9,19.05,18.85,18.75,4247,81471.1,46.95,17.0,41,INE393A01011,2020-09-29,2020-09-28T18:30:00.000Z,2020-09-29T12:00:36.032Z,2020-09-29T12:00:36.032Z,0,19.18,29-Sep-2020,,
204,5f747368da1e160008e262cd,DELTAMAGNT,EQ,N,19.5,18.35,19.5,19.35,19.4,19.05,1372,25657.2,46.95,17.0,20,INE393A01011,2020-09-30,2020-09-29T18:30:00.000Z,2020-09-30T12:00:40.159Z,2020-09-30T12:00:40.159Z,0,18.7,30-Sep-2020,,
205,5f75c4dfe6999100084e7853,DELTAMAGNT,EQ,N,19.45,18.45,18.65,18.6,18.6,19.35,3487,65242.2,46.95,17.0,34,INE393A01011,2020-10-01,2020-09-30T18:30:00.000Z,2020-10-01T12:00:31.097Z,2020-10-01T12:00:31.097Z,0,18.71,01-Oct-2020,,
206,5f7b0b0052d75a0008b56801,DELTAMAGNT,EQ,N,19.5,17.75,17.75,19.45,19.5,18.6,11434,219735.0,46.95,17.0,86,INE393A01011,2020-10-05,2020-10-04T18:30:00.000Z,2020-10-05T12:01:04.648Z,2020-10-05T12:01:04.648Z,0,19.22,05-Oct-2020,,
207,5f7c5c80fcd9700009409455,DELTAMAGNT,EQ,N,20.35,19.5,19.6,19.95,20.0,19.45,5142,102657.35,46.95,17.0,66,INE393A01011,2020-10-06,2020-10-05T18:30:00.000Z,2020-10-06T12:01:04.042Z,2020-10-06T12:01:04.042Z,0,19.96,06-Oct-2020,,
208,5f7dade53e35d40008457fbe,DELTAMAGNT,EQ,N,20.7,19.55,19.7,19.55,19.55,19.95,5182,102545.25,46.95,17.0,70,INE393A01011,2020-10-07,2020-10-06T18:30:00.000Z,2020-10-07T12:00:37.140Z,2020-10-07T12:00:37.140Z,0,19.79,07-Oct-2020,,
209,5f7eff803492d40008f0367e,DELTAMAGNT,EQ,N,20.95,18.0,18.0,19.7,19.95,19.55,6526,125947.0,46.95,17.0,67,INE393A01011,2020-10-08,2020-10-07T18:30:00.000Z,2020-10-08T12:01:04.183Z,2020-10-08T12:01:04.183Z,0,19.3,08-Oct-2020,,
210,5f805100547d2f00083f3c2c,DELTAMAGNT,EQ,N,20.4,18.1,20.4,19.5,19.5,19.7,7507,143660.3,46.95,17.0,101,INE393A01011,2020-10-09,2020-10-08T18:30:00.000Z,2020-10-09T12:01:04.040Z,2020-10-09T12:01:04.040Z,0,19.14,09-Oct-2020,,
211,5f844565547d2f00083f4cdb,DELTAMAGNT,EQ,N,19.25,18.45,19.0,18.95,19.25,19.5,1697,31951.85,46.95,17.0,53,INE393A01011,2020-10-12,2020-10-11T18:30:00.000Z,2020-10-12T12:00:37.549Z,2020-10-12T12:00:37.549Z,0,18.83,12-Oct-2020,,
212,5f859702547d2f00083f55e8,DELTAMAGNT,EQ,N,19.0,18.5,18.5,18.7,18.8,18.95,986,18400.4,46.95,17.0,18,INE393A01011,2020-10-13,2020-10-12T18:30:00.000Z,2020-10-13T12:01:06.403Z,2020-10-13T12:01:06.403Z,0,18.66,13-Oct-2020,,
213,5f86e880e47ceb0008d021a2,DELTAMAGNT,EQ,N,19.4,18.25,19.0,18.75,18.25,18.7,2688,51054.9,46.95,17.0,103,INE393A01011,2020-10-14,2020-10-13T18:30:00.000Z,2020-10-14T12:01:04.577Z,2020-10-14T12:01:04.577Z,0,18.99,14-Oct-2020,,
214,5f883a00a4af97000834345c,DELTAMAGNT,EQ,N,19.5,18.05,19.5,18.05,18.05,18.75,7131,130264.5,46.95,17.0,71,INE393A01011,2020-10-15,2020-10-14T18:30:00.000Z,2020-10-15T12:01:04.289Z,2020-10-15T12:01:04.289Z,0,18.27,15-Oct-2020,,
215,5f898b62a4af970008343d8f,DELTAMAGNT,EQ,N,18.75,17.3,18.05,17.95,18.0,18.05,2602,46724.0,46.95,17.0,86,INE393A01011,2020-10-16,2020-10-15T18:30:00.000Z,2020-10-16T12:00:34.149Z,2020-10-16T12:00:34.149Z,0,17.96,16-Oct-2020,,
216,5f8d7fddf1c69e000850b6ec,DELTAMAGNT,EQ,N,19.1,17.5,17.95,18.95,18.95,17.95,1714,32153.05,46.95,17.0,43,INE393A01011,2020-10-19,2020-10-18T18:30:00.000Z,2020-10-19T12:00:29.275Z,2020-10-19T12:00:29.275Z,0,18.76,19-Oct-2020,,
217,5f8ed164f1c69e000850bfe3,DELTAMAGNT,EQ,N,18.95,18.0,18.95,18.25,18.0,18.95,758,13942.65,46.95,17.0,26,INE393A01011,2020-10-20,2020-10-19T18:30:00.000Z,2020-10-20T12:00:36.191Z,2020-10-20T12:00:36.191Z,0,18.39,20-Oct-2020,,
218,5f9023009b381a00088ff62a,DELTAMAGNT,EQ,N,18.5,17.75,18.25,18.5,18.5,18.25,1325,24038.65,46.95,17.0,29,INE393A01011,2020-10-21,2020-10-20T18:30:00.000Z,2020-10-21T12:01:04.598Z,2020-10-21T12:01:04.598Z,0,18.14,21-Oct-2020,,
219,5f9174625967e70008187559,DELTAMAGNT,EQ,N,18.45,17.15,17.8,18.1,18.45,18.5,3373,60490.75,46.95,17.0,91,INE393A01011,2020-10-22,2020-10-21T18:30:00.000Z,2020-10-22T12:00:34.762Z,2020-10-22T12:00:34.762Z,0,17.93,22-Oct-2020,,
220,5f92c5e41ae58c000825f98c,DELTAMAGNT,EQ,N,18.45,17.85,18.2,18.3,18.4,18.1,3129,56546.75,46.95,17.0,43,INE393A01011,2020-10-23,2020-10-22T18:30:00.000Z,2020-10-23T12:00:36.985Z,2020-10-23T12:00:36.985Z,0,18.07,23-Oct-2020,,
221,5f2a9f801514770008429d59,DELTAMAGNT,EQ,N,21.55,20.6,20.85,20.75,20.75,21.6,4847,100771.8,46.95,17.1,28,INE393A01011,2020-08-05,2020-08-04T18:30:00.000Z,2020-08-05T12:01:04.554Z,2020-08-05T12:01:04.554Z,0,20.79,05-Aug-2020,,
222,5f2bf0e250193900082d53d6,DELTAMAGNT,EQ,N,21.6,20.25,20.75,21.05,21.45,20.75,3350,69951.9,46.95,17.1,61,INE393A01011,2020-08-06,2020-08-05T18:30:00.000Z,2020-08-06T12:00:34.236Z,2020-08-06T12:00:34.236Z,0,20.88,06-Aug-2020,,
223,5f2d42648d49840008eec63d,DELTAMAGNT,EQ,N,21.8,20.65,20.75,20.65,20.65,21.05,6605,138068.9,46.95,17.1,200,INE393A01011,2020-08-07,2020-08-06T18:30:00.000Z,2020-08-07T12:00:36.728Z,2020-08-07T12:00:36.728Z,0,20.9,07-Aug-2020,,
224,5f313700c4ae000008d854b4,DELTAMAGNT,EQ,N,21.65,20.75,21.6,21.0,21.0,20.65,9347,198076.4,46.95,17.1,264,INE393A01011,2020-08-10,2020-08-09T18:30:00.000Z,2020-08-10T12:01:04.570Z,2020-08-10T12:01:04.570Z,0,21.19,10-Aug-2020,,
225,5f32885dc4ae000008d86318,DELTAMAGNT,EQ,N,21.75,20.4,21.0,20.8,20.95,21.0,12061,251190.55,46.95,17.1,179,INE393A01011,2020-08-11,2020-08-10T18:30:00.000Z,2020-08-11T12:00:29.872Z,2020-08-11T12:00:29.872Z,0,20.83,11-Aug-2020,,
226,5f33d9e4721ed80008e25589,DELTAMAGNT,EQ,N,21.65,20.1,21.65,20.85,21.0,20.8,2350,48685.65,46.95,17.1,41,INE393A01011,2020-08-12,2020-08-11T18:30:00.000Z,2020-08-12T12:00:36.040Z,2020-08-12T12:00:36.040Z,0,20.72,12-Aug-2020,,
227,5f352b6673d8800008a07d58,DELTAMAGNT,EQ,N,21.45,20.55,20.55,21.1,21.2,20.85,3568,74877.7,46.95,17.1,44,INE393A01011,2020-08-13,2020-08-12T18:30:00.000Z,2020-08-13T12:00:39.012Z,2020-08-13T12:00:39.012Z,0,20.99,13-Aug-2020,,
228,5f367d003c2b740008c738bf,DELTAMAGNT,EQ,N,21.9,20.75,21.3,21.0,21.0,21.1,10416,218936.4,46.95,17.1,33,INE393A01011,2020-08-14,2020-08-13T18:30:00.000Z,2020-08-14T12:01:04.219Z,2020-08-14T12:01:04.219Z,0,21.02,14-Aug-2020,,
229,5f3a718111c69a0008727ecd,DELTAMAGNT,EQ,N,21.45,20.55,20.9,21.0,21.0,21.0,2555,53430.95,46.95,17.1,29,INE393A01011,2020-08-17,2020-08-16T18:30:00.000Z,2020-08-17T12:01:05.309Z,2020-08-17T12:01:05.309Z,0,20.91,17-Aug-2020,,
230,5f3bc2e6d7035200088300cd,DELTAMAGNT,EQ,N,21.05,20.5,20.6,21.0,21.0,21.0,3447,71828.0,46.95,17.1,45,INE393A01011,2020-08-18,2020-08-17T18:30:00.000Z,2020-08-18T12:00:38.316Z,2020-08-18T12:00:38.316Z,0,20.84,18-Aug-2020,,
231,5f3d146417a2ec00084dc63e,DELTAMAGNT,EQ,N,21.2,20.6,21.0,20.8,20.8,21.0,13332,278035.1,46.95,17.1,61,INE393A01011,2020-08-19,2020-08-18T18:30:00.000Z,2020-08-19T12:00:36.942Z,2020-08-19T12:00:36.942Z,0,20.85,19-Aug-2020,,
232,5f3e65e0d840aa0008bc8115,DELTAMAGNT,EQ,N,21.75,20.75,20.8,21.45,21.5,20.8,11579,245564.2,46.95,17.1,56,INE393A01011,2020-08-20,2020-08-19T18:30:00.000Z,2020-08-20T12:00:32.162Z,2020-08-20T12:00:32.162Z,0,21.21,20-Aug-2020,,
233,5f3fb78127c1bc0008903655,DELTAMAGNT,EQ,N,21.7,20.7,21.45,21.15,21.5,21.45,22327,475062.8,46.95,17.1,102,INE393A01011,2020-08-21,2020-08-20T18:30:00.000Z,2020-08-21T12:01:05.302Z,2020-08-21T12:01:05.302Z,0,21.28,21-Aug-2020,,
234,5f43abe4517338000877a224,DELTAMAGNT,EQ,N,21.75,20.5,21.7,20.75,20.7,21.15,6935,146790.15,46.95,17.1,108,INE393A01011,2020-08-24,2020-08-23T18:30:00.000Z,2020-08-24T12:00:36.524Z,2020-08-24T12:00:36.524Z,0,21.17,24-Aug-2020,,
235,5f44fd80398e530008cbeb57,DELTAMAGNT,EQ,N,21.7,20.85,21.7,21.6,21.5,20.75,11610,247960.65,46.95,17.1,94,INE393A01011,2020-08-25,2020-08-24T18:30:00.000Z,2020-08-25T12:01:04.402Z,2020-08-25T12:01:04.402Z,0,21.36,25-Aug-2020,,
236,5f464f00dc93e90008a153bb,DELTAMAGNT,EQ,N,22.3,21.25,21.3,21.8,21.5,21.6,12202,262367.55,46.95,17.1,110,INE393A01011,2020-08-26,2020-08-25T18:30:00.000Z,2020-08-26T12:01:04.456Z,2020-08-26T12:01:04.456Z,0,21.5,26-Aug-2020,,
237,5f47a080d038060009fe1737,DELTAMAGNT,EQ,N,22.0,21.25,21.5,21.6,21.55,21.8,2218,48230.6,46.95,17.1,55,INE393A01011,2020-08-27,2020-08-26T18:30:00.000Z,2020-08-27T12:01:04.134Z,2020-08-27T12:01:04.134Z,0,21.75,27-Aug-2020,,
238,5f48f1de4f56cd000843de67,DELTAMAGNT,EQ,N,21.95,20.65,21.95,21.1,21.1,21.6,13214,280296.1,46.95,17.1,310,INE393A01011,2020-08-28,2020-08-27T18:30:00.000Z,2020-08-28T12:00:30.221Z,2020-08-28T12:00:30.221Z,0,21.21,28-Aug-2020,,
239,5f4ce66658b0e9000908622c,DELTAMAGNT,EQ,N,21.35,20.55,21.0,20.6,20.55,21.1,7493,156794.0,46.95,17.1,72,INE393A01011,2020-08-31,2020-08-30T18:30:00.000Z,2020-08-31T12:00:38.821Z,2020-08-31T12:00:38.821Z,0,20.93,31-Aug-2020,,
240,5f4e37e3ebde4f0009f91608,DELTAMAGNT,EQ,N,21.45,20.15,21.0,20.4,20.4,20.6,1090,22490.95,46.95,17.1,29,INE393A01011,2020-09-01,2020-08-31T18:30:00.000Z,2020-09-01T12:00:35.306Z,2020-09-01T12:00:35.306Z,0,20.63,01-Sep-2020,,
241,5f4f8980f5452d0008a0523a,DELTAMAGNT,EQ,N,21.2,20.4,20.75,20.75,21.05,20.4,2972,61865.2,46.95,17.1,47,INE393A01011,2020-09-02,2020-09-01T18:30:00.000Z,2020-09-02T12:01:04.882Z,2020-09-02T12:01:04.882Z,0,20.82,02-Sep-2020,,
242,5f50db012a3f71000842c977,DELTAMAGNT,EQ,N,21.45,20.4,21.45,20.5,20.6,20.75,3825,79037.0,46.95,17.1,39,INE393A01011,2020-09-03,2020-09-02T18:30:00.000Z,2020-09-03T12:01:05.210Z,2020-09-03T12:01:05.210Z,0,20.66,03-Sep-2020,,
243,5f522c808562d40008453d12,DELTAMAGNT,EQ,N,21.4,20.05,20.2,20.7,20.9,20.5,2584,53813.05,46.95,17.1,38,INE393A01011,2020-09-04,2020-09-03T18:30:00.000Z,2020-09-04T12:01:04.797Z,2020-09-04T12:01:04.797Z,0,20.83,04-Sep-2020,,
244,5f5620e49db6d40008c4e5d2,DELTAMAGNT,EQ,N,21.0,20.3,21.0,20.35,20.3,20.7,1988,40721.4,46.95,17.1,46,INE393A01011,2020-09-07,2020-09-06T18:30:00.000Z,2020-09-07T12:00:36.294Z,2020-09-07T12:00:36.294Z,0,20.48,07-Sep-2020,,
245,5f5772635c8f3c0008c9473c,DELTAMAGNT,EQ,N,20.6,19.6,19.6,20.4,20.25,20.35,2536,51401.7,46.95,17.1,28,INE393A01011,2020-09-08,2020-09-07T18:30:00.000Z,2020-09-08T12:00:35.466Z,2020-09-08T12:00:35.466Z,0,20.27,08-Sep-2020,,
246,5f58c3e5fb95de00085ab69a,DELTAMAGNT,EQ,N,20.85,19.6,20.0,20.05,19.8,20.4,4066,80571.9,46.95,17.1,34,INE393A01011,2020-09-09,2020-09-08T18:30:00.000Z,2020-09-09T12:00:37.223Z,2020-09-09T12:00:37.223Z,0,19.82,09-Sep-2020,,
247,5f5a155e3390f6000817c593,DELTAMAGNT,EQ,N,20.45,19.05,19.8,19.1,19.05,20.05,7825,150141.55,46.95,17.1,76,INE393A01011,2020-09-10,2020-09-09T18:30:00.000Z,2020-09-10T12:00:30.376Z,2020-09-10T12:00:30.376Z,0,19.19,10-Sep-2020,,
248,5f5b66e6b1bd6300081d8195,DELTAMAGNT,EQ,N,19.85,19.05,19.1,19.45,19.5,19.1,1452,27916.3,46.95,17.1,26,INE393A01011,2020-09-11,2020-09-10T18:30:00.000Z,2020-09-11T12:00:38.400Z,2020-09-11T12:00:38.400Z,0,19.23,11-Sep-2020,,
249,5f5f5b65d8f5e500081a932b,DELTAMAGNT,EQ,N,19.9,19.05,19.9,19.2,19.2,19.45,4142,79775.55,46.95,17.1,130,INE393A01011,2020-09-14,2020-09-13T18:30:00.000Z,2020-09-14T12:00:37.843Z,2020-09-14T12:00:37.843Z,0,19.26,14-Sep-2020,,
250,5ef5e380c1a70000082b9385,DELTAMAGNT,EQ,N,27.05,25.35,25.85,27.05,27.05,24.6,22723,603075.95,48.75,17.1,295,INE393A01011,2020-06-26,2020-06-25T18:30:00.000Z,2020-06-26T12:01:04.040Z,2020-06-26T12:01:04.040Z,0,26.54,26-Jun-2020,,
251,5efa2265d683380008b43e23,DELTAMAGNT,EQ,N,29.75,28.6,28.6,29.75,29.75,27.05,29460,864661.7,47.7,17.1,246,INE393A01011,2020-06-29,2020-06-28T18:30:00.000Z,2020-06-29T17:18:29.427Z,2020-06-29T17:18:29.427Z,0,29.35,29-Jun-2020,,
252,5efb295d9088950008139008,DELTAMAGNT,EQ,N,30.9,28.3,30.9,28.3,28.3,29.75,18092,539193.05,47.7,17.1,160,INE393A01011,2020-06-30,2020-06-29T18:30:00.000Z,2020-06-30T12:00:29.071Z,2020-06-30T12:00:29.071Z,0,29.8,30-Jun-2020,,
253,5efcc96b0b8f47000850e2ec,DELTAMAGNT,EQ,N,26.9,26.9,26.9,26.9,26.9,28.3,1308,35185.2,47.7,17.1,24,INE393A01011,2020-07-01,2020-06-30T18:30:00.000Z,2020-07-01T17:35:39.484Z,2020-07-01T17:35:39.484Z,0,26.9,01-Jul-2020,,
254,5efdcc807869e500097339c8,DELTAMAGNT,EQ,N,25.6,25.6,25.6,25.6,25.6,26.9,3007,76979.2,47.7,17.1,32,INE393A01011,2020-07-02,2020-07-01T18:30:00.000Z,2020-07-02T12:01:04.565Z,2020-07-02T12:01:04.565Z,0,25.6,02-Jul-2020,,
255,5eff1e0159d2de000814f944,DELTAMAGNT,EQ,N,24.45,24.35,24.4,24.35,24.35,25.6,7801,190045.35,47.7,17.1,71,INE393A01011,2020-07-03,2020-07-02T18:30:00.000Z,2020-07-03T12:01:05.313Z,2020-07-03T12:01:05.313Z,0,24.36,03-Jul-2020,,
256,5f111c04da8bb90009dbd267,DELTAMAGNT,EQ,N,24.35,23.15,24.35,23.6,23.65,24.35,9219,219609.75,47.7,17.1,227,INE393A01011,2020-07-06,2020-07-05T18:30:00.000Z,2020-07-17T03:33:24.364Z,2020-07-17T03:33:24.364Z,0,23.82,06-Jul-2020,,
257,5f0463e19c0f4b0008140f38,DELTAMAGNT,EQ,N,24.75,22.45,22.85,23.4,23.4,23.6,16693,383098.7,47.7,17.1,297,INE393A01011,2020-07-07,2020-07-06T18:30:00.000Z,2020-07-07T12:00:33.375Z,2020-07-07T12:00:33.375Z,0,22.95,07-Jul-2020,,
258,5f05b58069b2c100082390d6,DELTAMAGNT,EQ,N,24.2,22.45,24.2,23.65,23.2,23.4,7919,185922.1,47.7,17.1,158,INE393A01011,2020-07-08,2020-07-07T18:30:00.000Z,2020-07-08T12:01:04.542Z,2020-07-08T12:01:04.542Z,0,23.48,08-Jul-2020,,
259,5f111b906a98190008dff4e4,DELTAMAGNT,EQ,N,24.05,22.8,22.8,23.25,23.1,23.65,6506,152445.0,47.7,17.1,83,INE393A01011,2020-07-09,2020-07-08T18:30:00.000Z,2020-07-17T03:31:28.576Z,2020-07-17T03:31:28.576Z,0,23.43,09-Jul-2020,,
260,5f111d39da8bb90009dbdb42,DELTAMAGNT,EQ,N,23.8,22.6,23.8,23.5,23.65,23.25,7223,168555.4,47.7,17.1,133,INE393A01011,2020-07-10,2020-07-09T18:30:00.000Z,2020-07-17T03:38:33.413Z,2020-07-17T03:38:33.413Z,0,23.34,10-Jul-2020,,
261,5f605fdf0c9b9500080a5987,DELTAMAGNT,EQ,N,23.85,22.75,23.15,23.0,22.75,23.5,4554,105108.9,46.95,17.1,104,INE393A01011,2020-07-13,2020-07-12T18:30:00.000Z,2020-09-15T06:31:59.350Z,2020-09-15T06:31:59.350Z,0,23.08,13-Jul-2020,,
262,5f0debe54826170008aa1e54,DELTAMAGNT,EQ,N,23.0,21.85,23.0,22.0,21.95,23.0,4432,98810.85,46.95,17.1,123,INE393A01011,2020-07-14,2020-07-13T18:30:00.000Z,2020-07-14T17:31:17.052Z,2020-07-14T17:31:17.052Z,0,22.29,14-Jul-2020,,
263,5f111cabcc94cd0009f48ff4,DELTAMAGNT,EQ,N,22.95,21.95,21.95,22.3,22.15,22.0,3493,78835.55,46.95,17.1,32,INE393A01011,2020-07-15,2020-07-14T18:30:00.000Z,2020-07-17T03:36:11.947Z,2020-07-17T03:36:11.947Z,0,22.57,15-Jul-2020,,
264,5f1098774fc18a00089d14eb,DELTAMAGNT,EQ,N,22.9,21.45,22.15,21.6,21.6,22.3,1587,34501.7,46.95,17.1,95,INE393A01011,2020-07-16,2020-07-15T18:30:00.000Z,2020-07-16T18:12:07.335Z,2020-07-16T18:12:07.335Z,0,21.74,16-Jul-2020,,
265,5f119300cef9350008a52673,DELTAMAGNT,EQ,N,21.75,20.8,20.8,21.25,21.6,21.6,2201,46609.85,46.95,17.1,65,INE393A01011,2020-07-17,2020-07-16T18:30:00.000Z,2020-07-17T12:01:04.875Z,2020-07-17T12:01:04.875Z,0,21.18,17-Jul-2020,,
266,5f15d4fb6317fd00080d7ccf,DELTAMAGNT,EQ,N,22.3,21.6,21.85,22.3,22.3,21.25,1730,38164.0,46.95,17.1,51,INE393A01011,2020-07-20,2020-07-19T18:30:00.000Z,2020-07-20T17:31:41.234Z,2020-07-20T17:31:41.234Z,0,22.06,20-Jul-2020,,
267,5f16d900efc9fc0008af7b7b,DELTAMAGNT,EQ,N,23.4,22.3,23.0,22.5,22.5,22.3,4131,94405.45,46.95,17.1,46,INE393A01011,2020-07-21,2020-07-20T18:30:00.000Z,2020-07-21T12:01:04.818Z,2020-07-21T12:01:04.818Z,0,22.85,21-Jul-2020,,
268,5f182ab1fc4c4600084129df,DELTAMAGNT,EQ,N,23.4,21.4,23.4,21.95,22.5,22.5,4655,102421.0,46.95,17.1,146,INE393A01011,2020-07-22,2020-07-21T18:30:00.000Z,2020-07-22T12:01:54.150Z,2020-07-22T12:01:54.150Z,0,22.0,22-Jul-2020,,
269,5f1b186c8a46ea0008de2b15,DELTAMAGNT,EQ,N,22.5,21.25,21.25,21.75,22.0,21.95,5229,112111.2,46.95,17.1,52,INE393A01011,2020-07-23,2020-07-22T18:30:00.000Z,2020-07-24T17:20:44.639Z,2020-07-24T17:20:44.639Z,0,21.44,23-Jul-2020,,
270,5f1b182edd82bb00086f5b70,DELTAMAGNT,EQ,N,21.85,20.85,21.1,21.1,21.5,21.75,8242,174904.55,46.95,17.1,109,INE393A01011,2020-07-24,2020-07-23T18:30:00.000Z,2020-07-24T17:19:42.199Z,2020-07-24T17:19:42.199Z,0,21.22,24-Jul-2020,,
271,5fa0dd8f0951f1000879fdf3,DELTAMAGNT,EQ,N,21.65,20.3,20.8,20.85,20.8,21.1,3677,76195.1,46.95,17.1,75,INE393A01011,2020-07-27,2020-07-26T18:30:00.000Z,2020-11-03T04:33:19.820Z,2020-11-03T04:33:19.820Z,0,20.72,27-Jul-2020,,
272,5f21414c02e98e0008a38cef,DELTAMAGNT,EQ,N,21.0,20.05,20.05,20.55,20.5,20.85,3989,82114.45,46.95,17.1,49,INE393A01011,2020-07-28,2020-07-27T18:30:00.000Z,2020-07-29T09:28:44.550Z,2020-07-29T09:28:44.550Z,0,20.59,28-Jul-2020,,
273,5f21652e071d1500088a0b8e,DELTAMAGNT,EQ,N,21.45,19.75,21.45,21.0,21.0,20.55,2146,45333.6,46.95,17.1,37,INE393A01011,2020-07-29,2020-07-28T18:30:00.000Z,2020-07-29T12:01:50.767Z,2020-07-29T12:01:50.767Z,0,21.12,29-Jul-2020,,
274,5f22fc362789e00008800281,DELTAMAGNT,EQ,N,21.65,20.5,21.0,20.85,20.65,21.0,1562,32917.45,46.95,17.1,36,INE393A01011,2020-07-30,2020-07-29T18:30:00.000Z,2020-07-30T16:58:30.716Z,2020-07-30T16:58:30.716Z,0,21.07,30-Jul-2020,,
275,5f2407fa6648970008dba790,DELTAMAGNT,EQ,N,21.4,20.25,20.85,20.95,21.35,20.85,1405,29247.95,46.95,17.1,28,INE393A01011,2020-07-31,2020-07-30T18:30:00.000Z,2020-07-31T12:00:58.943Z,2020-07-31T12:00:58.943Z,0,20.82,31-Jul-2020,,
276,5f27fc805b1a0f000868a477,DELTAMAGNT,EQ,N,21.95,20.4,21.0,20.8,20.85,20.95,1487,31451.8,46.95,17.1,26,INE393A01011,2020-08-03,2020-08-02T18:30:00.000Z,2020-08-03T12:01:04.226Z,2020-08-03T12:01:04.226Z,0,21.15,03-Aug-2020,,
277,5f294e0015147700084293a0,DELTAMAGNT,EQ,N,21.8,20.75,20.8,21.6,20.75,20.8,139,2990.4,46.95,17.1,9,INE393A01011,2020-08-04,2020-08-03T18:30:00.000Z,2020-08-04T12:01:04.263Z,2020-08-04T12:01:04.263Z,0,21.51,04-Aug-2020,,
278,5f2a9f801514770008429d59,DELTAMAGNT,EQ,N,21.55,20.6,20.85,20.75,20.75,21.6,4847,100771.8,46.95,17.1,28,INE393A01011,2020-08-05,2020-08-04T18:30:00.000Z,2020-08-05T12:01:04.554Z,2020-08-05T12:01:04.554Z,0,20.79,05-Aug-2020,,
279,5ece567f2e488c00082ac9dc,DELTAMAGNT,EQ,N,18.7,17.35,17.35,18.1,17.5,18.15,5244,93908.3,76.35,17.1,38,INE393A01011,2020-05-27,2020-05-26T18:30:00.000Z,2020-05-27T12:01:03.890Z,2020-05-27T12:01:03.890Z,0,17.91,27-May-2020,,
280,5ecfa7ff413b6c00082090ab,DELTAMAGNT,EQ,N,18.9,17.45,18.9,18.35,18.15,18.1,16399,303716.5,72.0,17.1,64,INE393A01011,2020-05-28,2020-05-27T18:30:00.000Z,2020-05-28T12:01:03.966Z,2020-05-28T12:01:03.966Z,0,18.52,28-May-2020,,
281,5ed0fd07623c1d00084ef653,DELTAMAGNT,EQ,N,18.7,17.55,18.0,18.4,18.25,18.35,2413,44076.35,70.0,17.1,31,INE393A01011,2020-05-29,2020-05-28T18:30:00.000Z,2020-05-29T12:16:07.480Z,2020-05-29T12:16:07.480Z,0,18.27,29-May-2020,,
282,5ed4edff76f1980008126e49,DELTAMAGNT,EQ,N,19.3,18.5,19.3,19.25,19.2,18.4,6259,120197.0,70.0,17.1,69,INE393A01011,2020-06-01,2020-05-31T18:30:00.000Z,2020-06-01T12:01:03.978Z,2020-06-01T12:01:03.978Z,0,19.2,01-Jun-2020,,
283,5ee7673da27a6a0008c9ecb7,DELTAMAGNT,EQ,N,20.2,18.85,19.05,20.2,20.2,19.25,11402,224324.15,70.0,17.1,102,INE393A01011,2020-06-02,2020-06-01T18:30:00.000Z,2020-06-15T12:19:09.276Z,2020-06-15T12:19:09.276Z,0,19.67,02-Jun-2020,,
284,5ed791017a1af200085d0710,DELTAMAGNT,EQ,N,21.2,20.3,21.2,21.15,21.2,20.2,13089,276021.0,70.0,17.1,115,INE393A01011,2020-06-03,2020-06-02T18:30:00.000Z,2020-06-03T12:01:05.456Z,2020-06-03T12:01:05.456Z,0,21.09,03-Jun-2020,,
285,5ed8e2644439fd0008512857,DELTAMAGNT,EQ,N,22.2,20.55,20.55,22.2,22.2,21.15,9721,213676.05,70.0,17.1,98,INE393A01011,2020-06-04,2020-06-03T18:30:00.000Z,2020-06-04T12:00:36.810Z,2020-06-04T12:00:36.810Z,0,21.98,04-Jun-2020,,
286,5eda340044f13100088b580c,DELTAMAGNT,EQ,N,24.4,21.2,21.2,24.4,24.4,22.2,16850,403303.65,65.5,17.1,119,INE393A01011,2020-06-05,2020-06-04T18:30:00.000Z,2020-06-05T12:01:04.396Z,2020-06-05T12:01:04.396Z,0,23.93,05-Jun-2020,,
287,5ef243ccb998c10008afc912,DELTAMAGNT,EQ,N,26.8,25.05,26.0,25.3,25.25,24.4,31965,820658.9,60.7,17.1,203,INE393A01011,2020-06-08,2020-06-07T18:30:00.000Z,2020-06-23T18:02:52.030Z,2020-06-23T18:02:52.030Z,0,25.67,08-Jun-2020,,
288,5ef243e0ba3ac100096f16d3,DELTAMAGNT,EQ,N,27.2,24.75,25.9,26.25,26.0,25.3,6866,180765.45,60.7,17.1,82,INE393A01011,2020-06-09,2020-06-08T18:30:00.000Z,2020-06-23T18:03:12.810Z,2020-06-23T18:03:12.810Z,0,26.33,09-Jun-2020,,
289,5ef24476f328a00008db0a20,DELTAMAGNT,EQ,N,26.85,23.65,26.05,24.25,24.5,26.25,21501,525065.75,60.7,17.1,544,INE393A01011,2020-06-10,2020-06-09T18:30:00.000Z,2020-06-23T18:05:42.631Z,2020-06-23T18:05:42.631Z,0,24.42,10-Jun-2020,,
290,5ef2444cc4ea2e0008a74df0,DELTAMAGNT,EQ,N,25.15,23.35,24.5,23.8,23.95,24.25,8632,207738.4,60.7,17.1,236,INE393A01011,2020-06-11,2020-06-10T18:30:00.000Z,2020-06-23T18:05:00.959Z,2020-06-23T18:05:00.959Z,0,24.07,11-Jun-2020,,
291,5ee36ed5f0beca000932bfc9,DELTAMAGNT,EQ,N,23.65,21.5,21.5,23.45,23.5,23.8,7270,163269.8,60.7,17.1,97,INE393A01011,2020-06-12,2020-06-11T18:30:00.000Z,2020-06-12T12:02:30.008Z,2020-06-12T12:02:30.008Z,0,22.46,12-Jun-2020,,
292,5ee768e2fdc386000899ad53,DELTAMAGNT,EQ,N,25.0,22.5,23.45,23.2,23.2,23.45,3971,93230.2,48.95,17.1,39,INE393A01011,2020-06-15,2020-06-14T18:30:00.000Z,2020-06-15T12:26:10.152Z,2020-06-15T12:26:10.152Z,0,23.48,15-Jun-2020,,
293,5ee8b47b6ad8fa00085c1e95,DELTAMAGNT,EQ,N,24.9,22.0,24.9,22.2,22.1,23.2,16247,373838.8,48.95,17.1,96,INE393A01011,2020-06-16,2020-06-15T18:30:00.000Z,2020-06-16T12:00:59.170Z,2020-06-16T12:00:59.170Z,0,23.01,16-Jun-2020,,
294,5eea05e946247b00083065a3,DELTAMAGNT,EQ,N,24.4,21.15,21.15,24.25,23.35,22.2,10424,241189.45,48.95,17.1,117,INE393A01011,2020-06-17,2020-06-16T18:30:00.000Z,2020-06-17T12:00:41.030Z,2020-06-17T12:00:41.030Z,0,23.14,17-Jun-2020,,
295,5eeb7f4ec126050008ec920b,DELTAMAGNT,EQ,N,24.15,22.7,24.15,23.55,23.6,24.25,3764,89099.15,48.95,17.1,65,INE393A01011,2020-06-18,2020-06-17T18:30:00.000Z,2020-06-18T14:50:54.550Z,2020-06-18T14:50:54.550Z,0,23.67,18-Jun-2020,,
296,5eeca90cca24150008292c1f,DELTAMAGNT,EQ,N,25.85,22.65,22.65,23.65,23.05,23.55,13041,317536.55,48.95,17.1,119,INE393A01011,2020-06-19,2020-06-18T18:30:00.000Z,2020-06-19T12:01:17.081Z,2020-06-19T12:01:17.081Z,0,24.35,19-Jun-2020,,
297,5ef243b35ff88f00087d7bfc,DELTAMAGNT,EQ,N,25.0,22.7,25.0,24.05,24.3,23.65,8951,213184.9,48.75,17.1,139,INE393A01011,2020-06-22,2020-06-21T18:30:00.000Z,2020-06-23T18:02:27.265Z,2020-06-23T18:02:27.265Z,0,23.82,22-Jun-2020,,
298,5ef1ef1f8d7230000817fa0d,DELTAMAGNT,EQ,N,25.45,23.2,25.0,24.1,24.1,24.05,16456,392285.2,48.75,17.1,178,INE393A01011,2020-06-23,2020-06-22T18:30:00.000Z,2020-06-23T12:01:35.944Z,2020-06-23T12:01:35.944Z,0,23.84,23-Jun-2020,,
299,5f111b309efdea00086cbe90,DELTAMAGNT,EQ,N,25.0,24.0,24.15,24.2,24.75,24.1,6477,157409.75,48.75,17.1,68,INE393A01011,2020-06-24,2020-06-23T18:30:00.000Z,2020-07-17T03:29:52.174Z,2020-07-17T03:29:52.174Z,0,24.3,24-Jun-2020,,
300,5f111b5f048982000805a933,DELTAMAGNT,EQ,N,26.0,24.2,24.2,24.6,24.6,24.2,9541,236055.5,48.75,17.1,128,INE393A01011,2020-06-25,2020-06-24T18:30:00.000Z,2020-07-17T03:30:39.369Z,2020-07-17T03:30:39.369Z,0,24.74,25-Jun-2020,,
301,5ef5e380c1a70000082b9385,DELTAMAGNT,EQ,N,27.05,25.35,25.85,27.05,27.05,24.6,22723,603075.95,48.75,17.1,295,INE393A01011,2020-06-26,2020-06-25T18:30:00.000Z,2020-06-26T12:01:04.040Z,2020-06-26T12:01:04.040Z,0,26.54,26-Jun-2020,,
302,5e8c6b7f097b5b00085aca70,DELTAMAGNT,EQ,N,29.8,23.15,26.9,27.45,26.75,24.85,25965,721778.45,76.35,17.1,562,INE393A01011,2020-04-07,2020-04-06T18:30:00.000Z,2020-04-07T12:01:03.652Z,2020-04-07T12:01:03.652Z,0,27.8,07-Apr-2020,,
303,5e8dbd002b81d000080d1586,DELTAMAGNT,EQ,N,29.3,25.3,29.3,26.2,25.6,27.45,13831,370116.05,76.35,17.1,307,INE393A01011,2020-04-08,2020-04-07T18:30:00.000Z,2020-04-08T12:01:04.210Z,2020-04-08T12:01:04.210Z,0,26.76,08-Apr-2020,,
304,5e8f0e7f9f28990008153d99,DELTAMAGNT,EQ,N,26.4,24.2,26.4,24.5,24.3,26.2,11616,289991.8,76.35,17.1,306,INE393A01011,2020-04-09,2020-04-08T18:30:00.000Z,2020-04-09T12:01:03.543Z,2020-04-09T12:01:03.543Z,0,24.96,09-Apr-2020,,
305,5e57af63a6a62e00087805f3,DELTAMAGNT,EQ,N,30.8,27.55,30.8,28.25,27.7,30.85,1074,30624.45,86.8,27.4,104,INE393A01011,2020-02-27,2020-02-26T18:30:00.000Z,2020-02-27T12:00:35.282Z,2020-02-27T12:00:35.282Z,0,28.51,27-Feb-2020,,
306,5e5900e3ce0adf0008888ce6,DELTAMAGNT,EQ,N,29.85,25.55,27.0,28.15,28.75,28.25,1322,35919.65,86.8,25.55,110,INE393A01011,2020-02-28,2020-02-27T18:30:00.000Z,2020-02-28T12:00:36.005Z,2020-02-28T12:00:36.005Z,0,27.17,28-Feb-2020,,
307,5e5cf57f9e55a200083f5587,DELTAMAGNT,EQ,N,29.8,25.5,28.15,25.8,26.4,28.15,2456,65649.9,83.8,25.5,138,INE393A01011,2020-03-02,2020-03-01T18:30:00.000Z,2020-03-02T12:01:03.215Z,2020-03-02T12:01:03.215Z,0,26.73,02-Mar-2020,,
308,5e5e46dc599ecf0008395200,DELTAMAGNT,EQ,N,27.5,25.2,27.5,25.7,26.95,25.8,521,13513.1,83.8,25.2,36,INE393A01011,2020-03-03,2020-03-02T18:30:00.000Z,2020-03-03T12:00:28.469Z,2020-03-03T12:00:28.469Z,0,25.94,03-Mar-2020,,
309,5e5f9861e28dc70008eebcaf,DELTAMAGNT,EQ,N,26.4,26.2,26.4,26.2,26.2,25.7,552,14525.25,83.8,25.2,32,INE393A01011,2020-03-04,2020-03-03T18:30:00.000Z,2020-03-04T12:00:33.818Z,2020-03-04T12:00:33.818Z,0,26.31,04-Mar-2020,,
310,5e60e9e13022d7000850184c,DELTAMAGNT,EQ,N,30.3,23.0,25.3,27.8,27.7,26.2,2716,74717.5,83.8,23.0,159,INE393A01011,2020-03-05,2020-03-04T18:30:00.000Z,2020-03-05T12:00:33.659Z,2020-03-05T12:00:33.659Z,0,27.51,05-Mar-2020,,
311,5e623b6113351a000888f910,DELTAMAGNT,EQ,N,29.0,23.55,29.0,27.7,28.45,27.8,2118,56681.35,83.8,23.0,119,INE393A01011,2020-03-06,2020-03-05T18:30:00.000Z,2020-03-06T12:00:33.750Z,2020-03-06T12:00:33.750Z,0,26.76,06-Mar-2020,,
312,5e662fff9fa524000822ba3c,DELTAMAGNT,EQ,N,28.8,25.15,28.8,27.75,26.25,27.7,1769,49297.4,82.9,23.0,150,INE393A01011,2020-03-09,2020-03-08T18:30:00.000Z,2020-03-09T12:01:03.517Z,2020-03-09T12:01:03.517Z,0,27.87,09-Mar-2020, Company name changed to DELTA MANUFACTURING LIMITED.,
313,5e68d2dd5def9e000876c077,DELTAMAGNT,EQ,N,28.5,23.5,24.4,25.7,25.05,27.75,301766,8121665.8,82.9,23.0,316,INE393A01011,2020-03-11,2020-03-10T18:30:00.000Z,2020-03-11T12:00:29.102Z,2020-03-11T12:00:29.102Z,0,26.91,11-Mar-2020,,
314,5e6a246427e7a10008ff1840,DELTAMAGNT,EQ,N,26.4,21.5,24.1,22.35,22.25,25.7,2870,70375.65,82.9,21.5,39,INE393A01011,2020-03-12,2020-03-11T18:30:00.000Z,2020-03-12T12:00:36.380Z,2020-03-12T12:00:36.380Z,0,24.52,12-Mar-2020,,
315,5e6b75e12901d300081cf975,DELTAMAGNT,EQ,N,25.9,18.0,18.0,24.5,24.5,22.35,1865,39193.85,82.9,18.0,45,INE393A01011,2020-03-13,2020-03-12T18:30:00.000Z,2020-03-13T12:00:33.867Z,2020-03-13T12:00:33.867Z,0,21.02,13-Mar-2020,,
316,5e6f6a805de3ae0008ceb2cd,DELTAMAGNT,EQ,N,24.8,23.0,24.0,24.5,24.5,24.5,1300,30990.4,79.9,18.0,47,INE393A01011,2020-03-16,2020-03-15T18:30:00.000Z,2020-03-16T12:01:04.054Z,2020-03-16T12:01:04.054Z,0,23.84,16-Mar-2020,,
317,5e70bbe2c32b4c00086b14ac,DELTAMAGNT,EQ,N,25.35,21.0,24.5,21.05,21.0,24.5,3796,84867.65,79.9,18.0,91,INE393A01011,2020-03-17,2020-03-16T18:30:00.000Z,2020-03-17T12:00:34.424Z,2020-03-17T12:00:34.424Z,0,22.36,17-Mar-2020,,
318,5e720d658a1f0f0008bf7151,DELTAMAGNT,EQ,N,21.9,17.35,21.9,17.95,17.6,21.05,1332,25719.95,79.9,17.35,78,INE393A01011,2020-03-18,2020-03-17T18:30:00.000Z,2020-03-18T12:00:37.446Z,2020-03-18T12:00:37.446Z,0,19.31,18-Mar-2020,,
319,5e735ede984da20008ffe95f,DELTAMAGNT,EQ,N,18.55,17.45,17.45,17.75,17.5,17.95,543,9744.0,79.9,17.35,21,INE393A01011,2020-03-19,2020-03-18T18:30:00.000Z,2020-03-19T12:00:30.596Z,2020-03-19T12:00:30.596Z,0,17.94,19-Mar-2020,,
320,5e74b062f727ea0008e5b258,DELTAMAGNT,EQ,N,21.05,18.5,18.5,21.05,21.05,17.75,1064,21886.0,79.9,17.35,26,INE393A01011,2020-03-20,2020-03-19T18:30:00.000Z,2020-03-20T12:00:34.325Z,2020-03-20T12:00:34.325Z,0,20.57,20-Mar-2020,,
321,5e78a4e452ea370008a7b9a8,DELTAMAGNT,EQ,N,24.95,17.1,18.0,20.7,21.0,21.05,4994,100726.55,76.9,17.1,154,INE393A01011,2020-03-23,2020-03-22T18:30:00.000Z,2020-03-23T12:00:36.280Z,2020-03-23T12:00:36.280Z,0,20.17,23-Mar-2020,,
322,5e79f67fe7b7180008a9c78d,DELTAMAGNT,EQ,N,24.8,19.9,21.0,21.4,21.95,20.7,4413,96740.35,76.9,17.1,394,INE393A01011,2020-03-24,2020-03-23T18:30:00.000Z,2020-03-24T12:01:03.323Z,2020-03-24T12:01:03.323Z,0,21.92,24-Mar-2020,,
323,5e7b47ffada1850008e448f8,DELTAMAGNT,EQ,N,22.3,17.75,20.0,20.0,19.85,21.4,4090,82962.4,76.9,17.1,201,INE393A01011,2020-03-25,2020-03-24T18:30:00.000Z,2020-03-25T12:01:03.331Z,2020-03-25T12:01:03.331Z,0,20.28,25-Mar-2020,,
324,5e7c997fd2f6610008810db3,DELTAMAGNT,EQ,N,24.0,19.9,20.8,21.1,20.35,20.0,2918,63212.45,76.9,17.1,169,INE393A01011,2020-03-26,2020-03-25T18:30:00.000Z,2020-03-26T12:01:03.562Z,2020-03-26T12:01:03.562Z,0,21.66,26-Mar-2020,,
325,5e7deae32fba8e000887b0e8,DELTAMAGNT,EQ,N,22.75,20.45,21.1,21.75,22.75,21.1,1221,25947.4,76.9,17.1,134,INE393A01011,2020-03-27,2020-03-26T18:30:00.000Z,2020-03-27T12:00:35.293Z,2020-03-27T12:00:35.293Z,0,21.25,27-Mar-2020,,
326,5e81dfbeba9bb000080b7a0e,DELTAMAGNT,EQ,N,26.1,21.1,22.75,24.2,24.0,21.75,20168,478071.65,76.65,17.1,423,INE393A01011,2020-03-30,2020-03-29T18:30:00.000Z,2020-03-30T12:02:06.384Z,2020-03-30T12:02:06.384Z,0,23.7,30-Mar-2020,,
327,5e8330ffe0c06f00088f8689,DELTAMAGNT,EQ,N,28.3,22.2,24.05,27.0,27.0,24.2,5530,141175.95,76.65,17.1,209,INE393A01011,2020-03-31,2020-03-30T18:30:00.000Z,2020-03-31T12:01:03.480Z,2020-03-31T12:01:03.480Z,0,25.53,31-Mar-2020,,
328,5e8482638ee8730008348f64,DELTAMAGNT,EQ,N,28.1,24.0,24.05,25.7,28.0,27.0,3804,100068.75,76.65,17.1,235,INE393A01011,2020-04-01,2020-03-31T18:30:00.000Z,2020-04-01T12:00:35.078Z,2020-04-01T12:00:35.078Z,0,26.31,01-Apr-2020,,
329,5e872563e4335f0008b35f6f,DELTAMAGNT,EQ,N,26.5,24.5,24.85,24.85,24.5,25.7,2493,63983.4,76.65,17.1,131,INE393A01011,2020-04-03,2020-04-02T18:30:00.000Z,2020-04-03T12:00:35.932Z,2020-04-03T12:00:35.932Z,0,25.67,03-Apr-2020,,
330,5e8c6b7f097b5b00085aca70,DELTAMAGNT,EQ,N,29.8,23.15,26.9,27.45,26.75,24.85,25965,721778.45,76.35,17.1,562,INE393A01011,2020-04-07,2020-04-06T18:30:00.000Z,2020-04-07T12:01:03.652Z,2020-04-07T12:01:03.652Z,0,27.8,07-Apr-2020,,
331,5e25966182871b00084652d8,DELTAMAGNT,EQ,N,39.5,37.1,39.5,38.25,38.25,38.2,809,30924.4,86.8,30.0,36,INE393A01011,2020-01-20,2020-01-19T18:30:00.000Z,2020-01-20T12:00:33.500Z,2020-01-20T12:00:33.500Z,0,38.23,20-Jan-2020,,
332,5e26e7e256a8090008139fc7,DELTAMAGNT,EQ,N,37.9,35.0,37.3,36.05,36.05,38.25,4606,167227.2,86.8,30.0,245,INE393A01011,2020-01-21,2020-01-20T18:30:00.000Z,2020-01-21T12:00:34.872Z,2020-01-21T12:00:34.872Z,0,36.31,21-Jan-2020,,
333,5e28395c350bd900081889f9,DELTAMAGNT,EQ,N,38.5,36.1,36.1,37.0,37.0,36.05,806,30101.05,86.8,30.0,30,INE393A01011,2020-01-22,2020-01-21T18:30:00.000Z,2020-01-22T12:00:29.005Z,2020-01-22T12:00:29.005Z,0,37.35,22-Jan-2020,,
334,5e298ae123252f0008a1d514,DELTAMAGNT,EQ,N,38.75,37.0,37.0,38.0,38.0,37.0,402,15259.4,86.8,30.0,16,INE393A01011,2020-01-23,2020-01-22T18:30:00.000Z,2020-01-23T12:00:33.856Z,2020-01-23T12:00:33.856Z,0,37.96,23-Jan-2020,,
335,5e2adc64ba04d60008ab20d8,DELTAMAGNT,EQ,N,39.0,36.15,36.15,38.85,38.85,38.0,845,32328.75,86.8,30.0,41,INE393A01011,2020-01-24,2020-01-23T18:30:00.000Z,2020-01-24T12:00:36.263Z,2020-01-24T12:00:36.263Z,0,38.26,24-Jan-2020,,
336,5e2ed1003d641100085c0576,DELTAMAGNT,EQ,N,38.85,36.0,38.85,37.9,36.0,38.85,1568,59792.4,86.8,30.0,103,INE393A01011,2020-01-27,2020-01-26T18:30:00.000Z,2020-01-27T12:01:04.274Z,2020-01-27T12:01:04.274Z,0,38.13,27-Jan-2020,,
337,5e30227fc65a7a0008f25827,DELTAMAGNT,EQ,N,38.3,36.2,36.2,38.3,38.3,37.9,100,3725.0,86.8,30.0,2,INE393A01011,2020-01-28,2020-01-27T18:30:00.000Z,2020-01-28T12:01:03.784Z,2020-01-28T12:01:03.784Z,0,37.25,28-Jan-2020,,
338,5e317400bfc8c60008092efb,DELTAMAGNT,EQ,N,38.8,36.1,38.7,36.55,36.55,38.3,2695,100963.3,86.8,30.0,137,INE393A01011,2020-01-29,2020-01-28T18:30:00.000Z,2020-01-29T12:01:04.074Z,2020-01-29T12:01:04.074Z,0,37.46,29-Jan-2020,,
339,5e32c57f1e3869000861b0b1,DELTAMAGNT,EQ,N,37.9,36.0,36.55,36.25,37.8,36.55,948,34841.7,86.8,30.0,64,INE393A01011,2020-01-30,2020-01-29T18:30:00.000Z,2020-01-30T12:01:03.381Z,2020-01-30T12:01:03.381Z,0,36.75,30-Jan-2020,,
340,5e3416e378f7fe0008261291,DELTAMAGNT,EQ,N,38.9,36.0,36.0,37.5,37.5,36.25,804,29836.5,86.8,30.0,92,INE393A01011,2020-01-31,2020-01-30T18:30:00.000Z,2020-01-31T12:00:35.043Z,2020-01-31T12:00:35.043Z,0,37.11,31-Jan-2020,,
341,5e35687f293b5a00089d4a15,DELTAMAGNT,EQ,N,38.95,36.15,36.15,36.5,36.4,37.5,94,3429.4,86.8,30.0,16,INE393A01011,2020-02-01,2020-01-31T18:30:00.000Z,2020-02-01T12:01:03.716Z,2020-02-01T12:01:03.716Z,0,36.48,01-Feb-2020,,
342,5e380b7f901a7e00088a0eda,DELTAMAGNT,EQ,N,38.0,35.05,35.05,36.4,37.7,36.5,193,7101.25,86.8,30.0,23,INE393A01011,2020-02-03,2020-02-02T18:30:00.000Z,2020-02-03T12:01:03.112Z,2020-02-03T12:01:03.112Z,0,36.79,03-Feb-2020,,
343,5e395ce323642000087514c6,DELTAMAGNT,EQ,N,37.95,35.3,35.5,35.35,35.35,36.4,1323,48142.1,86.8,30.0,49,INE393A01011,2020-02-04,2020-02-03T18:30:00.000Z,2020-02-04T12:00:35.073Z,2020-02-04T12:00:35.073Z,0,36.39,04-Feb-2020,,
344,5e3aae6184ff470008f85edb,DELTAMAGNT,EQ,N,37.95,34.0,35.0,35.25,35.5,35.35,2783,97961.15,86.8,30.0,220,INE393A01011,2020-02-05,2020-02-04T18:30:00.000Z,2020-02-05T12:00:33.139Z,2020-02-05T12:00:33.139Z,0,35.2,05-Feb-2020,,
345,5e3bffe3f669df000874df8d,DELTAMAGNT,EQ,N,36.9,34.05,34.05,36.0,36.9,35.25,1651,59377.05,86.8,30.0,94,INE393A01011,2020-02-06,2020-02-05T18:30:00.000Z,2020-02-06T12:00:35.558Z,2020-02-06T12:00:35.558Z,0,35.96,06-Feb-2020,,
346,5e3d51601163780008205526,DELTAMAGNT,EQ,N,37.5,34.2,35.55,36.05,34.75,36.0,1209,43219.4,86.8,30.0,120,INE393A01011,2020-02-07,2020-02-06T18:30:00.000Z,2020-02-07T12:00:32.972Z,2020-02-07T12:00:32.972Z,0,35.75,07-Feb-2020,,
347,5e414601792b6d0008359605,DELTAMAGNT,EQ,N,36.45,35.05,36.0,36.25,36.3,36.05,119,4318.3,86.8,30.0,9,INE393A01011,2020-02-10,2020-02-09T18:30:00.000Z,2020-02-10T12:01:05.130Z,2020-02-10T12:01:05.130Z,0,36.29,10-Feb-2020,,
348,5e42977fb371e50008f8592b,DELTAMAGNT,EQ,N,39.95,34.65,34.7,39.15,36.0,36.25,4462,164699.35,86.8,30.0,128,INE393A01011,2020-02-11,2020-02-10T18:30:00.000Z,2020-02-11T12:01:03.700Z,2020-02-11T12:01:03.700Z,0,36.91,11-Feb-2020,,
349,5e43e900ffef84000809be88,DELTAMAGNT,EQ,N,46.95,34.2,39.9,42.05,42.3,39.15,88497,3588753.7,86.8,30.0,1631,INE393A01011,2020-02-12,2020-02-11T18:30:00.000Z,2020-02-12T12:01:04.066Z,2020-02-12T12:01:04.066Z,0,40.55,12-Feb-2020,,
350,5e453a626a25560008636018,DELTAMAGNT,EQ,N,42.5,34.95,42.5,36.0,35.1,42.05,22750,836598.9,86.8,30.0,740,INE393A01011,2020-02-13,2020-02-12T18:30:00.000Z,2020-02-13T12:00:34.248Z,2020-02-13T12:00:34.248Z,0,36.77,13-Feb-2020,,
351,5e468bffe8dfc60008d8d771,DELTAMAGNT,EQ,N,36.5,31.0,34.35,32.75,31.5,36.0,27960,895191.9,86.8,30.0,993,INE393A01011,2020-02-14,2020-02-13T18:30:00.000Z,2020-02-14T12:01:03.349Z,2020-02-14T12:01:03.349Z,0,32.02,14-Feb-2020,,
352,5e4a8065a9e763000816ece0,DELTAMAGNT,EQ,N,32.7,28.75,32.7,30.45,30.5,32.75,7757,234996.55,86.8,28.75,247,INE393A01011,2020-02-17,2020-02-16T18:30:00.000Z,2020-02-17T12:00:37.354Z,2020-02-17T12:00:37.354Z,0,30.29,17-Feb-2020,,
353,5e4bd1feba0d890008571337,DELTAMAGNT,EQ,N,33.0,29.1,29.1,32.65,33.0,30.45,4573,140817.4,86.8,28.75,135,INE393A01011,2020-02-18,2020-02-17T18:30:00.000Z,2020-02-18T12:01:02.898Z,2020-02-18T12:01:02.898Z,0,30.79,18-Feb-2020,,
354,5e4d2364dce3890008feed62,DELTAMAGNT,EQ,N,33.0,30.05,32.9,30.7,30.05,32.65,2995,93212.4,86.8,28.75,92,INE393A01011,2020-02-19,2020-02-18T18:30:00.000Z,2020-02-19T12:00:36.784Z,2020-02-19T12:00:36.784Z,0,31.12,19-Feb-2020,,
355,5e4e74ffae37a30008180353,DELTAMAGNT,EQ,N,30.9,29.5,30.9,29.5,29.5,30.7,1804,54168.75,86.8,28.75,54,INE393A01011,2020-02-20,2020-02-19T18:30:00.000Z,2020-02-20T12:01:03.552Z,2020-02-20T12:01:03.552Z,0,30.03,20-Feb-2020,,
356,5e53baff39d4590008a05ccf,DELTAMAGNT,EQ,N,31.5,28.05,28.05,30.95,31.5,29.5,920,26952.1,86.8,28.05,73,INE393A01011,2020-02-24,2020-02-23T18:30:00.000Z,2020-02-24T12:01:03.660Z,2020-02-24T12:01:03.660Z,0,29.3,24-Feb-2020,,
357,5e550c624766bc00083dc7aa,DELTAMAGNT,EQ,N,31.45,28.6,31.45,29.0,28.6,30.95,976,29006.95,86.8,28.05,41,INE393A01011,2020-02-25,2020-02-24T18:30:00.000Z,2020-02-25T12:00:34.233Z,2020-02-25T12:00:34.233Z,0,29.72,25-Feb-2020,,
358,5e565de35a6517000885b30f,DELTAMAGNT,EQ,N,30.9,27.4,28.5,30.85,30.85,29.0,7,202.75,86.8,27.4,6,INE393A01011,2020-02-26,2020-02-25T18:30:00.000Z,2020-02-26T12:00:35.399Z,2020-02-26T12:00:35.399Z,0,28.96,26-Feb-2020,,
359,5e57af63a6a62e00087805f3,DELTAMAGNT,EQ,N,30.8,27.55,30.8,28.25,27.7,30.85,1074,30624.45,86.8,27.4,104,INE393A01011,2020-02-27,2020-02-26T18:30:00.000Z,2020-02-27T12:00:35.282Z,2020-02-27T12:00:35.282Z,0,28.51,27-Feb-2020,,
360,5dee378088cd7d0008bf1cb3,DELTAMAGNT,EQ,N,39.4,35.05,35.05,37.2,37.2,37.2,312,11039.6,88.05,30.0,8,INE393A01011,2019-12-09,2019-12-08T18:30:00.000Z,2019-12-09T12:01:04.018Z,2019-12-09T12:01:04.018Z,0,35.38,09-Dec-2019,,
361,5def88ffe7000d0008c6e158,DELTAMAGNT,EQ,N,40.5,33.55,37.2,34.8,37.75,37.2,52,1841.9,88.05,30.0,9,INE393A01011,2019-12-10,2019-12-09T18:30:00.000Z,2019-12-10T12:01:03.406Z,2019-12-10T12:01:03.406Z,0,35.42,10-Dec-2019,,
362,5df0da7f173f8f0008c579d5,DELTAMAGNT,EQ,N,37.0,33.0,33.0,36.7,36.7,34.8,313,10625.35,88.05,30.0,35,INE393A01011,2019-12-11,2019-12-10T18:30:00.000Z,2019-12-11T12:01:03.806Z,2019-12-11T12:01:03.806Z,0,33.95,11-Dec-2019,,
363,5df22bff68de3f00088eaf51,DELTAMAGNT,EQ,N,38.4,34.05,38.35,37.8,38.4,36.7,464,17642.0,88.05,30.0,26,INE393A01011,2019-12-12,2019-12-11T18:30:00.000Z,2019-12-12T12:01:03.101Z,2019-12-12T12:01:03.101Z,0,38.02,12-Dec-2019,,
364,5df37d7f95c8b1000944179a,DELTAMAGNT,EQ,N,38.7,34.6,37.8,35.4,35.0,37.8,155,5834.7,88.05,30.0,20,INE393A01011,2019-12-13,2019-12-12T18:30:00.000Z,2019-12-13T12:01:03.343Z,2019-12-13T12:01:03.343Z,0,37.64,13-Dec-2019,,
365,5df771ff673a0c0008d2d2a0,DELTAMAGNT,EQ,N,38.9,35.0,38.35,38.9,38.9,35.4,1228,47340.45,88.05,30.0,126,INE393A01011,2019-12-16,2019-12-15T18:30:00.000Z,2019-12-16T12:01:03.662Z,2019-12-16T12:01:03.662Z,0,38.55,16-Dec-2019,,
366,5df8c37f68de3f00088eb99e,DELTAMAGNT,EQ,N,41.0,38.05,41.0,38.3,39.5,38.9,3234,131461.3,88.05,30.0,48,INE393A01011,2019-12-17,2019-12-16T18:30:00.000Z,2019-12-17T12:01:03.485Z,2019-12-17T12:01:03.485Z,0,40.65,17-Dec-2019,,
367,5dfa14ffbda4b900080cbcd8,DELTAMAGNT,EQ,N,39.0,37.0,37.0,37.45,39.0,38.3,321,12007.2,88.05,30.0,53,INE393A01011,2019-12-18,2019-12-17T18:30:00.000Z,2019-12-18T12:01:03.365Z,2019-12-18T12:01:03.365Z,0,37.41,18-Dec-2019,,
368,5dfb66639bc9a50008f1dcdd,DELTAMAGNT,EQ,N,41.15,39.35,40.9,41.15,41.15,37.45,9710,398124.2,88.05,30.0,174,INE393A01011,2019-12-19,2019-12-18T18:30:00.000Z,2019-12-19T12:00:35.711Z,2019-12-19T12:00:35.711Z,0,41.0,19-Dec-2019,,
369,5dfcb7e30d56510008645275,DELTAMAGNT,EQ,N,44.8,41.2,41.2,41.8,42.25,41.15,4574,194298.75,88.05,30.0,214,INE393A01011,2019-12-20,2019-12-19T18:30:00.000Z,2019-12-20T12:00:35.193Z,2019-12-20T12:00:35.193Z,0,42.48,20-Dec-2019,,
370,5e00ac7ffe98840008e7d853,DELTAMAGNT,EQ,N,45.0,41.05,41.1,44.9,45.0,41.8,379,16483.85,88.05,30.0,27,INE393A01011,2019-12-23,2019-12-22T18:30:00.000Z,2019-12-23T12:01:03.579Z,2019-12-23T12:01:03.579Z,0,43.49,23-Dec-2019,,
371,5e01fdff3538520008107e04,DELTAMAGNT,EQ,N,44.8,40.55,40.55,42.25,44.5,44.9,2566,107627.4,88.05,30.0,221,INE393A01011,2019-12-24,2019-12-23T18:30:00.000Z,2019-12-24T12:01:03.120Z,2019-12-24T12:01:03.120Z,0,41.94,24-Dec-2019,,
372,5e04a35716f1bb0008a8ae79,DELTAMAGNT,EQ,N,43.9,40.55,42.95,42.7,43.0,42.25,1503,63767.15,88.05,30.0,93,INE393A01011,2019-12-26,2019-12-25T18:30:00.000Z,2019-12-26T12:11:03.235Z,2019-12-26T12:11:03.235Z,0,42.43,26-Dec-2019,,
373,5e05f263f1221d0008ea6329,DELTAMAGNT,EQ,N,44.4,39.1,42.7,43.35,44.1,42.7,3513,150532.85,88.05,30.0,254,INE393A01011,2019-12-27,2019-12-26T18:30:00.000Z,2019-12-27T12:00:35.859Z,2019-12-27T12:00:35.859Z,0,42.85,27-Dec-2019,,
374,5e09e6e2853e8f0008de2943,DELTAMAGNT,EQ,N,46.0,39.05,39.6,40.05,39.1,43.35,5454,221268.25,86.8,30.0,486,INE393A01011,2019-12-30,2019-12-29T18:30:00.000Z,2019-12-30T12:00:34.984Z,2019-12-30T12:00:34.984Z,0,40.57,30-Dec-2019,,
375,5e0b385e5c67aa00084af68d,DELTAMAGNT,EQ,N,44.0,39.05,42.0,40.95,40.7,40.05,4888,200391.4,86.8,30.0,255,INE393A01011,2019-12-31,2019-12-30T18:30:00.000Z,2019-12-31T12:00:30.578Z,2019-12-31T12:00:30.578Z,0,41.0,31-Dec-2019,,
376,5e0c89ff7eca93000835d02e,DELTAMAGNT,EQ,N,44.4,39.55,39.55,42.3,40.15,40.95,507,21217.35,86.8,30.0,31,INE393A01011,2020-01-01,2019-12-31T18:30:00.000Z,2020-01-01T12:01:03.393Z,2020-01-01T12:01:03.393Z,0,41.85,01-Jan-2020,,
377,5e0ddb7fa604190008fe64e0,DELTAMAGNT,EQ,N,45.0,39.0,45.0,40.9,40.35,42.3,4664,194829.7,86.8,30.0,205,INE393A01011,2020-01-02,2020-01-01T18:30:00.000Z,2020-01-02T12:01:03.697Z,2020-01-02T12:01:03.697Z,0,41.77,02-Jan-2020,,
378,5e0f2ce1bb6d660008439f49,DELTAMAGNT,EQ,N,42.0,40.05,40.05,40.35,41.2,40.9,562,22755.05,86.8,30.0,23,INE393A01011,2020-01-03,2020-01-02T18:30:00.000Z,2020-01-03T12:00:33.664Z,2020-01-03T12:00:33.664Z,0,40.49,03-Jan-2020,,
379,5e132161ab77820008ef119c,DELTAMAGNT,EQ,N,43.8,38.25,43.8,39.9,39.9,40.35,1988,77864.65,86.8,30.0,67,INE393A01011,2020-01-06,2020-01-05T18:30:00.000Z,2020-01-06T12:00:33.749Z,2020-01-06T12:00:33.749Z,0,39.17,06-Jan-2020,,
380,5e1472e309e5d5000818f302,DELTAMAGNT,EQ,N,40.95,38.05,38.05,39.5,39.5,39.9,145,5602.0,86.8,30.0,10,INE393A01011,2020-01-07,2020-01-06T18:30:00.000Z,2020-01-07T12:00:35.775Z,2020-01-07T12:00:35.775Z,0,38.63,07-Jan-2020,,
381,5e15c47fa590060008578686,DELTAMAGNT,EQ,N,40.9,38.0,40.0,38.8,38.0,39.5,1374,53256.15,86.8,30.0,33,INE393A01011,2020-01-08,2020-01-07T18:30:00.000Z,2020-01-08T12:01:03.821Z,2020-01-08T12:01:03.821Z,0,38.76,08-Jan-2020,,
382,5e1715e058fadb000853b1e7,DELTAMAGNT,EQ,N,41.5,39.0,41.5,39.2,39.2,38.8,161,6342.35,86.8,30.0,8,INE393A01011,2020-01-09,2020-01-08T18:30:00.000Z,2020-01-09T12:00:32.936Z,2020-01-09T12:00:32.936Z,0,39.39,09-Jan-2020,,
383,5e18677f8ce1e80008628fd2,DELTAMAGNT,EQ,N,40.5,36.0,40.0,37.2,36.5,39.2,1215,45882.3,86.8,30.0,54,INE393A01011,2020-01-10,2020-01-09T18:30:00.000Z,2020-01-10T12:01:03.812Z,2020-01-10T12:01:03.812Z,0,37.76,10-Jan-2020,,
384,5e1c5be21810e200086e0ee7,DELTAMAGNT,EQ,N,39.7,36.0,39.7,36.3,38.0,37.2,2024,74171.15,86.8,30.0,217,INE393A01011,2020-01-13,2020-01-12T18:30:00.000Z,2020-01-13T12:00:34.259Z,2020-01-13T12:00:34.259Z,0,36.65,13-Jan-2020,,
385,5e1dad7fdcdcd40008fc0a3d,DELTAMAGNT,EQ,N,39.0,36.6,36.6,38.55,38.5,36.3,1980,75766.2,86.8,30.0,107,INE393A01011,2020-01-14,2020-01-13T18:30:00.000Z,2020-01-14T12:01:03.646Z,2020-01-14T12:01:03.646Z,0,38.27,14-Jan-2020,,
386,5e1efee323a9bc00085db3e2,DELTAMAGNT,EQ,N,39.7,36.05,39.7,38.9,38.9,38.55,403,15727.85,86.8,30.0,19,INE393A01011,2020-01-15,2020-01-14T18:30:00.000Z,2020-01-15T12:00:35.941Z,2020-01-15T12:00:35.941Z,0,39.03,15-Jan-2020,,
387,5e20507fa4665300085b91fc,DELTAMAGNT,EQ,N,38.9,37.25,37.25,38.9,38.9,38.9,224,8677.25,86.8,30.0,9,INE393A01011,2020-01-16,2020-01-15T18:30:00.000Z,2020-01-16T12:01:03.366Z,2020-01-16T12:01:03.366Z,0,38.74,16-Jan-2020,,
388,5e21a1e136099d0008e3d4a5,DELTAMAGNT,EQ,N,39.0,36.45,36.45,38.2,38.0,38.9,382,14660.25,86.8,30.0,38,INE393A01011,2020-01-17,2020-01-16T18:30:00.000Z,2020-01-17T12:00:33.431Z,2020-01-17T12:00:33.431Z,0,38.38,17-Jan-2020,,
389,5dbacd00865268000831c69f,DELTAMAGNT,EQ,N,33.0,30.0,30.0,32.95,32.95,31.55,486,15790.0,98.95,30.0,29,INE393A01011,2019-10-31,2019-10-30T18:30:00.000Z,2019-10-31T12:01:04.571Z,2019-10-31T12:01:04.571Z,0,32.49,31-Oct-2019,,
390,5dbc1e7f2febd800088c5117,DELTAMAGNT,EQ,N,34.55,32.0,32.95,34.55,34.55,32.95,767,25396.85,98.95,30.0,32,INE393A01011,2019-11-01,2019-10-31T18:30:00.000Z,2019-11-01T12:01:03.627Z,2019-11-01T12:01:03.627Z,0,33.11,01-Nov-2019,,
391,5dc012ff15a63000085249f0,DELTAMAGNT,EQ,N,36.0,32.85,32.85,36.0,36.0,34.55,441,15630.75,98.95,30.0,6,INE393A01011,2019-11-04,2019-11-03T18:30:00.000Z,2019-11-04T12:01:03.842Z,2019-11-04T12:01:03.842Z,0,35.44,04-Nov-2019,,
392,5dc1647fc2584d0008e74f93,DELTAMAGNT,EQ,N,37.8,36.0,36.0,37.45,37.45,36.0,796,29109.55,98.95,30.0,14,INE393A01011,2019-11-05,2019-11-04T18:30:00.000Z,2019-11-05T12:01:03.984Z,2019-11-05T12:01:03.984Z,0,36.57,05-Nov-2019,,
393,5dc2b5ff1e6b7b0008938eb3,DELTAMAGNT,EQ,N,37.75,36.0,37.45,36.0,36.0,37.45,361,13579.25,98.95,30.0,10,INE393A01011,2019-11-06,2019-11-05T18:30:00.000Z,2019-11-06T12:01:03.709Z,2019-11-06T12:01:03.709Z,0,37.62,06-Nov-2019,,
394,5dc40780149abc00089a2db1,DELTAMAGNT,EQ,N,37.8,34.3,36.0,37.8,37.8,36.0,7262,267374.2,98.95,30.0,408,INE393A01011,2019-11-07,2019-11-06T18:30:00.000Z,2019-11-07T12:01:04.041Z,2019-11-07T12:01:04.041Z,0,36.82,07-Nov-2019,,
395,5dc558ff149abc00089a3727,DELTAMAGNT,EQ,N,39.65,36.0,39.65,36.45,39.0,37.8,397,14585.0,98.95,30.0,29,INE393A01011,2019-11-08,2019-11-07T18:30:00.000Z,2019-11-08T12:01:03.956Z,2019-11-08T12:01:03.956Z,0,36.74,08-Nov-2019,,
396,5dc94d7ff9478700083606c1,DELTAMAGNT,EQ,N,38.25,34.65,34.65,37.95,37.95,36.45,273,10144.9,98.95,30.0,6,INE393A01011,2019-11-11,2019-11-10T18:30:00.000Z,2019-11-11T12:01:03.698Z,2019-11-11T12:01:03.698Z,0,37.16,11-Nov-2019,,
397,5dcbf07f09bcd500080692d4,DELTAMAGNT,EQ,N,38.65,36.1,36.1,36.15,38.0,37.95,694,25108.7,98.95,30.0,22,INE393A01011,2019-11-13,2019-11-12T18:30:00.000Z,2019-11-13T12:01:03.027Z,2019-11-13T12:01:03.027Z,0,36.18,13-Nov-2019,,
398,5dcd41ff149abc00089a41e7,DELTAMAGNT,EQ,N,37.45,37.45,37.45,37.45,37.45,36.15,1,37.45,98.95,30.0,1,INE393A01011,2019-11-14,2019-11-13T18:30:00.000Z,2019-11-14T12:01:03.808Z,2019-11-14T12:01:03.808Z,0,37.45,14-Nov-2019,,
399,5dd287e22711c60008ee2625,DELTAMAGNT,EQ,N,37.45,37.45,37.45,37.45,37.45,37.45,30,1123.5,98.95,30.0,1,INE393A01011,2019-11-18,2019-11-17T18:30:00.000Z,2019-11-18T12:00:34.272Z,2019-11-18T12:00:34.272Z,0,37.45,18-Nov-2019,,
400,5dd3d9613cf4f80008a0296f,DELTAMAGNT,EQ,N,39.0,36.0,39.0,38.0,37.0,37.45,578,22005.15,98.95,30.0,108,INE393A01011,2019-11-19,2019-11-18T18:30:00.000Z,2019-11-19T12:00:33.989Z,2019-11-19T12:00:33.989Z,0,38.07,19-Nov-2019,,
401,5dd52ae176ea300008cbe36c,DELTAMAGNT,EQ,N,39.9,39.8,39.8,39.85,39.9,38.0,83,3306.7,98.95,30.0,3,INE393A01011,2019-11-20,2019-11-19T18:30:00.000Z,2019-11-20T12:00:33.858Z,2019-11-20T12:00:33.858Z,0,39.84,20-Nov-2019,,
402,5dd67c7faed06f00082c588b,DELTAMAGNT,EQ,N,39.9,39.0,39.0,39.8,39.8,39.85,38,1489.05,98.95,30.0,4,INE393A01011,2019-11-21,2019-11-20T18:30:00.000Z,2019-11-21T12:01:03.196Z,2019-11-21T12:01:03.196Z,0,39.19,21-Nov-2019,,
403,5ddbc27f5b5f1e0008a2b277,DELTAMAGNT,EQ,N,40.95,37.85,39.0,37.85,37.85,39.8,672,25501.95,91.75,30.0,24,INE393A01011,2019-11-25,2019-11-24T18:30:00.000Z,2019-11-25T12:01:03.695Z,2019-11-25T12:01:03.695Z,0,37.95,25-Nov-2019,,
404,5ddd13ffca03a80009b75e20,DELTAMAGNT,EQ,N,37.85,36.0,37.85,36.0,37.85,37.85,135,4923.95,91.75,30.0,11,INE393A01011,2019-11-26,2019-11-25T18:30:00.000Z,2019-11-26T12:01:03.811Z,2019-11-26T12:01:03.811Z,0,36.47,26-Nov-2019,,
405,5dde657f640e900008bf9d2d,DELTAMAGNT,EQ,N,37.8,37.8,37.8,37.8,37.8,36.0,52,1965.6,91.75,30.0,3,INE393A01011,2019-11-27,2019-11-26T18:30:00.000Z,2019-11-27T12:01:03.437Z,2019-11-27T12:01:03.437Z,0,37.8,27-Nov-2019,,
406,5ddfb6ffb2beec0008e35154,DELTAMAGNT,EQ,N,39.5,35.95,39.5,36.35,38.0,37.8,552,20385.85,91.75,30.0,48,INE393A01011,2019-11-28,2019-11-27T18:30:00.000Z,2019-11-28T12:01:03.719Z,2019-11-28T12:01:03.719Z,0,36.93,28-Nov-2019,,
407,5de108614c2b410008804735,DELTAMAGNT,EQ,N,38.15,34.55,34.55,38.15,38.15,36.35,2834,107389.95,91.75,30.0,22,INE393A01011,2019-11-29,2019-11-28T18:30:00.000Z,2019-11-29T12:00:33.703Z,2019-11-29T12:00:33.703Z,0,37.89,29-Nov-2019,,
408,5de4fcff06ab98000837871d,DELTAMAGNT,EQ,N,40.05,38.15,38.15,40.05,40.05,38.15,462,18390.8,88.05,30.0,13,INE393A01011,2019-12-02,2019-12-01T18:30:00.000Z,2019-12-02T12:01:03.759Z,2019-12-02T12:01:03.759Z,0,39.81,02-Dec-2019,,
409,5dfb2a98999fe80008e7ed31,DELTAMAGNT,EQ,N,40.0,38.25,40.0,40.0,40.0,40.05,367,14155.0,88.05,30.0,4,INE393A01011,2019-12-03,2019-12-02T18:30:00.000Z,2019-12-19T07:45:28.819Z,2019-12-19T07:45:28.819Z,0,38.57,03-Dec-2019,,
410,5de8f16193ae890008a4a967,DELTAMAGNT,EQ,N,39.75,39.5,39.75,39.5,39.5,40.0,2,79.25,88.05,30.0,2,INE393A01011,2019-12-05,2019-12-04T18:30:00.000Z,2019-12-05T12:00:33.783Z,2019-12-05T12:00:33.783Z,0,39.63,05-Dec-2019,,
411,5dea42ff643d80000872c815,DELTAMAGNT,EQ,N,38.0,35.8,36.1,37.2,37.2,39.5,648,23530.4,88.05,30.0,26,INE393A01011,2019-12-06,2019-12-05T18:30:00.000Z,2019-12-06T12:01:03.696Z,2019-12-06T12:01:03.696Z,0,36.31,06-Dec-2019,,
412,5dee378088cd7d0008bf1cb3,DELTAMAGNT,EQ,N,39.4,35.05,35.05,37.2,37.2,37.2,312,11039.6,88.05,30.0,8,INE393A01011,2019-12-09,2019-12-08T18:30:00.000Z,2019-12-09T12:01:04.018Z,2019-12-09T12:01:04.018Z,0,35.38,09-Dec-2019,,
