,_id,CH_SYMBOL,CH_SERIES,CH_MARKET_TYPE,CH_TRADE_HIGH_PRICE,CH_TRADE_LOW_PRICE,CH_OPENING_PRICE,CH_CLOSING_PRICE,CH_LAST_TRADED_PRICE,CH_PREVIOUS_CLS_PRICE,CH_TOT_TRADED_QTY,CH_TOT_TRADED_VAL,CH_52WEEK_HIGH_PRICE,CH_52WEEK_LOW_PRICE,CH_TOTAL_TRADES,CH_ISIN,CH_TIMESTAMP,TIMESTAMP,createdAt,updatedAt,__v,VWAP,mTIMESTAMP
0,616eb37e2137b10008e72e53,SBIETFIT,EQ,N,379.99,366.1,368.12,376.15,377.0,368.12,18201,6852163.06,395.9,201.2,307,INF200KA1S14,2021-10-19,2021-10-18T18:30:00.000Z,2021-10-19T12:01:02.627Z,2021-10-19T12:01:02.627Z,0,376.47,19-Oct-2021
1,61700bedffea140009a39f70,SBIETFIT,EQ,N,379.99,369.03,378.99,374.34,373.46,376.15,7605,2858160.71,395.9,201.2,232,INF200KA1S14,2021-10-20,2021-10-19T18:30:00.000Z,2021-10-20T12:30:37.701Z,2021-10-20T12:30:37.701Z,0,375.83,20-Oct-2021
2,61715661facf5c0008bb1622,SBIETFIT,EQ,N,376.99,361.54,376.99,366.05,366.38,374.34,12990,4775577.46,395.9,201.2,303,INF200KA1S14,2021-10-21,2021-10-20T18:30:00.000Z,2021-10-21T12:00:33.898Z,2021-10-21T12:00:33.898Z,0,367.63,21-Oct-2021
3,6172a8042dc18f00080fe7ab,SBIETFIT,EQ,N,369.59,357.13,368.0,360.77,360.95,366.05,6623,2393514.59,395.9,201.2,275,INF200KA1S14,2021-10-22,2021-10-21T18:30:00.000Z,2021-10-22T12:01:08.858Z,2021-10-22T12:01:08.858Z,0,361.39,22-Oct-2021
4,61769c5cdb443b0008c8e4f2,SBIETFIT,EQ,N,362.99,352.0,362.99,356.89,356.7,360.77,7724,2740709.82,395.9,203.0,290,INF200KA1S14,2021-10-25,2021-10-24T18:30:00.000Z,2021-10-25T12:00:28.272Z,2021-10-25T12:00:28.272Z,0,354.83,25-Oct-2021
5,6177edff2ed3fb00087deb31,SBIETFIT,EQ,N,363.97,355.1,359.99,359.76,359.99,356.89,4802,1728176.26,395.9,203.0,184,INF200KA1S14,2021-10-26,2021-10-25T18:30:00.000Z,2021-10-26T12:01:03.474Z,2021-10-26T12:01:03.474Z,0,359.89,26-Oct-2021
6,61793f847220a800093c67cc,SBIETFIT,EQ,N,370.0,358.5,370.0,361.63,362.3,359.76,3338,1206622.84,395.9,203.0,105,INF200KA1S14,2021-10-27,2021-10-26T18:30:00.000Z,2021-10-27T12:01:08.814Z,2021-10-27T12:01:08.814Z,0,361.48,27-Oct-2021
7,617a90e3b698860008b707ad,SBIETFIT,EQ,N,365.0,355.51,365.0,357.13,357.48,361.63,4297,1539279.09,395.9,203.0,199,INF200KA1S14,2021-10-28,2021-10-27T18:30:00.000Z,2021-10-28T12:00:35.161Z,2021-10-28T12:00:35.161Z,0,358.22,28-Oct-2021
8,6139f7679241480008a1a6c4,SBIETFIT,EQ,N,354.48,350.17,353.47,354.39,354.44,353.47,3790,1336735.51,385.8,201.2,123,INF200KA1S14,2021-09-09,2021-09-08T18:30:00.000Z,2021-09-09T12:00:39.590Z,2021-09-09T12:00:39.590Z,0,352.7,09-Sep-2021
9,613f3d5c66f15f00083944a9,SBIETFIT,EQ,N,358.78,352.0,357.99,355.59,355.31,354.39,3954,1406544.86,385.8,201.2,158,INF200KA1S14,2021-09-13,2021-09-12T18:30:00.000Z,2021-09-13T12:00:28.091Z,2021-09-13T12:00:28.091Z,0,355.73,13-Sep-2021
10,61408f008b051b0009544efa,SBIETFIT,EQ,N,359.99,355.15,359.99,359.72,359.92,355.59,1737,622629.91,385.8,201.2,140,INF200KA1S14,2021-09-14,2021-09-13T18:30:00.000Z,2021-09-14T12:01:04.797Z,2021-09-14T12:01:04.797Z,0,358.45,14-Sep-2021
11,6141e06352f3510008866bcf,SBIETFIT,EQ,N,369.5,359.72,363.99,368.12,368.37,359.72,4946,1811706.48,385.8,201.2,151,INF200KA1S14,2021-09-15,2021-09-14T18:30:00.000Z,2021-09-15T12:00:35.293Z,2021-09-15T12:00:35.293Z,0,366.3,15-Sep-2021
12,614331dc41895700088598a7,SBIETFIT,EQ,N,372.99,364.0,372.99,365.48,365.56,368.12,7115,2607634.72,385.8,201.2,215,INF200KA1S14,2021-09-16,2021-09-15T18:30:00.000Z,2021-09-16T12:00:28.165Z,2021-09-16T12:00:28.165Z,0,366.5,16-Sep-2021
13,6144837e7f66a400087551fe,SBIETFIT,EQ,N,369.99,361.1,369.99,363.24,362.6,365.48,3104,1134071.62,385.8,201.2,189,INF200KA1S14,2021-09-17,2021-09-16T18:30:00.000Z,2021-09-17T12:01:02.897Z,2021-09-17T12:01:02.897Z,0,365.36,17-Sep-2021
14,614877e3e0fcf60008e511c8,SBIETFIT,EQ,N,395.9,357.1,377.8,359.98,360.71,363.24,3976,1448646.98,395.9,201.2,228,INF200KA1S14,2021-09-20,2021-09-19T18:30:00.000Z,2021-09-20T12:00:35.404Z,2021-09-20T12:00:35.404Z,0,364.35,20-Sep-2021
15,6149c97ebf6def0009839ba6,SBIETFIT,EQ,N,367.99,359.15,359.98,366.26,367.99,359.98,1757,636155.37,395.9,201.2,130,INF200KA1S14,2021-09-21,2021-09-20T18:30:00.000Z,2021-09-21T12:01:02.956Z,2021-09-21T12:01:02.956Z,0,362.07,21-Sep-2021
16,614b1b00f6172a0008df4627,SBIETFIT,EQ,N,372.99,365.0,366.26,369.35,370.97,366.26,5250,1942540.35,395.9,201.2,149,INF200KA1S14,2021-09-22,2021-09-21T18:30:00.000Z,2021-09-22T12:01:04.730Z,2021-09-22T12:01:04.730Z,0,370.01,22-Sep-2021
17,614c6c65a3bb370008f104d4,SBIETFIT,EQ,N,376.0,369.1,373.99,373.94,373.01,369.35,2966,1109182.61,395.9,201.2,130,INF200KA1S14,2021-09-23,2021-09-22T18:30:00.000Z,2021-09-23T12:00:37.988Z,2021-09-23T12:00:37.988Z,0,373.97,23-Sep-2021
18,614dbde485b9910009314946,SBIETFIT,EQ,N,384.49,377.0,377.99,378.4,378.44,373.94,10561,4013219.04,395.9,201.2,279,INF200KA1S14,2021-09-24,2021-09-23T18:30:00.000Z,2021-09-24T12:00:36.200Z,2021-09-24T12:00:36.200Z,0,380.0,24-Sep-2021
19,6151b281c3f15b0008afe7e6,SBIETFIT,EQ,N,382.99,366.11,382.99,368.05,369.84,378.4,19375,7178079.98,395.9,201.2,515,INF200KA1S14,2021-09-27,2021-09-26T18:30:00.000Z,2021-09-27T12:01:05.165Z,2021-09-27T12:01:05.165Z,0,370.48,27-Sep-2021
20,615304064a501f0008b25877,SBIETFIT,EQ,N,370.0,356.26,365.0,359.98,361.2,368.05,16161,5810287.99,395.9,201.2,670,INF200KA1S14,2021-09-28,2021-09-27T18:30:00.000Z,2021-09-28T12:01:10.464Z,2021-09-28T12:01:10.464Z,0,359.53,28-Sep-2021
21,615455824a501f0008e4d00f,SBIETFIT,EQ,N,361.8,352.1,358.5,359.01,358.9,359.98,10032,3577088.5,395.9,201.2,298,INF200KA1S14,2021-09-29,2021-09-28T18:30:00.000Z,2021-09-29T12:01:06.402Z,2021-09-29T12:01:06.402Z,0,356.57,29-Sep-2021
22,6155a6ff595682000817632b,SBIETFIT,EQ,N,363.0,356.05,363.0,356.59,356.85,359.01,2595,930376.57,395.9,201.2,165,INF200KA1S14,2021-09-30,2021-09-29T18:30:00.000Z,2021-09-30T12:01:03.262Z,2021-09-30T12:01:03.262Z,0,358.53,30-Sep-2021
23,6156f85c00c38500086c2c8e,SBIETFIT,EQ,N,358.99,352.1,356.0,354.09,354.21,356.59,6023,2136579.14,395.9,201.2,241,INF200KA1S14,2021-10-01,2021-09-30T18:30:00.000Z,2021-10-01T12:00:28.143Z,2021-10-01T12:00:28.143Z,0,354.74,01-Oct-2021
24,615aecff00c38500088df8cf,SBIETFIT,EQ,N,363.97,352.0,359.99,357.77,358.29,354.09,4711,1683328.88,395.9,201.2,217,INF200KA1S14,2021-10-04,2021-10-03T18:30:00.000Z,2021-10-04T12:01:03.041Z,2021-10-04T12:01:03.041Z,0,357.32,04-Oct-2021
25,615c3e681728530008f0b1ab,SBIETFIT,EQ,N,362.12,353.0,359.99,360.98,361.95,357.77,3851,1370755.62,395.9,201.2,211,INF200KA1S14,2021-10-05,2021-10-04T18:30:00.000Z,2021-10-05T12:00:40.260Z,2021-10-05T12:00:40.260Z,0,355.95,05-Oct-2021
26,615d8fe17c2c3b00089ffcbd,SBIETFIT,EQ,N,366.0,356.11,364.99,356.96,356.89,360.98,4247,1529339.55,395.9,201.2,182,INF200KA1S14,2021-10-06,2021-10-05T18:30:00.000Z,2021-10-06T12:00:33.593Z,2021-10-06T12:00:33.593Z,0,360.1,06-Oct-2021
27,615ee161c7aa980008977e21,SBIETFIT,EQ,N,364.87,357.0,361.5,363.68,363.8,356.96,4532,1644894.85,395.9,201.2,125,INF200KA1S14,2021-10-07,2021-10-06T18:30:00.000Z,2021-10-07T12:00:33.168Z,2021-10-07T12:00:33.168Z,0,362.95,07-Oct-2021
28,6160330031c1ce0008cb05fc,SBIETFIT,EQ,N,373.0,362.1,362.1,369.11,368.65,363.68,9925,3670059.21,395.9,201.2,235,INF200KA1S14,2021-10-08,2021-10-07T18:30:00.000Z,2021-10-08T12:01:04.853Z,2021-10-08T12:01:04.853Z,0,369.78,08-Oct-2021
29,61644a8e1ffdf40008ba4146,SBIETFIT,EQ,N,369.11,354.95,369.11,358.57,358.7,369.11,22337,8028357.77,395.9,201.2,530,INF200KA1S14,2021-10-11,2021-10-10T18:30:00.000Z,2021-10-11T14:30:38.658Z,2021-10-11T14:30:38.658Z,0,359.42,11-Oct-2021
30,6165790160745c00089376eb,SBIETFIT,EQ,N,390.8,351.79,390.8,354.74,353.8,358.57,16486,5838410.33,395.9,201.2,532,INF200KA1S14,2021-10-12,2021-10-11T18:30:00.000Z,2021-10-12T12:01:05.308Z,2021-10-12T12:01:05.308Z,0,354.14,12-Oct-2021
31,6166ca6773e7b000082590d8,SBIETFIT,EQ,N,359.45,352.0,352.0,358.87,358.0,354.74,9755,3482280.72,395.9,201.2,194,INF200KA1S14,2021-10-13,2021-10-12T18:30:00.000Z,2021-10-13T12:00:39.425Z,2021-10-13T12:00:39.425Z,0,356.97,13-Oct-2021
32,61681bfe03a7b2000873de5c,SBIETFIT,EQ,N,391.2,361.19,391.2,363.22,362.0,358.87,13195,4837038.07,395.9,201.2,310,INF200KA1S14,2021-10-14,2021-10-13T18:30:00.000Z,2021-10-14T12:01:02.903Z,2021-10-14T12:01:02.903Z,0,366.58,14-Oct-2021
33,616d61e481039a0008f76657,SBIETFIT,EQ,N,369.0,363.0,367.0,368.12,368.98,363.22,8531,3131066.1,395.9,201.2,243,INF200KA1S14,2021-10-18,2021-10-17T18:30:00.000Z,2021-10-18T12:00:36.336Z,2021-10-18T12:00:36.336Z,0,367.02,18-Oct-2021
34,616eb37e2137b10008e72e53,SBIETFIT,EQ,N,379.99,366.1,368.12,376.15,377.0,368.12,18201,6852163.06,395.9,201.2,307,INF200KA1S14,2021-10-19,2021-10-18T18:30:00.000Z,2021-10-19T12:01:02.627Z,2021-10-19T12:01:02.627Z,0,376.47,19-Oct-2021
35,6107de7f4c6c270008f2174d,SBIETFIT,EQ,N,314.35,310.0,313.99,313.63,314.3,310.47,1708,533402.29,323.2,201.2,134,INF200KA1S14,2021-08-02,2021-08-01T18:30:00.000Z,2021-08-02T12:01:03.031Z,2021-08-02T12:01:03.031Z,0,312.3,02-Aug-2021
36,61092fe2ddfad700096fd887,SBIETFIT,EQ,N,318.13,312.95,315.99,316.83,318.0,313.63,1516,480076.23,323.2,201.2,117,INF200KA1S14,2021-08-03,2021-08-02T18:30:00.000Z,2021-08-03T12:00:34.548Z,2021-08-03T12:00:34.548Z,0,316.67,03-Aug-2021
37,610a815cddfad70009998d8b,SBIETFIT,EQ,N,319.99,315.0,316.83,315.01,315.01,316.83,2026,641671.17,323.2,201.2,102,INF200KA1S14,2021-08-04,2021-08-03T18:30:00.000Z,2021-08-04T12:00:28.681Z,2021-08-04T12:00:28.681Z,0,316.72,04-Aug-2021
38,610bd300c5cd9d00085921c1,SBIETFIT,EQ,N,320.0,316.1,317.99,317.97,317.5,315.01,4392,1398952.68,323.2,201.2,169,INF200KA1S14,2021-08-05,2021-08-04T18:30:00.000Z,2021-08-05T12:01:04.698Z,2021-08-05T12:01:04.698Z,0,318.52,05-Aug-2021
39,610d24621ad12f0009efa81a,SBIETFIT,EQ,N,346.6,315.65,346.6,318.91,317.65,317.97,2081,664945.5,346.6,201.2,106,INF200KA1S14,2021-08-06,2021-08-05T18:30:00.000Z,2021-08-06T12:00:34.443Z,2021-08-06T12:00:34.443Z,0,319.53,06-Aug-2021
40,611118e14df23100084ea81a,SBIETFIT,EQ,N,323.0,319.0,321.99,320.43,319.2,318.91,4682,1498524.92,346.6,201.2,109,INF200KA1S14,2021-08-09,2021-08-08T18:30:00.000Z,2021-08-09T12:00:33.687Z,2021-08-09T12:00:33.687Z,0,320.06,09-Aug-2021
41,61126a63cce4c40008592e98,SBIETFIT,EQ,N,349.3,319.01,322.99,322.38,322.92,320.43,6164,1985651.1,349.3,201.2,114,INF200KA1S14,2021-08-10,2021-08-09T18:30:00.000Z,2021-08-10T12:00:35.467Z,2021-08-10T12:00:35.467Z,0,322.14,10-Aug-2021
42,6113bbdb3759be000811202f,SBIETFIT,EQ,N,324.99,319.1,324.99,322.05,322.25,322.38,2031,651347.86,349.3,201.2,88,INF200KA1S14,2021-08-11,2021-08-10T18:30:00.000Z,2021-08-11T12:00:27.995Z,2021-08-11T12:00:27.995Z,0,320.7,11-Aug-2021
43,61150d62ea5aa20008b5ec1e,SBIETFIT,EQ,N,331.68,319.0,324.99,328.54,328.6,322.05,3086,1007784.55,349.3,201.2,134,INF200KA1S14,2021-08-12,2021-08-11T18:30:00.000Z,2021-08-12T12:00:34.014Z,2021-08-12T12:00:34.014Z,0,326.57,12-Aug-2021
44,61165ee45fd7730008dabc15,SBIETFIT,EQ,N,337.48,327.95,337.48,331.78,331.01,328.54,6567,2178188.05,349.3,201.2,165,INF200KA1S14,2021-08-13,2021-08-12T18:30:00.000Z,2021-08-13T12:00:36.092Z,2021-08-13T12:00:36.092Z,0,331.69,13-Aug-2021
45,611a5361cce4c4000835bf4f,SBIETFIT,EQ,N,336.98,330.08,334.99,332.12,332.39,331.78,5479,1825022.65,349.3,201.2,158,INF200KA1S14,2021-08-16,2021-08-15T18:30:00.000Z,2021-08-16T12:00:33.561Z,2021-08-16T12:00:33.561Z,0,333.09,16-Aug-2021
46,611ba501cce4c4000862a978,SBIETFIT,EQ,N,340.64,322.73,330.0,339.18,338.17,332.12,7903,2659528.8,349.3,201.2,166,INF200KA1S14,2021-08-17,2021-08-16T18:30:00.000Z,2021-08-17T12:01:05.108Z,2021-08-17T12:01:05.108Z,0,336.52,17-Aug-2021
47,611cf663913015000809b69e,SBIETFIT,EQ,N,343.99,339.0,343.99,341.62,340.75,339.18,11740,4010754.31,349.3,201.2,198,INF200KA1S14,2021-08-18,2021-08-17T18:30:00.000Z,2021-08-18T12:00:35.767Z,2021-08-18T12:00:35.767Z,0,341.63,18-Aug-2021
48,611f9961d448d000082abd1d,SBIETFIT,EQ,N,343.0,335.0,335.0,339.73,338.51,341.62,5469,1860049.24,349.3,201.2,142,INF200KA1S14,2021-08-20,2021-08-19T18:30:00.000Z,2021-08-20T12:00:33.827Z,2021-08-20T12:00:33.827Z,0,340.11,20-Aug-2021
49,61238de18095fa0008ef232a,SBIETFIT,EQ,N,347.71,342.14,344.0,345.79,343.1,339.73,6157,2123729.45,349.3,201.2,213,INF200KA1S14,2021-08-23,2021-08-22T18:30:00.000Z,2021-08-23T12:00:33.875Z,2021-08-23T12:00:33.875Z,0,344.93,23-Aug-2021
50,6124df7fa93925000851979b,SBIETFIT,EQ,N,348.44,342.01,347.99,345.14,345.25,345.79,9894,3408566.0,349.3,201.2,199,INF200KA1S14,2021-08-24,2021-08-23T18:30:00.000Z,2021-08-24T12:01:03.479Z,2021-08-24T12:01:03.479Z,0,344.51,24-Aug-2021
51,612630db2596f30008058731,SBIETFIT,EQ,N,349.93,342.3,347.0,346.88,346.0,345.14,5391,1873128.05,349.93,201.2,155,INF200KA1S14,2021-08-25,2021-08-24T18:30:00.000Z,2021-08-25T12:00:27.743Z,2021-08-25T12:00:27.743Z,0,347.45,25-Aug-2021
52,612782652596f3000805905f,SBIETFIT,EQ,N,378.1,342.6,378.1,346.25,345.2,346.88,5883,2043033.64,378.1,201.2,146,INF200KA1S14,2021-08-26,2021-08-25T18:30:00.000Z,2021-08-26T12:00:37.551Z,2021-08-26T12:00:37.551Z,0,347.28,26-Aug-2021
53,6128d3fe91221d0009d5aa11,SBIETFIT,EQ,N,349.0,342.6,346.2,348.87,348.85,346.25,3253,1132413.53,378.1,201.2,126,INF200KA1S14,2021-08-27,2021-08-26T18:30:00.000Z,2021-08-27T12:01:02.950Z,2021-08-27T12:01:02.950Z,0,348.11,27-Aug-2021
54,612cc863f99d720008a94b46,SBIETFIT,EQ,N,353.99,346.5,353.99,347.85,347.5,348.87,3809,1327164.22,378.1,201.2,220,INF200KA1S14,2021-08-30,2021-08-29T18:30:00.000Z,2021-08-30T12:00:35.527Z,2021-08-30T12:00:35.527Z,0,348.43,30-Aug-2021
55,612e19dceb0c1300081385c8,SBIETFIT,EQ,N,351.67,345.0,349.99,349.93,351.25,347.85,3946,1378383.54,378.1,201.2,156,INF200KA1S14,2021-08-31,2021-08-30T18:30:00.000Z,2021-08-31T12:00:28.183Z,2021-08-31T12:00:28.183Z,0,349.31,31-Aug-2021
56,612f6b62fca57e0008dc513d,SBIETFIT,EQ,N,353.7,346.1,350.0,347.95,347.88,349.93,4122,1433667.48,378.1,201.2,220,INF200KA1S14,2021-09-01,2021-08-31T18:30:00.000Z,2021-09-01T12:00:34.031Z,2021-09-01T12:00:34.031Z,0,347.81,01-Sep-2021
57,6130bcddadef120008504458,SBIETFIT,EQ,N,354.52,344.1,349.99,353.96,353.86,347.95,2867,1004192.62,378.1,201.2,155,INF200KA1S14,2021-09-02,2021-09-01T18:30:00.000Z,2021-09-02T12:00:29.784Z,2021-09-02T12:00:29.784Z,0,350.26,02-Sep-2021
58,61320e7f4f4d7600089d8d2b,SBIETFIT,EQ,N,385.8,351.01,356.99,355.26,353.26,353.96,7201,2555070.94,385.8,201.2,190,INF200KA1S14,2021-09-03,2021-09-02T18:30:00.000Z,2021-09-03T12:01:03.270Z,2021-09-03T12:01:03.270Z,0,354.82,03-Sep-2021
59,613602e366f15f00089e904c,SBIETFIT,EQ,N,361.09,353.0,358.0,360.57,360.25,355.26,3233,1154693.32,385.8,201.2,224,INF200KA1S14,2021-09-06,2021-09-05T18:30:00.000Z,2021-09-06T12:00:35.366Z,2021-09-06T12:00:35.366Z,0,357.16,06-Sep-2021
60,6137547eeb333d0008c0ed9b,SBIETFIT,EQ,N,364.0,355.51,363.99,356.29,356.69,360.57,4569,1638144.85,385.8,201.2,206,INF200KA1S14,2021-09-07,2021-09-06T18:30:00.000Z,2021-09-07T12:01:02.837Z,2021-09-07T12:01:02.837Z,0,358.53,07-Sep-2021
61,6138a5dc5a558200095d3436,SBIETFIT,EQ,N,359.99,351.0,359.99,353.47,353.69,356.29,7805,2758288.77,385.8,201.2,227,INF200KA1S14,2021-09-08,2021-09-07T18:30:00.000Z,2021-09-08T12:00:28.207Z,2021-09-08T12:00:28.207Z,0,353.4,08-Sep-2021
62,6139f7679241480008a1a6c4,SBIETFIT,EQ,N,354.48,350.17,353.47,354.39,354.44,353.47,3790,1336735.51,385.8,201.2,123,INF200KA1S14,2021-09-09,2021-09-08T18:30:00.000Z,2021-09-09T12:00:39.590Z,2021-09-09T12:00:39.590Z,0,352.7,09-Sep-2021
63,60d07f80b6df770008f3050e,SBIETFIT,EQ,N,290.95,283.1,290.95,287.96,288.3,288.56,1794,513266.49,300.0,201.2,135,INF200KA1S14,2021-06-21,2021-06-20T18:30:00.000Z,2021-06-21T12:01:04.923Z,2021-06-21T12:01:04.923Z,0,286.1,21-Jun-2021
64,60d1d0e39d5cc5000870721c,SBIETFIT,EQ,N,290.99,287.53,290.99,289.52,287.55,287.96,731,211445.34,300.0,201.2,104,INF200KA1S14,2021-06-22,2021-06-21T18:30:00.000Z,2021-06-22T12:00:35.065Z,2021-06-22T12:00:35.065Z,0,289.25,22-Jun-2021
65,60d3227e09721b0008101309,SBIETFIT,EQ,N,292.99,285.1,292.99,287.25,287.25,289.52,1448,417118.95,300.0,201.2,118,INF200KA1S14,2021-06-23,2021-06-22T18:30:00.000Z,2021-06-23T12:01:02.870Z,2021-06-23T12:01:02.870Z,0,288.07,23-Jun-2021
66,60d473e3b6726400082d8662,SBIETFIT,EQ,N,295.2,286.25,289.99,294.76,294.5,287.25,2026,592428.75,300.0,201.2,136,INF200KA1S14,2021-06-24,2021-06-23T18:30:00.000Z,2021-06-24T12:00:35.509Z,2021-06-24T12:00:35.509Z,0,292.41,24-Jun-2021
67,60d5c561761eef0008b83465,SBIETFIT,EQ,N,298.9,293.0,295.0,296.4,298.0,294.76,1270,375924.51,300.0,201.2,115,INF200KA1S14,2021-06-25,2021-06-24T18:30:00.000Z,2021-06-25T12:00:33.167Z,2021-06-25T12:00:33.167Z,0,296.0,25-Jun-2021
68,60d9b9dd758776000816a69a,SBIETFIT,EQ,N,298.0,293.41,298.0,295.4,295.43,296.4,2607,768526.28,300.0,201.2,151,INF200KA1S14,2021-06-28,2021-06-27T18:30:00.000Z,2021-06-28T12:00:29.993Z,2021-06-28T12:00:29.993Z,0,294.79,28-Jun-2021
69,60db0b609d5cc5000861333f,SBIETFIT,EQ,N,298.99,293.0,296.99,293.96,293.0,295.4,1546,454742.69,300.0,201.2,101,INF200KA1S14,2021-06-29,2021-06-28T18:30:00.000Z,2021-06-29T12:00:32.922Z,2021-06-29T12:00:32.922Z,0,294.14,29-Jun-2021
70,60dc5cdc7f32fd0009386c78,SBIETFIT,EQ,N,299.0,293.3,297.99,296.44,299.0,293.96,741,219367.13,300.0,201.2,98,INF200KA1S14,2021-06-30,2021-06-29T18:30:00.000Z,2021-06-30T12:00:28.381Z,2021-06-30T12:00:28.381Z,0,296.04,30-Jun-2021
71,60ddae6115ea3f0008fe5231,SBIETFIT,EQ,N,298.99,291.96,298.99,294.27,294.84,296.44,1960,576382.31,300.0,201.2,129,INF200KA1S14,2021-07-01,2021-06-30T18:30:00.000Z,2021-07-01T12:00:33.839Z,2021-07-01T12:00:33.839Z,0,294.07,01-Jul-2021
72,60deffe3f20fbd0009ce6146,SBIETFIT,EQ,N,297.0,290.01,297.0,294.57,294.79,294.27,2399,701628.88,300.0,201.2,133,INF200KA1S14,2021-07-02,2021-07-01T18:30:00.000Z,2021-07-02T12:00:35.253Z,2021-07-02T12:00:35.253Z,0,292.47,02-Jul-2021
73,60e2f461d502fe0008ce993a,SBIETFIT,EQ,N,297.99,293.0,297.99,294.24,294.01,294.57,5459,1607865.51,300.0,201.2,127,INF200KA1S14,2021-07-05,2021-07-04T18:30:00.000Z,2021-07-05T12:00:33.386Z,2021-07-05T12:00:33.386Z,0,294.53,05-Jul-2021
74,60e445e3d77ada00087bcfc0,SBIETFIT,EQ,N,297.99,290.11,297.99,290.64,291.0,294.24,1929,563555.08,300.0,201.2,154,INF200KA1S14,2021-07-06,2021-07-05T18:30:00.000Z,2021-07-06T12:00:35.440Z,2021-07-06T12:00:35.440Z,0,292.15,06-Jul-2021
75,60e5976225a08e00087c0a7c,SBIETFIT,EQ,N,294.99,288.05,294.99,291.84,292.28,290.64,1288,374060.65,300.0,201.2,104,INF200KA1S14,2021-07-07,2021-07-06T18:30:00.000Z,2021-07-07T12:00:34.941Z,2021-07-07T12:00:34.941Z,0,290.42,07-Jul-2021
76,60e6e8e16972b0000896efe1,SBIETFIT,EQ,N,294.8,290.02,293.0,291.18,290.07,291.84,652,190069.01,300.0,201.2,75,INF200KA1S14,2021-07-08,2021-07-07T18:30:00.000Z,2021-07-08T12:00:33.421Z,2021-07-08T12:00:33.421Z,0,291.52,08-Jul-2021
77,60e83a85b37c0d000839767d,SBIETFIT,EQ,N,293.9,289.02,293.9,290.16,291.0,291.18,706,205127.1,300.0,201.2,79,INF200KA1S14,2021-07-09,2021-07-08T18:30:00.000Z,2021-07-09T12:01:09.016Z,2021-07-09T12:01:09.016Z,0,290.55,09-Jul-2021
78,60ec2edb4341d20008421dd2,SBIETFIT,EQ,N,292.9,289.02,290.25,289.76,289.02,290.16,1660,482146.85,300.0,201.2,94,INF200KA1S14,2021-07-12,2021-07-11T18:30:00.000Z,2021-07-12T12:00:27.481Z,2021-07-12T12:00:27.481Z,0,290.45,12-Jul-2021
79,60ed80601c0e4d0008511a6b,SBIETFIT,EQ,N,292.0,288.21,289.02,289.37,289.5,289.76,1242,359544.68,300.0,201.2,96,INF200KA1S14,2021-07-13,2021-07-12T18:30:00.000Z,2021-07-13T12:00:32.952Z,2021-07-13T12:00:32.952Z,0,289.49,13-Jul-2021
80,60eed1ff3872ec0008fc0397,SBIETFIT,EQ,N,297.0,286.1,291.97,296.52,297.0,289.37,3329,977822.01,300.0,201.2,164,INF200KA1S14,2021-07-14,2021-07-13T18:30:00.000Z,2021-07-14T12:01:03.217Z,2021-07-14T12:01:03.217Z,0,293.73,14-Jul-2021
81,60f02382cc96fb000856e60d,SBIETFIT,EQ,N,323.2,294.01,323.2,300.0,299.6,296.52,2486,744936.87,323.2,201.2,173,INF200KA1S14,2021-07-15,2021-07-14T18:30:00.000Z,2021-07-15T12:01:06.126Z,2021-07-15T12:01:06.126Z,0,299.65,15-Jul-2021
82,60f17500cc96fb00089bf11e,SBIETFIT,EQ,N,303.99,296.1,303.99,297.9,298.99,300.0,727,217261.39,323.2,201.2,96,INF200KA1S14,2021-07-16,2021-07-15T18:30:00.000Z,2021-07-16T12:01:04.647Z,2021-07-16T12:01:04.647Z,0,298.85,16-Jul-2021
83,60f5695ce089b0000849d938,SBIETFIT,EQ,N,299.09,295.0,295.0,297.36,297.6,297.9,1037,308408.14,323.2,201.2,87,INF200KA1S14,2021-07-19,2021-07-18T18:30:00.000Z,2021-07-19T12:00:28.891Z,2021-07-19T12:00:28.891Z,0,297.4,19-Jul-2021
84,60f6bae1874e330008166c7e,SBIETFIT,EQ,N,299.99,294.11,299.99,297.5,297.54,297.36,1391,411720.42,323.2,201.2,102,INF200KA1S14,2021-07-20,2021-07-19T18:30:00.000Z,2021-07-20T12:00:33.450Z,2021-07-20T12:00:33.450Z,0,295.99,20-Jul-2021
85,60f95dffcaa6960009720e39,SBIETFIT,EQ,N,302.0,296.5,299.99,301.13,302.0,297.5,2165,648180.89,323.2,201.2,111,INF200KA1S14,2021-07-22,2021-07-21T18:30:00.000Z,2021-07-22T12:01:03.048Z,2021-07-22T12:01:03.048Z,0,299.39,22-Jul-2021
86,60faaf80874e3300088b0b10,SBIETFIT,EQ,N,306.99,302.02,304.99,305.48,305.0,301.13,2166,661855.07,323.2,201.2,115,INF200KA1S14,2021-07-23,2021-07-22T18:30:00.000Z,2021-07-23T12:01:04.554Z,2021-07-23T12:01:04.554Z,0,305.57,23-Jul-2021
87,60fea3e15e75500008861b9c,SBIETFIT,EQ,N,309.97,304.0,306.99,304.84,305.48,305.48,2227,680254.73,323.2,201.2,134,INF200KA1S14,2021-07-26,2021-07-25T18:30:00.000Z,2021-07-26T12:00:33.971Z,2021-07-26T12:00:33.971Z,0,305.46,26-Jul-2021
88,60fff57f3b69e400088b8aee,SBIETFIT,EQ,N,307.0,301.1,307.0,303.24,303.15,304.84,2549,774156.38,323.2,201.2,104,INF200KA1S14,2021-07-27,2021-07-26T18:30:00.000Z,2021-07-27T12:01:03.068Z,2021-07-27T12:01:03.068Z,0,303.71,27-Jul-2021
89,610146ffa8ea98000873cd2c,SBIETFIT,EQ,N,305.99,300.05,305.99,302.93,303.8,303.24,1691,511472.03,323.2,201.2,92,INF200KA1S14,2021-07-28,2021-07-27T18:30:00.000Z,2021-07-28T12:01:03.129Z,2021-07-28T12:01:03.129Z,0,302.47,28-Jul-2021
90,61029880ebb5b00008937f0f,SBIETFIT,EQ,N,307.99,302.93,302.93,307.84,307.8,302.93,1223,374915.13,323.2,201.2,69,INF200KA1S14,2021-07-29,2021-07-28T18:30:00.000Z,2021-07-29T12:01:04.784Z,2021-07-29T12:01:04.784Z,0,306.55,29-Jul-2021
91,6103ea00ebb5b00008cf5531,SBIETFIT,EQ,N,314.0,307.1,307.1,310.47,310.69,307.84,3184,993079.28,323.2,201.2,115,INF200KA1S14,2021-07-30,2021-07-29T18:30:00.000Z,2021-07-30T12:01:04.616Z,2021-07-30T12:01:04.616Z,0,311.9,30-Jul-2021
92,609bc37ec132690009efff24,SBIETFIT,EQ,N,264.83,260.0,261.95,262.12,261.99,263.54,1994,522961.43,300.0,201.2,107,INF200KA1S14,2021-05-12,2021-05-11T18:30:00.000Z,2021-05-12T12:01:02.968Z,2021-05-12T12:01:02.968Z,0,262.27,12-May-2021
93,609e667f885aee00088f46e9,SBIETFIT,EQ,N,264.99,256.44,262.12,258.87,258.89,262.12,3763,972436.52,300.0,201.2,177,INF200KA1S14,2021-05-14,2021-05-13T18:30:00.000Z,2021-05-14T12:01:03.392Z,2021-05-14T12:01:03.392Z,0,258.42,14-May-2021
94,60a25afe4e61470008bbedb0,SBIETFIT,EQ,N,262.99,256.0,262.0,259.36,260.1,258.87,1017,263417.92,300.0,201.2,127,INF200KA1S14,2021-05-17,2021-05-16T18:30:00.000Z,2021-05-17T12:01:02.610Z,2021-05-17T12:01:02.610Z,0,259.01,17-May-2021
95,60a3ac7ebcb6750008860e60,SBIETFIT,EQ,N,263.0,259.85,260.1,260.49,260.12,259.36,18118,4721255.49,300.0,201.2,104,INF200KA1S14,2021-05-18,2021-05-17T18:30:00.000Z,2021-05-18T12:01:02.409Z,2021-05-18T12:01:02.409Z,0,260.58,18-May-2021
96,60a4fdff1247b900089e381c,SBIETFIT,EQ,N,265.73,260.51,262.0,261.95,260.51,260.49,2096,553252.18,300.0,201.2,129,INF200KA1S14,2021-05-19,2021-05-18T18:30:00.000Z,2021-05-19T12:01:03.322Z,2021-05-19T12:01:03.322Z,0,263.96,19-May-2021
97,60a64f7f9a1015000919d133,SBIETFIT,EQ,N,265.0,260.0,261.95,261.9,262.25,261.95,732,191537.03,300.0,201.2,74,INF200KA1S14,2021-05-20,2021-05-19T18:30:00.000Z,2021-05-20T12:01:03.214Z,2021-05-20T12:01:03.214Z,0,261.66,20-May-2021
98,60a7a0e0c7277a00086e375b,SBIETFIT,EQ,N,264.42,260.1,264.0,263.71,264.1,261.9,2390,627354.71,300.0,201.2,96,INF200KA1S14,2021-05-21,2021-05-20T18:30:00.000Z,2021-05-21T12:00:32.554Z,2021-05-21T12:00:32.554Z,0,262.49,21-May-2021
99,60ab957f03728a0009a358ed,SBIETFIT,EQ,N,265.5,261.0,263.71,263.51,263.0,263.71,1091,287309.72,300.0,201.2,129,INF200KA1S14,2021-05-24,2021-05-23T18:30:00.000Z,2021-05-24T12:01:03.130Z,2021-05-24T12:01:03.130Z,0,263.35,24-May-2021
100,60ace6fe3e1c550008766977,SBIETFIT,EQ,N,267.74,263.0,267.45,265.6,265.51,263.51,2564,682782.04,300.0,201.2,107,INF200KA1S14,2021-05-25,2021-05-24T18:30:00.000Z,2021-05-25T12:01:02.413Z,2021-05-25T12:01:02.413Z,0,266.3,25-May-2021
101,60ae3881e53e1c0008d9102d,SBIETFIT,EQ,N,270.7,266.01,270.0,269.61,269.72,265.6,2632,706965.05,300.0,201.2,146,INF200KA1S14,2021-05-26,2021-05-25T18:30:00.000Z,2021-05-26T12:01:05.742Z,2021-05-26T12:01:05.742Z,0,268.6,26-May-2021
102,60af89e423db9e0008efd0cb,SBIETFIT,EQ,N,274.99,267.1,269.61,273.3,273.8,269.61,2981,816747.84,300.0,201.2,156,INF200KA1S14,2021-05-27,2021-05-26T18:30:00.000Z,2021-05-27T12:00:36.667Z,2021-05-27T12:00:36.667Z,0,273.98,27-May-2021
103,60b0db82ecad4f000864426d,SBIETFIT,EQ,N,274.98,271.1,273.3,273.35,272.44,273.3,1329,362903.86,300.0,201.2,87,INF200KA1S14,2021-05-28,2021-05-27T18:30:00.000Z,2021-05-28T12:01:06.666Z,2021-05-28T12:01:06.666Z,0,273.07,28-May-2021
104,60b4cffe99942d0008df0739,SBIETFIT,EQ,N,280.0,271.01,280.0,274.86,274.89,273.35,4864,1331239.7,300.0,201.2,108,INF200KA1S14,2021-05-31,2021-05-30T18:30:00.000Z,2021-05-31T12:01:02.925Z,2021-05-31T12:01:02.925Z,0,273.69,31-May-2021
105,60b6217f1746750008d2b1da,SBIETFIT,EQ,N,278.9,271.1,278.9,273.46,274.58,274.86,2394,655208.55,300.0,201.2,120,INF200KA1S14,2021-06-01,2021-05-31T18:30:00.000Z,2021-06-01T12:01:03.328Z,2021-06-01T12:01:03.328Z,0,273.69,01-Jun-2021
106,60b772e3174675000806dfc3,SBIETFIT,EQ,N,275.0,270.5,273.5,272.23,272.71,273.46,2755,749057.39,300.0,201.2,118,INF200KA1S14,2021-06-02,2021-06-01T18:30:00.000Z,2021-06-02T12:00:35.957Z,2021-06-02T12:00:35.957Z,0,271.89,02-Jun-2021
107,60b8c47ef1e4290008f83969,SBIETFIT,EQ,N,277.0,271.8,277.0,273.23,273.6,272.23,1332,363296.63,300.0,201.2,107,INF200KA1S14,2021-06-03,2021-06-02T18:30:00.000Z,2021-06-03T12:01:02.677Z,2021-06-03T12:01:02.677Z,0,272.75,03-Jun-2021
108,60ba15e2fd6cfd0008ece3d0,SBIETFIT,EQ,N,276.95,272.0,276.95,273.13,273.64,273.23,1177,321535.22,300.0,201.2,92,INF200KA1S14,2021-06-04,2021-06-03T18:30:00.000Z,2021-06-04T12:00:34.676Z,2021-06-04T12:00:34.676Z,0,273.18,04-Jun-2021
109,60be0a64e54865000822a26a,SBIETFIT,EQ,N,277.0,271.0,277.0,275.49,274.85,273.13,3244,889787.21,300.0,201.2,120,INF200KA1S14,2021-06-07,2021-06-06T18:30:00.000Z,2021-06-07T12:00:36.591Z,2021-06-07T12:00:36.591Z,0,274.29,07-Jun-2021
110,60bf5be3d2265400080d7f56,SBIETFIT,EQ,N,281.71,274.0,274.0,280.21,280.72,275.49,2504,701332.68,300.0,201.2,191,INF200KA1S14,2021-06-08,2021-06-07T18:30:00.000Z,2021-06-08T12:00:35.074Z,2021-06-08T12:00:35.074Z,0,280.08,08-Jun-2021
111,60c0ad641318bc0008009a3c,SBIETFIT,EQ,N,282.99,276.58,280.21,278.49,277.61,280.21,3693,1035598.56,300.0,201.2,132,INF200KA1S14,2021-06-09,2021-06-08T18:30:00.000Z,2021-06-09T12:00:36.876Z,2021-06-09T12:00:36.876Z,0,280.42,09-Jun-2021
112,60c1feff81433a00081e9c46,SBIETFIT,EQ,N,282.25,277.0,280.99,281.36,280.0,278.49,783,219910.86,300.0,201.2,84,INF200KA1S14,2021-06-10,2021-06-09T18:30:00.000Z,2021-06-10T12:01:03.127Z,2021-06-10T12:01:03.127Z,0,280.86,10-Jun-2021
113,60c3505c99ad6d0008be9e1d,SBIETFIT,EQ,N,288.0,277.1,284.99,286.25,286.35,281.36,3542,1008529.92,300.0,201.2,170,INF200KA1S14,2021-06-11,2021-06-10T18:30:00.000Z,2021-06-11T12:00:28.157Z,2021-06-11T12:00:28.157Z,0,284.73,11-Jun-2021
114,60c744e9fa74920009970b7c,SBIETFIT,EQ,N,289.99,282.1,289.99,287.61,287.67,286.25,1377,393980.51,300.0,201.2,135,INF200KA1S14,2021-06-14,2021-06-13T18:30:00.000Z,2021-06-14T12:00:41.186Z,2021-06-14T12:00:41.186Z,0,286.12,14-Jun-2021
115,60c896839655b00008f2ebbc,SBIETFIT,EQ,N,291.0,286.1,289.99,288.07,288.0,287.61,1102,318360.94,300.0,201.2,127,INF200KA1S14,2021-06-15,2021-06-14T18:30:00.000Z,2021-06-15T12:01:07.233Z,2021-06-15T12:01:07.233Z,0,288.89,15-Jun-2021
116,60c9e8019af7c30008702709,SBIETFIT,EQ,N,289.99,285.0,289.99,288.24,286.42,288.07,1798,516896.19,300.0,201.2,119,INF200KA1S14,2021-06-16,2021-06-15T18:30:00.000Z,2021-06-16T12:01:05.139Z,2021-06-16T12:01:05.139Z,0,287.48,16-Jun-2021
117,60cb397f9af7c30008a1de35,SBIETFIT,EQ,N,290.0,284.0,289.94,289.3,289.2,288.24,3303,954192.54,300.0,201.2,115,INF200KA1S14,2021-06-17,2021-06-16T18:30:00.000Z,2021-06-17T12:01:03.753Z,2021-06-17T12:01:03.753Z,0,288.89,17-Jun-2021
118,60cc8ae2d4ffb6000952d5a6,SBIETFIT,EQ,N,294.89,286.23,294.89,288.56,289.5,289.3,2224,640419.23,300.0,201.2,156,INF200KA1S14,2021-06-18,2021-06-17T18:30:00.000Z,2021-06-18T12:00:34.880Z,2021-06-18T12:00:34.880Z,0,287.96,18-Jun-2021
119,60d07f80b6df770008f3050e,SBIETFIT,EQ,N,290.95,283.1,290.95,287.96,288.3,288.56,1794,513266.49,300.0,201.2,135,INF200KA1S14,2021-06-21,2021-06-20T18:30:00.000Z,2021-06-21T12:01:04.923Z,2021-06-21T12:01:04.923Z,0,286.1,21-Jun-2021
120,606afbe150e7c50009ea56ce,SBIETFIT,EQ,N,267.0,258.95,265.99,265.8,265.54,264.93,5131,1353296.98,300.0,201.2,148,INF200KA1S14,2021-04-05,2021-04-04T18:30:00.000Z,2021-04-05T12:00:33.423Z,2021-04-05T12:00:33.423Z,0,263.75,05-Apr-2021
121,606c4d7ee414300008c0576e,SBIETFIT,EQ,N,273.0,265.02,273.0,267.27,265.9,265.8,9818,2636110.93,300.0,201.2,110,INF200KA1S14,2021-04-06,2021-04-05T18:30:00.000Z,2021-04-06T12:01:02.625Z,2021-04-06T12:01:02.625Z,0,268.5,06-Apr-2021
122,606d9ee4a5b3e50008f950ba,SBIETFIT,EQ,N,269.99,262.95,269.0,267.73,266.01,267.27,1491,399741.57,300.0,201.2,96,INF200KA1S14,2021-04-07,2021-04-06T18:30:00.000Z,2021-04-07T12:00:36.418Z,2021-04-07T12:00:36.418Z,0,268.1,07-Apr-2021
123,606ef07fee0ef7000821bc0f,SBIETFIT,EQ,N,274.89,269.0,269.0,272.99,273.0,267.73,3797,1036129.75,300.0,201.2,111,INF200KA1S14,2021-04-08,2021-04-07T18:30:00.000Z,2021-04-08T12:01:03.054Z,2021-04-08T12:01:03.054Z,0,272.88,08-Apr-2021
124,607041e4b4027f0009885103,SBIETFIT,EQ,N,279.0,273.0,279.0,275.96,276.25,272.99,3709,1021716.7,300.0,201.2,119,INF200KA1S14,2021-04-09,2021-04-08T18:30:00.000Z,2021-04-09T12:00:36.127Z,2021-04-09T12:00:36.127Z,0,275.47,09-Apr-2021
125,6074367e905dbc000815864f,SBIETFIT,EQ,N,281.0,268.0,273.95,268.58,269.92,275.96,10707,2909883.56,300.0,201.2,229,INF200KA1S14,2021-04-12,2021-04-11T18:30:00.000Z,2021-04-12T12:01:02.764Z,2021-04-12T12:01:02.764Z,0,271.77,12-Apr-2021
126,607587e4a1a6020009d61a6b,SBIETFIT,EQ,N,274.0,258.0,274.0,260.84,261.43,268.58,6692,1747625.08,300.0,201.2,288,INF200KA1S14,2021-04-13,2021-04-12T18:30:00.000Z,2021-04-13T12:00:36.268Z,2021-04-13T12:00:36.268Z,0,261.15,13-Apr-2021
127,60782ae3b4027f000990b5ea,SBIETFIT,EQ,N,263.0,256.55,263.0,262.35,262.5,260.84,1946,508480.2,300.0,201.2,99,INF200KA1S14,2021-04-15,2021-04-14T18:30:00.000Z,2021-04-15T12:00:35.684Z,2021-04-15T12:00:35.684Z,0,261.3,15-Apr-2021
128,60797c7e06a23a00086a10dc,SBIETFIT,EQ,N,266.99,263.56,266.99,263.92,263.8,262.35,692,183115.03,300.0,201.2,63,INF200KA1S14,2021-04-16,2021-04-15T18:30:00.000Z,2021-04-16T12:01:02.826Z,2021-04-16T12:01:02.826Z,0,264.62,16-Apr-2021
129,607d70e332a7350008fd3ab0,SBIETFIT,EQ,N,265.99,256.15,263.5,264.0,264.0,263.92,2491,655403.45,300.0,201.2,124,INF200KA1S14,2021-04-19,2021-04-18T18:30:00.000Z,2021-04-19T12:00:35.352Z,2021-04-19T12:00:35.352Z,0,263.11,19-Apr-2021
130,607ec27e28c94600080bc6fe,SBIETFIT,EQ,N,269.6,259.0,269.6,260.69,261.0,264.0,1203,315929.64,300.0,201.2,84,INF200KA1S14,2021-04-20,2021-04-19T18:30:00.000Z,2021-04-20T12:01:02.772Z,2021-04-20T12:01:02.772Z,0,262.62,20-Apr-2021
131,6081657e3641bb0008a8fb78,SBIETFIT,EQ,N,263.38,258.68,263.21,260.85,260.99,260.69,2191,572242.08,300.0,201.2,109,INF200KA1S14,2021-04-22,2021-04-21T18:30:00.000Z,2021-04-22T12:01:02.855Z,2021-04-22T12:01:02.855Z,0,261.18,22-Apr-2021
132,6082b6e26140660008b5b014,SBIETFIT,EQ,N,263.95,257.61,263.95,258.66,259.03,260.85,3843,998534.75,300.0,201.2,88,INF200KA1S14,2021-04-23,2021-04-22T18:30:00.000Z,2021-04-23T12:00:34.995Z,2021-04-23T12:00:34.995Z,0,259.83,23-Apr-2021
133,6088066180572900081c8c60,SBIETFIT,EQ,N,261.75,255.1,256.0,259.54,258.35,258.66,3416,887548.19,300.0,201.2,100,INF200KA1S14,2021-04-26,2021-04-25T18:30:00.000Z,2021-04-27T12:41:05.766Z,2021-04-27T12:41:05.766Z,0,259.82,26-Apr-2021
134,6088069dccdda4000887d5c4,SBIETFIT,EQ,N,263.39,258.0,258.0,260.56,261.11,259.54,472,122549.69,300.0,201.2,98,INF200KA1S14,2021-04-27,2021-04-26T18:30:00.000Z,2021-04-27T12:42:05.746Z,2021-04-27T12:42:05.746Z,0,259.64,27-Apr-2021
135,60894e6306a23a0008579327,SBIETFIT,EQ,N,263.85,258.95,258.95,262.61,262.63,260.56,1268,330810.16,300.0,201.2,88,INF200KA1S14,2021-04-28,2021-04-27T18:30:00.000Z,2021-04-28T12:00:35.425Z,2021-04-28T12:00:35.425Z,0,260.89,28-Apr-2021
136,608aa004fc34330008f8385f,SBIETFIT,EQ,N,266.0,261.0,262.65,261.91,261.49,262.61,1561,409500.56,300.0,201.2,90,INF200KA1S14,2021-04-29,2021-04-28T18:30:00.000Z,2021-04-29T12:01:08.778Z,2021-04-29T12:01:08.778Z,0,262.33,29-Apr-2021
137,608bf18246f86b00096b1413,SBIETFIT,EQ,N,265.91,258.9,259.0,259.42,259.41,261.91,1757,457904.59,300.0,201.2,104,INF200KA1S14,2021-04-30,2021-04-29T18:30:00.000Z,2021-04-30T12:01:06.847Z,2021-04-30T12:01:06.847Z,0,260.62,30-Apr-2021
138,608fe5ffc881750008a9fde7,SBIETFIT,EQ,N,262.99,215.0,215.0,259.05,259.0,259.42,1746,449863.89,300.0,201.2,109,INF200KA1S14,2021-05-03,2021-05-02T18:30:00.000Z,2021-05-03T12:01:03.120Z,2021-05-03T12:01:03.120Z,0,257.65,03-May-2021
139,6091377e45df9f0008e93dc1,SBIETFIT,EQ,N,262.99,256.9,257.0,257.79,258.0,259.05,2079,537517.04,300.0,201.2,114,INF200KA1S14,2021-05-04,2021-05-03T18:30:00.000Z,2021-05-04T12:01:02.990Z,2021-05-04T12:01:02.990Z,0,258.55,04-May-2021
140,609288e6c13269000942c132,SBIETFIT,EQ,N,261.95,255.95,260.0,260.06,260.96,257.79,1316,341187.08,300.0,201.2,84,INF200KA1S14,2021-05-05,2021-05-04T18:30:00.000Z,2021-05-05T12:00:38.190Z,2021-05-05T12:00:38.190Z,0,259.26,05-May-2021
141,6093da7ea51b5b0008e13e3e,SBIETFIT,EQ,N,264.87,255.1,255.1,263.65,264.0,260.06,1830,476037.84,300.0,201.2,116,INF200KA1S14,2021-05-06,2021-05-05T18:30:00.000Z,2021-05-06T12:01:02.660Z,2021-05-06T12:01:02.660Z,0,260.13,06-May-2021
142,60952be158429e0008542207,SBIETFIT,EQ,N,268.5,262.01,268.5,263.34,264.8,263.65,2470,653341.99,300.0,201.2,87,INF200KA1S14,2021-05-07,2021-05-06T18:30:00.000Z,2021-05-07T12:00:33.292Z,2021-05-07T12:00:33.292Z,0,264.51,07-May-2021
143,6099206628330700080ff91c,SBIETFIT,EQ,N,268.49,262.1,268.49,264.85,264.95,263.34,928,244943.8,300.0,201.2,86,INF200KA1S14,2021-05-10,2021-05-09T18:30:00.000Z,2021-05-10T12:00:38.585Z,2021-05-10T12:00:38.585Z,0,263.95,10-May-2021
144,609a71fe45df9f0008b76a77,SBIETFIT,EQ,N,267.9,260.6,265.95,263.54,263.0,264.85,941,247902.54,300.0,201.2,68,INF200KA1S14,2021-05-11,2021-05-10T18:30:00.000Z,2021-05-11T12:01:02.959Z,2021-05-11T12:01:02.959Z,0,263.45,11-May-2021
145,609bc37ec132690009efff24,SBIETFIT,EQ,N,264.83,260.0,261.95,262.12,261.99,263.54,1994,522961.43,300.0,201.2,107,INF200KA1S14,2021-05-12,2021-05-11T18:30:00.000Z,2021-05-12T12:01:02.968Z,2021-05-12T12:01:02.968Z,0,262.27,12-May-2021
146,60339ce21fa56800082f653c,SBIETFIT,EQ,N,261.0,249.6,261.0,250.11,249.65,257.41,7890,1987255.62,300.0,201.2,275,INF200KA1S14,2021-02-22,2021-02-21T18:30:00.000Z,2021-02-22T12:00:34.230Z,2021-02-22T12:00:34.230Z,0,251.87,22-Feb-2021
147,6034ee5df2cc160009225433,SBIETFIT,EQ,N,254.99,249.65,250.11,250.79,251.5,250.11,2737,690349.43,300.0,201.2,128,INF200KA1S14,2021-02-23,2021-02-22T18:30:00.000Z,2021-02-23T12:00:29.236Z,2021-02-23T12:00:29.236Z,0,252.23,23-Feb-2021
148,60365c97c65ab700086bb39e,SBIETFIT,EQ,N,288.0,203.0,211.0,249.49,250.0,250.79,3096,771528.02,300.0,201.2,146,INF200KA1S14,2021-02-24,2021-02-23T18:30:00.000Z,2021-02-24T14:03:03.022Z,2021-02-24T14:03:03.022Z,0,249.2,24-Feb-2021
149,6037917fd3429100084f42d3,SBIETFIT,EQ,N,255.95,250.25,253.95,251.28,251.0,249.49,3552,896274.3,300.0,201.2,116,INF200KA1S14,2021-02-25,2021-02-24T18:30:00.000Z,2021-02-25T12:01:03.331Z,2021-02-25T12:01:03.331Z,0,252.33,25-Feb-2021
150,6038e2fe48a71b000890bd75,SBIETFIT,EQ,N,251.0,242.21,251.0,246.19,245.0,251.28,9895,2440052.89,300.0,201.2,279,INF200KA1S14,2021-02-26,2021-02-25T18:30:00.000Z,2021-02-26T12:01:02.706Z,2021-02-26T12:01:02.706Z,0,246.59,26-Feb-2021
151,603cd780d342910008d7e3b7,SBIETFIT,EQ,N,251.0,246.05,250.0,248.65,250.0,246.19,1570,389947.53,300.0,201.2,127,INF200KA1S14,2021-03-01,2021-02-28T18:30:00.000Z,2021-03-01T12:01:04.558Z,2021-03-01T12:01:04.558Z,0,248.37,01-Mar-2021
152,603e28fee88009000870f55b,SBIETFIT,EQ,N,254.99,250.0,250.0,254.18,254.99,248.65,3136,793959.51,300.0,201.2,143,INF200KA1S14,2021-03-02,2021-03-01T18:30:00.000Z,2021-03-02T12:01:02.701Z,2021-03-02T12:01:02.701Z,0,253.18,02-Mar-2021
153,603f7a5c60e1740008d80e84,SBIETFIT,EQ,N,259.99,254.5,259.99,257.9,259.0,254.18,1985,510334.9,300.0,201.2,97,INF200KA1S14,2021-03-03,2021-03-02T18:30:00.000Z,2021-03-03T12:00:28.292Z,2021-03-03T12:00:28.292Z,0,257.1,03-Mar-2021
154,6040cbfef782e80008e63d37,SBIETFIT,EQ,N,261.74,254.1,259.99,258.09,258.75,257.9,2302,596568.59,300.0,201.2,108,INF200KA1S14,2021-03-04,2021-03-03T18:30:00.000Z,2021-03-04T12:01:02.684Z,2021-03-04T12:01:02.684Z,0,259.15,04-Mar-2021
155,60421d7ff87f7d00085f2ca6,SBIETFIT,EQ,N,261.65,253.12,261.65,254.13,255.0,258.09,1928,495600.05,300.0,201.2,97,INF200KA1S14,2021-03-05,2021-03-04T18:30:00.000Z,2021-03-05T12:01:03.383Z,2021-03-05T12:01:03.383Z,0,257.05,05-Mar-2021
156,60461202f782e800082f8e7c,SBIETFIT,EQ,N,259.99,255.01,259.99,256.18,256.0,254.13,2573,660983.41,300.0,201.2,73,INF200KA1S14,2021-03-08,2021-03-07T18:30:00.000Z,2021-03-08T12:01:06.154Z,2021-03-08T12:01:06.154Z,0,256.89,08-Mar-2021
157,604763611869d100087592aa,SBIETFIT,EQ,N,258.0,253.0,257.0,256.03,258.0,256.18,1790,457150.07,300.0,201.2,68,INF200KA1S14,2021-03-09,2021-03-08T18:30:00.000Z,2021-03-09T12:00:33.512Z,2021-03-09T12:00:33.512Z,0,255.39,09-Mar-2021
158,6048b4e1b02c4600080fd04a,SBIETFIT,EQ,N,263.0,257.1,263.0,260.43,260.48,256.03,2263,589867.42,300.0,201.2,101,INF200KA1S14,2021-03-10,2021-03-09T18:30:00.000Z,2021-03-10T12:00:33.330Z,2021-03-10T12:00:33.330Z,0,260.66,10-Mar-2021
159,604b57db72247e0008e052a8,SBIETFIT,EQ,N,265.99,259.01,265.99,259.38,260.99,260.43,4484,1174120.53,300.0,201.2,125,INF200KA1S14,2021-03-12,2021-03-11T18:30:00.000Z,2021-03-12T12:00:27.891Z,2021-03-12T12:00:27.891Z,0,261.85,12-Mar-2021
160,604f4c7fc00cd5000824fbd2,SBIETFIT,EQ,N,262.5,257.1,262.5,260.89,260.23,259.38,2893,753752.87,300.0,201.2,90,INF200KA1S14,2021-03-15,2021-03-14T18:30:00.000Z,2021-03-15T12:01:03.212Z,2021-03-15T12:01:03.212Z,0,260.54,15-Mar-2021
161,60509de16ad8c200086523de,SBIETFIT,EQ,N,267.0,260.1,260.1,263.86,263.8,260.89,4542,1203262.44,300.0,201.2,133,INF200KA1S14,2021-03-16,2021-03-15T18:30:00.000Z,2021-03-16T12:00:33.498Z,2021-03-16T12:00:33.498Z,0,264.92,16-Mar-2021
162,6051ef64e9990500087f345e,SBIETFIT,EQ,N,267.99,261.5,267.99,262.92,263.0,263.86,4083,1084808.89,300.0,201.2,133,INF200KA1S14,2021-03-17,2021-03-16T18:30:00.000Z,2021-03-17T12:00:36.938Z,2021-03-17T12:00:36.938Z,0,265.69,17-Mar-2021
163,605340e217e26700093f0ceb,SBIETFIT,EQ,N,266.77,253.23,266.77,256.16,257.33,262.92,4673,1206161.18,300.0,201.2,148,INF200KA1S14,2021-03-18,2021-03-17T18:30:00.000Z,2021-03-18T12:00:34.396Z,2021-03-18T12:00:34.396Z,0,258.11,18-Mar-2021
164,6054927f6bba56000820a149,SBIETFIT,EQ,N,258.73,250.03,257.9,258.01,258.14,256.16,1665,425472.58,300.0,201.2,101,INF200KA1S14,2021-03-19,2021-03-18T18:30:00.000Z,2021-03-19T12:01:03.456Z,2021-03-19T12:01:03.456Z,0,255.54,19-Mar-2021
165,605886ff022baa00098a7ca2,SBIETFIT,EQ,N,263.72,253.1,256.0,260.99,261.0,258.01,2155,559811.6,300.0,201.2,100,INF200KA1S14,2021-03-22,2021-03-21T18:30:00.000Z,2021-03-22T12:01:03.380Z,2021-03-22T12:01:03.380Z,0,259.77,22-Mar-2021
166,6059d8636bba56000895756c,SBIETFIT,EQ,N,265.0,261.0,265.0,262.44,263.26,260.99,1131,296944.09,300.0,201.2,61,INF200KA1S14,2021-03-23,2021-03-22T18:30:00.000Z,2021-03-23T12:00:35.370Z,2021-03-23T12:00:35.370Z,0,262.55,23-Mar-2021
167,605b29ff96d7ff000815d4b6,SBIETFIT,EQ,N,265.99,258.23,265.99,259.33,258.37,262.44,3232,843601.96,300.0,201.2,89,INF200KA1S14,2021-03-24,2021-03-23T18:30:00.000Z,2021-03-24T12:01:03.345Z,2021-03-24T12:01:03.345Z,0,261.02,24-Mar-2021
168,605c7b621eb5f20008a43580,SBIETFIT,EQ,N,264.99,251.58,258.37,254.69,255.62,259.33,3937,1009847.26,300.0,201.2,149,INF200KA1S14,2021-03-25,2021-03-24T18:30:00.000Z,2021-03-25T12:00:34.671Z,2021-03-25T12:00:34.671Z,0,256.5,25-Mar-2021
169,605dcce3ba1816000875f8f6,SBIETFIT,EQ,N,259.99,253.8,259.99,254.22,254.39,254.69,4680,1198279.29,300.0,201.2,97,INF200KA1S14,2021-03-26,2021-03-25T18:30:00.000Z,2021-03-26T12:00:35.935Z,2021-03-26T12:00:35.935Z,0,256.04,26-Mar-2021
170,60631d8ef5299b0008fe32f9,SBIETFIT,EQ,N,263.0,252.05,263.0,259.12,258.1,254.22,2090,540082.38,300.0,201.2,111,INF200KA1S14,2021-03-30,2021-03-29T18:30:00.000Z,2021-03-30T12:46:06.341Z,2021-03-30T12:46:06.341Z,0,258.41,30-Mar-2021
171,6064645c03368200081c1ee3,SBIETFIT,EQ,N,261.0,257.0,258.95,257.59,258.29,259.12,667,173117.66,300.0,201.2,61,INF200KA1S14,2021-03-31,2021-03-30T18:30:00.000Z,2021-03-31T12:00:28.666Z,2021-03-31T12:00:28.666Z,0,259.55,31-Mar-2021
172,6065b5e313110000089f8f19,SBIETFIT,EQ,N,265.0,259.2,260.0,264.93,265.0,257.59,10185,2693836.06,300.0,201.2,99,INF200KA1S14,2021-04-01,2021-03-31T18:30:00.000Z,2021-04-01T12:00:35.744Z,2021-04-01T12:00:35.744Z,0,264.49,01-Apr-2021
173,5ffd8f7f5a01880008024e46,SBIETFIT,EQ,N,276.99,270.0,276.99,271.61,272.95,271.28,2621,712448.1,300.0,201.2,139,INF200KA1S14,2021-01-12,2021-01-11T18:30:00.000Z,2021-01-12T12:01:03.232Z,2021-01-12T12:01:03.232Z,0,271.82,12-Jan-2021
174,5ffee0dcc4dee300088dd79c,SBIETFIT,EQ,N,276.99,270.01,276.99,272.33,272.4,271.61,1890,513360.41,300.0,201.2,142,INF200KA1S14,2021-01-13,2021-01-12T18:30:00.000Z,2021-01-13T12:00:28.572Z,2021-01-13T12:00:28.572Z,0,271.62,13-Jan-2021
175,6000327f6e104f0008e69060,SBIETFIT,EQ,N,274.2,265.05,273.0,272.13,271.94,272.33,7672,2068583.56,300.0,201.2,195,INF200KA1S14,2021-01-14,2021-01-13T18:30:00.000Z,2021-01-14T12:01:03.229Z,2021-01-14T12:01:03.229Z,0,269.63,14-Jan-2021
176,600183fe5a0188000810755e,SBIETFIT,EQ,N,279.5,265.9,279.5,266.27,266.2,272.13,6033,1620634.84,300.0,201.2,201,INF200KA1S14,2021-01-15,2021-01-14T18:30:00.000Z,2021-01-15T12:01:02.658Z,2021-01-15T12:01:02.658Z,0,268.63,15-Jan-2021
177,6005787f2e3c9a000810edf0,SBIETFIT,EQ,N,275.0,257.95,275.0,261.41,261.0,266.27,11878,3102257.05,300.0,201.2,198,INF200KA1S14,2021-01-18,2021-01-17T18:30:00.000Z,2021-01-18T12:01:03.292Z,2021-01-18T12:01:03.292Z,0,261.18,18-Jan-2021
178,6006c9e3f10a0d00083c5114,SBIETFIT,EQ,N,266.99,258.03,266.99,261.23,261.57,261.41,11291,2938649.03,300.0,201.2,143,INF200KA1S14,2021-01-19,2021-01-18T18:30:00.000Z,2021-01-19T12:00:35.841Z,2021-01-19T12:00:35.841Z,0,260.26,19-Jan-2021
179,60081b7e2c04b60008834c9f,SBIETFIT,EQ,N,268.9,260.16,265.99,268.39,266.51,261.23,2476,661435.59,300.0,201.2,101,INF200KA1S14,2021-01-20,2021-01-19T18:30:00.000Z,2021-01-20T12:01:02.604Z,2021-01-20T12:01:02.604Z,0,267.14,20-Jan-2021
180,60096cdc741e2900081a1812,SBIETFIT,EQ,N,280.0,263.23,280.0,264.44,265.0,268.39,4294,1149823.39,300.0,201.2,131,INF200KA1S14,2021-01-21,2021-01-20T18:30:00.000Z,2021-01-21T12:00:28.516Z,2021-01-21T12:00:28.516Z,0,267.77,21-Jan-2021
181,600abe638a4b290008ee1ce4,SBIETFIT,EQ,N,271.0,264.49,271.0,265.12,265.0,264.44,3214,854457.03,300.0,201.2,95,INF200KA1S14,2021-01-22,2021-01-21T18:30:00.000Z,2021-01-22T12:00:35.499Z,2021-01-22T12:00:35.499Z,0,265.85,22-Jan-2021
182,600eb2fec1e18e0008a45445,SBIETFIT,EQ,N,271.0,261.4,271.0,262.74,266.0,265.12,3076,821126.14,300.0,201.2,111,INF200KA1S14,2021-01-25,2021-01-24T18:30:00.000Z,2021-01-25T12:01:02.774Z,2021-01-25T12:01:02.774Z,0,266.95,25-Jan-2021
183,601155fec050380008a1d641,SBIETFIT,EQ,N,266.9,259.3,266.9,260.86,261.0,262.74,2012,524997.4,300.0,201.2,95,INF200KA1S14,2021-01-27,2021-01-26T18:30:00.000Z,2021-01-27T12:01:02.707Z,2021-01-27T12:01:02.707Z,0,260.93,27-Jan-2021
184,6012a763d24e050008e73202,SBIETFIT,EQ,N,262.99,254.9,262.99,255.5,255.81,260.86,3286,844709.94,300.0,201.2,181,INF200KA1S14,2021-01-28,2021-01-27T18:30:00.000Z,2021-01-28T12:00:35.672Z,2021-01-28T12:00:35.672Z,0,257.06,28-Jan-2021
185,6013f90224068600082d2936,SBIETFIT,EQ,N,260.99,248.0,256.0,249.66,250.3,255.5,5208,1311945.12,300.0,201.2,200,INF200KA1S14,2021-01-29,2021-01-28T18:30:00.000Z,2021-01-29T12:01:06.758Z,2021-01-29T12:01:06.758Z,0,251.91,29-Jan-2021
186,6017ed62ceda9200080bce24,SBIETFIT,EQ,N,254.0,245.9,254.0,252.74,253.26,249.66,4692,1171494.5,300.0,201.2,196,INF200KA1S14,2021-02-01,2021-01-31T18:30:00.000Z,2021-02-01T12:00:34.217Z,2021-02-01T12:00:34.217Z,0,249.68,01-Feb-2021
187,60193efe52a67400088a7d32,SBIETFIT,EQ,N,259.0,251.5,254.7,256.95,257.0,252.74,2827,722450.8,300.0,201.2,117,INF200KA1S14,2021-02-02,2021-02-01T18:30:00.000Z,2021-02-02T12:01:02.494Z,2021-02-02T12:01:02.494Z,0,255.55,02-Feb-2021
188,601a9063f98b220009a868cf,SBIETFIT,EQ,N,261.9,254.55,255.0,259.21,259.56,256.95,3295,854409.01,300.0,201.2,113,INF200KA1S14,2021-02-03,2021-02-02T18:30:00.000Z,2021-02-03T12:00:35.239Z,2021-02-03T12:00:35.239Z,0,259.3,03-Feb-2021
189,601be1fef98b220009bd60ce,SBIETFIT,EQ,N,261.99,256.36,259.21,258.24,258.29,259.21,1886,487106.99,300.0,201.2,106,INF200KA1S14,2021-02-04,2021-02-03T18:30:00.000Z,2021-02-04T12:01:02.874Z,2021-02-04T12:01:02.874Z,0,258.28,04-Feb-2021
190,601d33601977d90008c02adc,SBIETFIT,EQ,N,264.0,253.8,256.4,255.83,255.87,258.24,8452,2169076.65,300.0,201.2,154,INF200KA1S14,2021-02-05,2021-02-04T18:30:00.000Z,2021-02-05T12:00:32.985Z,2021-02-05T12:00:32.985Z,0,256.63,05-Feb-2021
191,602127e25959750008a8df69,SBIETFIT,EQ,N,261.0,255.54,261.0,258.44,260.74,255.83,6118,1581878.56,300.0,201.2,136,INF200KA1S14,2021-02-08,2021-02-07T18:30:00.000Z,2021-02-08T12:00:34.732Z,2021-02-08T12:00:34.732Z,0,258.56,08-Feb-2021
192,6022797f85e3100008e2ce6e,SBIETFIT,EQ,N,265.99,258.34,265.99,259.21,258.37,258.44,2506,656068.8,300.0,201.2,122,INF200KA1S14,2021-02-09,2021-02-08T18:30:00.000Z,2021-02-09T12:01:03.117Z,2021-02-09T12:01:03.117Z,0,261.8,09-Feb-2021
193,6023cafe6d78280008e444bd,SBIETFIT,EQ,N,263.0,255.53,255.53,260.26,259.5,259.21,1385,359828.7,300.0,201.2,103,INF200KA1S14,2021-02-10,2021-02-09T18:30:00.000Z,2021-02-10T12:01:02.776Z,2021-02-10T12:01:02.776Z,0,259.8,10-Feb-2021
194,60251c638160710008fa5845,SBIETFIT,EQ,N,263.99,257.1,263.99,260.79,260.65,260.26,769,200114.69,300.0,201.2,57,INF200KA1S14,2021-02-11,2021-02-10T18:30:00.000Z,2021-02-11T12:00:35.448Z,2021-02-11T12:00:35.448Z,0,260.23,11-Feb-2021
195,60266de1e8541900080189c8,SBIETFIT,EQ,N,267.0,260.86,267.0,261.34,263.34,260.79,3197,842633.74,300.0,201.2,111,INF200KA1S14,2021-02-12,2021-02-11T18:30:00.000Z,2021-02-12T12:00:33.627Z,2021-02-12T12:00:33.627Z,0,263.57,12-Feb-2021
196,602a6262e85419000827e87f,SBIETFIT,EQ,N,266.0,262.1,266.0,262.32,262.1,261.34,1894,499297.25,300.0,201.2,79,INF200KA1S14,2021-02-15,2021-02-14T18:30:00.000Z,2021-02-15T12:00:34.828Z,2021-02-15T12:00:34.828Z,0,263.62,15-Feb-2021
197,602bb3dc05368f0008dd7458,SBIETFIT,EQ,N,264.99,257.6,261.95,258.65,259.14,262.32,2111,549817.89,300.0,201.2,122,INF200KA1S14,2021-02-16,2021-02-15T18:30:00.000Z,2021-02-16T12:00:28.779Z,2021-02-16T12:00:28.779Z,0,260.45,16-Feb-2021
198,602d057fe89593000836a991,SBIETFIT,EQ,N,264.99,254.13,264.99,256.55,260.0,258.65,3433,880841.88,300.0,201.2,156,INF200KA1S14,2021-02-17,2021-02-16T18:30:00.000Z,2021-02-17T12:01:03.502Z,2021-02-17T12:01:03.502Z,0,256.58,17-Feb-2021
199,602e56ffd8ba7c0008db15ef,SBIETFIT,EQ,N,260.05,256.01,259.9,258.57,258.52,256.55,3562,919838.68,300.0,201.2,97,INF200KA1S14,2021-02-18,2021-02-17T18:30:00.000Z,2021-02-18T12:01:03.095Z,2021-02-18T12:01:03.095Z,0,258.24,18-Feb-2021
200,602fa85c6853780008318561,SBIETFIT,EQ,N,261.99,254.2,255.0,257.41,259.99,258.57,1243,319782.72,300.0,201.2,104,INF200KA1S14,2021-02-19,2021-02-18T18:30:00.000Z,2021-02-19T12:00:28.260Z,2021-02-19T12:00:28.260Z,0,257.27,19-Feb-2021
201,5fc8d35cfdaa170009fb5e46,SBIETFIT,EQ,N,226.69,222.19,224.0,224.06,223.88,224.32,1163,261698.88,250.0,201.2,57,INF200KA1S14,2020-12-03,2020-12-02T18:30:00.000Z,2020-12-03T12:00:28.395Z,2020-12-03T12:00:28.395Z,0,225.02,03-Dec-2020
202,5fca24db01e21f0008b138f6,SBIETFIT,EQ,N,225.88,222.25,224.0,223.84,223.3,224.06,1131,253247.28,250.0,201.2,47,INF200KA1S14,2020-12-04,2020-12-03T18:30:00.000Z,2020-12-04T12:00:27.810Z,2020-12-04T12:00:27.810Z,0,223.91,04-Dec-2020
203,5fce197f22c8a50008e34caf,SBIETFIT,EQ,N,226.9,221.1,226.9,226.43,225.0,223.84,681,153066.36,250.0,201.2,44,INF200KA1S14,2020-12-07,2020-12-06T18:30:00.000Z,2020-12-07T12:01:03.301Z,2020-12-07T12:01:03.301Z,0,224.77,07-Dec-2020
204,5fcf6affecc6400008d6e991,SBIETFIT,EQ,N,233.5,224.37,228.45,230.89,232.0,226.43,3164,719198.02,250.0,201.2,93,INF200KA1S14,2020-12-08,2020-12-07T18:30:00.000Z,2020-12-08T12:01:03.835Z,2020-12-08T12:01:03.835Z,0,227.31,08-Dec-2020
205,5fd0bc63ecc6400008d7da39,SBIETFIT,EQ,N,232.98,227.04,227.04,230.12,230.03,230.89,4061,937040.24,250.0,201.2,50,INF200KA1S14,2020-12-09,2020-12-08T18:30:00.000Z,2020-12-09T12:00:35.055Z,2020-12-09T12:00:35.055Z,0,230.74,09-Dec-2020
206,5fd20ddbb459f90008432fee,SBIETFIT,EQ,N,230.0,227.45,228.0,228.36,229.54,230.12,282,64630.36,250.0,201.2,32,INF200KA1S14,2020-12-10,2020-12-09T18:30:00.000Z,2020-12-10T12:00:27.653Z,2020-12-10T12:00:27.653Z,0,229.19,10-Dec-2020
207,5fd35f641714380008587e3f,SBIETFIT,EQ,N,230.99,226.9,228.4,228.0,228.0,228.36,804,184061.84,250.0,201.2,52,INF200KA1S14,2020-12-11,2020-12-10T18:30:00.000Z,2020-12-11T12:00:36.573Z,2020-12-11T12:00:36.573Z,0,228.93,11-Dec-2020
208,5fd753ff3141bc0008ee6ff5,SBIETFIT,EQ,N,229.87,226.01,229.87,228.84,228.84,228.0,1241,282102.09,250.0,201.2,70,INF200KA1S14,2020-12-14,2020-12-13T18:30:00.000Z,2020-12-14T12:01:03.450Z,2020-12-14T12:01:03.450Z,0,227.32,14-Dec-2020
209,5fd8a562b459f90008464ce3,SBIETFIT,EQ,N,229.55,226.6,228.84,228.06,228.0,228.84,641,145912.2,250.0,201.2,46,INF200KA1S14,2020-12-15,2020-12-14T18:30:00.000Z,2020-12-15T12:00:34.103Z,2020-12-15T12:00:34.103Z,0,227.63,15-Dec-2020
210,5fd9f6e181abf7000814cf27,SBIETFIT,EQ,N,230.0,227.1,227.1,229.97,230.0,228.06,1057,242763.91,250.0,201.2,48,INF200KA1S14,2020-12-16,2020-12-15T18:30:00.000Z,2020-12-16T12:00:33.496Z,2020-12-16T12:00:33.496Z,0,229.67,16-Dec-2020
211,5fdb486217143800085c69fc,SBIETFIT,EQ,N,235.0,229.02,235.0,229.89,230.0,229.97,1043,239580.42,250.0,201.2,47,INF200KA1S14,2020-12-17,2020-12-16T18:30:00.000Z,2020-12-17T12:00:34.608Z,2020-12-17T12:00:34.608Z,0,229.7,17-Dec-2020
212,5fdc99ff89ad5500081382e6,SBIETFIT,EQ,N,235.0,232.33,233.0,233.81,233.6,229.89,4373,1019393.03,250.0,201.2,72,INF200KA1S14,2020-12-18,2020-12-17T18:30:00.000Z,2020-12-18T12:01:03.430Z,2020-12-18T12:01:03.430Z,0,233.11,18-Dec-2020
213,5fe08e61fdf1090008bcd337,SBIETFIT,EQ,N,236.99,227.55,233.81,228.73,229.88,233.81,6713,1561305.52,250.0,201.2,111,INF200KA1S14,2020-12-21,2020-12-20T18:30:00.000Z,2020-12-21T12:00:33.927Z,2020-12-21T12:00:33.927Z,0,232.58,21-Dec-2020
214,5fe1dfe2652c6e000814a387,SBIETFIT,EQ,N,237.0,228.0,228.0,236.56,237.0,228.73,2865,668511.35,250.0,201.2,94,INF200KA1S14,2020-12-22,2020-12-21T18:30:00.000Z,2020-12-22T12:00:34.735Z,2020-12-22T12:00:34.735Z,0,233.34,22-Dec-2020
215,5fe331650569620008dc3be7,SBIETFIT,EQ,N,244.0,239.0,240.0,243.54,243.33,236.56,3767,910834.1,250.0,201.2,100,INF200KA1S14,2020-12-23,2020-12-22T18:30:00.000Z,2020-12-23T12:00:37.519Z,2020-12-23T12:00:37.519Z,0,241.79,23-Dec-2020
216,5fe482fecca28d000877cf1f,SBIETFIT,EQ,N,249.8,240.2,248.0,242.89,249.8,243.54,2478,602210.87,250.0,201.2,117,INF200KA1S14,2020-12-24,2020-12-23T18:30:00.000Z,2020-12-24T12:01:02.697Z,2020-12-24T12:01:02.697Z,0,243.02,24-Dec-2020
217,5fe9c8e3c94f580008f4f4ad,SBIETFIT,EQ,N,248.0,240.89,248.0,243.25,243.33,242.89,2340,571816.51,250.0,201.2,82,INF200KA1S14,2020-12-28,2020-12-27T18:30:00.000Z,2020-12-28T12:00:35.948Z,2020-12-28T12:00:35.948Z,0,244.37,28-Dec-2020
218,5feb1a5c0569620008e04788,SBIETFIT,EQ,N,247.96,239.5,247.96,244.39,244.8,243.25,1602,390951.34,250.0,201.2,84,INF200KA1S14,2020-12-29,2020-12-28T18:30:00.000Z,2020-12-29T12:00:28.218Z,2020-12-29T12:00:28.218Z,0,244.04,29-Dec-2020
219,5fec6bfe65de430008914fe4,SBIETFIT,EQ,N,245.0,243.0,244.39,244.91,245.0,244.39,923,225633.72,250.0,201.2,59,INF200KA1S14,2020-12-30,2020-12-29T18:30:00.000Z,2020-12-30T12:01:02.771Z,2020-12-30T12:01:02.771Z,0,244.46,30-Dec-2020
220,5fedbd8065de4300089233c0,SBIETFIT,EQ,N,246.97,241.1,244.91,243.5,242.65,244.91,3461,844058.53,250.0,201.2,77,INF200KA1S14,2020-12-31,2020-12-30T18:30:00.000Z,2020-12-31T12:01:04.350Z,2020-12-31T12:01:04.350Z,0,243.88,31-Dec-2020
221,5fef0ee365de43000893305e,SBIETFIT,EQ,N,247.99,243.52,247.99,244.6,244.56,243.5,3690,903112.52,250.0,201.2,77,INF200KA1S14,2021-01-01,2020-12-31T18:30:00.000Z,2021-01-01T12:00:35.456Z,2021-01-01T12:00:35.456Z,0,244.75,01-Jan-2021
222,5ff328ff2802680008931fd0,SBIETFIT,EQ,N,252.99,245.0,250.0,251.83,252.99,244.6,4467,1116062.78,252.99,201.2,126,INF200KA1S14,2021-01-04,2021-01-03T18:30:00.000Z,2021-01-04T14:41:03.162Z,2021-01-04T14:41:03.162Z,0,249.85,04-Jan-2021
223,5ff45fc6345f1a000885952e,SBIETFIT,EQ,N,260.0,252.16,254.3,259.88,260.0,251.83,3937,1009519.0,260.0,201.2,131,INF200KA1S14,2021-01-05,2021-01-04T18:30:00.000Z,2021-01-05T12:47:02.974Z,2021-01-05T12:47:02.974Z,0,256.42,05-Jan-2021
224,5ff5a67f65de43000895f68d,SBIETFIT,EQ,N,265.0,253.0,265.0,256.15,256.53,259.88,5404,1404428.01,265.0,201.2,193,INF200KA1S14,2021-01-06,2021-01-05T18:30:00.000Z,2021-01-06T12:01:03.286Z,2021-01-06T12:01:03.286Z,0,259.89,06-Jan-2021
225,5ff6f7e2345f1a00088767b6,SBIETFIT,EQ,N,264.2,252.25,255.6,255.18,255.22,256.15,1154,295365.88,265.0,201.2,102,INF200KA1S14,2021-01-07,2021-01-06T18:30:00.000Z,2021-01-07T12:00:34.234Z,2021-01-07T12:00:34.234Z,0,255.95,07-Jan-2021
226,5ff8496165de43000897d1f4,SBIETFIT,EQ,N,264.36,253.22,253.22,263.2,262.0,255.18,7135,1859203.3,265.0,201.2,151,INF200KA1S14,2021-01-08,2021-01-07T18:30:00.000Z,2021-01-08T12:00:33.603Z,2021-01-08T12:00:33.603Z,0,260.58,08-Jan-2021
227,5ffc3dff7ddd690008b04c93,SBIETFIT,EQ,N,300.0,263.55,300.0,271.28,272.47,263.2,6470,1748102.66,300.0,201.2,242,INF200KA1S14,2021-01-11,2021-01-10T18:30:00.000Z,2021-01-11T12:01:03.587Z,2021-01-11T12:01:03.587Z,0,270.19,11-Jan-2021
228,5ffd8f7f5a01880008024e46,SBIETFIT,EQ,N,276.99,270.0,276.99,271.61,272.95,271.28,2621,712448.1,300.0,201.2,139,INF200KA1S14,2021-01-12,2021-01-11T18:30:00.000Z,2021-01-12T12:01:03.232Z,2021-01-12T12:01:03.232Z,0,271.82,12-Jan-2021
229,5f96ba636479130008a52612,SBIETFIT,EQ,N,238.5,213.01,213.6,213.99,214.0,226.42,2487,540379.66,250.0,201.2,110,INF200KA1S14,2020-10-26,2020-10-25T18:30:00.000Z,2020-10-26T12:00:35.931Z,2020-10-26T12:00:35.931Z,0,217.28,26-Oct-2020
230,5f980bff2a17b100088d5927,SBIETFIT,EQ,N,216.85,210.8,214.0,211.99,211.99,213.99,1000,212204.19,250.0,201.2,66,INF200KA1S14,2020-10-27,2020-10-26T18:30:00.000Z,2020-10-27T12:01:03.185Z,2020-10-27T12:01:03.185Z,0,212.2,27-Oct-2020
231,5f995d5e022fa70008f83584,SBIETFIT,EQ,N,214.97,208.0,211.99,208.5,208.51,211.99,968,204851.88,250.0,201.2,37,INF200KA1S14,2020-10-28,2020-10-27T18:30:00.000Z,2020-10-28T12:00:30.139Z,2020-10-28T12:00:30.139Z,0,211.62,28-Oct-2020
232,5f9aaee3022fa70008f83e6c,SBIETFIT,EQ,N,212.99,208.06,211.99,212.87,212.87,208.5,719,151233.59,250.0,201.2,29,INF200KA1S14,2020-10-29,2020-10-28T18:30:00.000Z,2020-10-29T12:00:35.229Z,2020-10-29T12:00:35.229Z,0,210.34,29-Oct-2020
233,5f9c0062b6dbb5000825b05c,SBIETFIT,EQ,N,214.75,208.07,214.75,213.0,213.0,212.87,647,136853.67,250.0,201.2,27,INF200KA1S14,2020-10-30,2020-10-29T18:30:00.000Z,2020-10-30T12:00:34.745Z,2020-10-30T12:00:34.745Z,0,211.52,30-Oct-2020
234,5f9ff4fe59ba9100086bcff2,SBIETFIT,EQ,N,214.9,207.14,214.0,209.25,209.25,213.0,2245,469063.85,250.0,201.2,61,INF200KA1S14,2020-11-02,2020-11-01T18:30:00.000Z,2020-11-02T12:01:02.861Z,2020-11-02T12:01:02.861Z,0,208.94,02-Nov-2020
235,5fa14663b6dbb5000825b9be,SBIETFIT,EQ,N,217.99,208.76,212.45,210.34,209.45,209.25,1746,371170.31,250.0,201.2,47,INF200KA1S14,2020-11-03,2020-11-02T18:30:00.000Z,2020-11-03T12:00:35.974Z,2020-11-03T12:00:35.974Z,0,212.58,03-Nov-2020
236,5fa297e5022fa70008f8522b,SBIETFIT,EQ,N,224.0,210.01,214.0,213.4,215.0,210.34,2818,606007.94,250.0,201.2,112,INF200KA1S14,2020-11-04,2020-11-03T18:30:00.000Z,2020-11-04T12:00:37.484Z,2020-11-04T12:00:37.484Z,0,215.05,04-Nov-2020
237,5fa3e96374b6670008117bff,SBIETFIT,EQ,N,221.94,215.0,218.0,215.0,215.0,213.4,2685,584732.52,250.0,201.2,102,INF200KA1S14,2020-11-05,2020-11-04T18:30:00.000Z,2020-11-05T12:00:35.961Z,2020-11-05T12:00:35.961Z,0,217.78,05-Nov-2020
238,5fa53ae2e39d1b0009aa92e2,SBIETFIT,EQ,N,217.0,213.02,215.0,216.63,215.01,215.0,455,97841.91,250.0,201.2,24,INF200KA1S14,2020-11-06,2020-11-05T18:30:00.000Z,2020-11-06T12:00:34.647Z,2020-11-06T12:00:34.647Z,0,215.04,06-Nov-2020
239,5fa92f63022fa70008f86180,SBIETFIT,EQ,N,219.25,215.0,215.01,217.97,216.5,216.63,1885,410080.47,250.0,201.2,59,INF200KA1S14,2020-11-09,2020-11-08T18:30:00.000Z,2020-11-09T12:00:35.403Z,2020-11-09T12:00:35.403Z,0,217.55,09-Nov-2020
240,5faa80e1cef71300089155a7,SBIETFIT,EQ,N,217.77,210.0,216.5,211.01,210.61,217.97,2671,571424.69,250.0,201.2,123,INF200KA1S14,2020-11-10,2020-11-09T18:30:00.000Z,2020-11-10T12:00:33.361Z,2020-11-10T12:00:33.361Z,0,213.94,10-Nov-2020
241,5fabd26574b6670008118692,SBIETFIT,EQ,N,214.99,211.0,212.5,214.85,214.85,211.01,1308,279099.04,250.0,201.2,52,INF200KA1S14,2020-11-11,2020-11-10T18:30:00.000Z,2020-11-11T12:00:37.581Z,2020-11-11T12:00:37.581Z,0,213.38,11-Nov-2020
242,5fad23e2d5e18c0008685987,SBIETFIT,EQ,N,218.69,214.01,218.0,217.98,217.98,214.85,506,109426.84,250.0,201.2,36,INF200KA1S14,2020-11-12,2020-11-11T18:30:00.000Z,2020-11-12T12:00:34.129Z,2020-11-12T12:00:34.129Z,0,216.26,12-Nov-2020
243,5fae757e74b6670008119264,SBIETFIT,EQ,N,217.8,210.5,217.8,215.0,215.5,217.98,847,182006.75,250.0,201.2,38,INF200KA1S14,2020-11-13,2020-11-12T18:30:00.000Z,2020-11-13T12:01:02.757Z,2020-11-13T12:01:02.757Z,0,214.88,13-Nov-2020
244,5fafeb90cef7130008916393,SBIETFIT,EQ,N,248.88,213.7,248.88,218.24,218.29,215.0,2911,635201.31,250.0,201.2,64,INF200KA1S14,2020-11-14,2020-11-13T18:30:00.000Z,2020-11-14T14:37:04.871Z,2020-11-14T14:37:04.871Z,0,218.21,14-Nov-2020
245,5fb3bb7e06a1d00008ad06dd,SBIETFIT,EQ,N,218.7,213.55,218.7,215.38,216.98,218.24,3443,742156.3,250.0,201.2,96,INF200KA1S14,2020-11-17,2020-11-16T18:30:00.000Z,2020-11-17T12:01:02.951Z,2020-11-17T12:01:02.951Z,0,215.56,17-Nov-2020
246,5fb511b1df20a40008042647,SBIETFIT,EQ,N,216.98,213.01,216.98,213.98,214.98,215.38,5439,1166672.63,250.0,201.2,94,INF200KA1S14,2020-11-18,2020-11-17T18:30:00.000Z,2020-11-18T12:21:05.266Z,2020-11-18T12:21:05.266Z,0,214.5,18-Nov-2020
247,5fb65e61c21f05000895cc4b,SBIETFIT,EQ,N,216.99,206.0,216.99,210.37,210.5,213.98,13936,2963854.5,250.0,201.2,263,INF200KA1S14,2020-11-19,2020-11-18T18:30:00.000Z,2020-11-19T12:00:33.335Z,2020-11-19T12:00:33.335Z,0,212.68,19-Nov-2020
248,5fb7afe494bf500008b25b05,SBIETFIT,EQ,N,214.7,210.67,212.0,213.01,213.01,210.37,1958,417078.56,250.0,201.2,43,INF200KA1S14,2020-11-20,2020-11-19T18:30:00.000Z,2020-11-20T12:00:37.022Z,2020-11-20T12:00:37.022Z,0,213.01,20-Nov-2020
249,5fbba4625e52590008930e88,SBIETFIT,EQ,N,220.5,213.05,213.05,220.5,220.5,213.01,4663,1014665.13,250.0,201.2,90,INF200KA1S14,2020-11-23,2020-11-22T18:30:00.000Z,2020-11-23T12:00:34.836Z,2020-11-23T12:00:34.836Z,0,217.6,23-Nov-2020
250,5fbcf5fe6a74050008b287f2,SBIETFIT,EQ,N,224.6,220.02,220.5,222.12,222.77,220.5,1897,422911.47,250.0,201.2,59,INF200KA1S14,2020-11-24,2020-11-23T18:30:00.000Z,2020-11-24T12:01:02.864Z,2020-11-24T12:01:02.864Z,0,222.94,24-Nov-2020
251,5fbe476387ed3b0008004bcb,SBIETFIT,EQ,N,223.61,218.5,220.0,220.11,220.99,222.12,1059,232732.07,250.0,201.2,75,INF200KA1S14,2020-11-25,2020-11-24T18:30:00.000Z,2020-11-25T12:00:35.371Z,2020-11-25T12:00:35.371Z,0,219.77,25-Nov-2020
252,5fbf98e2a33acb0008385c5b,SBIETFIT,EQ,N,220.95,217.0,220.95,220.59,220.6,220.11,296,64664.37,250.0,201.2,30,INF200KA1S14,2020-11-26,2020-11-25T18:30:00.000Z,2020-11-26T12:00:34.953Z,2020-11-26T12:00:34.953Z,0,218.46,26-Nov-2020
253,5fc0ea7f5e5259000894e3c8,SBIETFIT,EQ,N,223.59,218.02,220.58,220.96,219.5,220.59,463,102236.59,250.0,201.2,47,INF200KA1S14,2020-11-27,2020-11-26T18:30:00.000Z,2020-11-27T12:01:03.078Z,2020-11-27T12:01:03.078Z,0,220.81,27-Nov-2020
254,5fc6305eeb74920008ab8fa1,SBIETFIT,EQ,N,222.7,217.01,220.96,220.51,219.42,220.96,1452,318283.98,250.0,201.2,54,INF200KA1S14,2020-12-01,2020-11-30T18:30:00.000Z,2020-12-01T12:00:30.592Z,2020-12-01T12:00:30.592Z,0,219.2,01-Dec-2020
255,5fc781fffdaa170009fa8568,SBIETFIT,EQ,N,226.9,220.12,225.4,224.32,226.9,220.51,1435,320311.34,250.0,201.2,56,INF200KA1S14,2020-12-02,2020-12-01T18:30:00.000Z,2020-12-02T12:01:03.083Z,2020-12-02T12:01:03.083Z,0,223.21,02-Dec-2020
256,5fc8d35cfdaa170009fb5e46,SBIETFIT,EQ,N,226.69,222.19,224.0,224.06,223.88,224.32,1163,261698.88,250.0,201.2,57,INF200KA1S14,2020-12-03,2020-12-02T18:30:00.000Z,2020-12-03T12:00:28.395Z,2020-12-03T12:00:28.395Z,0,225.02,03-Dec-2020
257,5f9174615967e70008187248,SBIETFIT,EQ,N,250.0,201.2,250.0,216.0,216.0,213.92,5181,1126095.66,250.0,201.2,50,INF200KA1S14,2020-10-22,2020-10-21T18:30:00.000Z,2020-10-22T12:00:33.446Z,2020-10-22T12:00:33.446Z,0,217.35,22-Oct-2020
258,5f92c5e31ae58c000825f674,SBIETFIT,EQ,N,243.8,207.25,216.0,226.42,218.0,216.0,1584,349124.81,250.0,201.2,98,INF200KA1S14,2020-10-23,2020-10-22T18:30:00.000Z,2020-10-23T12:00:35.730Z,2020-10-23T12:00:35.730Z,0,220.41,23-Oct-2020
