,_id,CH_SYMBOL,CH_SERIES,CH_MARKET_TYPE,CH_TRADE_HIGH_PRICE,CH_TRADE_LOW_PRICE,CH_OPENING_PRICE,CH_CLOSING_PRICE,CH_LAST_TRADED_PRICE,CH_PREVIOUS_CLS_PRICE,CH_TOT_TRADED_QTY,CH_TOT_TRADED_VAL,CH_52WEEK_HIGH_PRICE,CH_52WEEK_LOW_PRICE,CH_TOTAL_TRADES,CH_ISIN,CH_TIMESTAMP,TIMESTAMP,createdAt,updatedAt,__v,VWAP,mTIMESTAMP,CA
0,616eb3812137b10008e73368,UJAAS,EQ,N,3.55,3.2,3.5,3.25,3.25,3.45,3826753,12836532.75,4.95,2.4,2960,INE899L01022,2021-10-19,2021-10-18T18:30:00.000Z,2021-10-19T12:01:05.467Z,2021-10-19T12:01:05.467Z,0,3.35,19-Oct-2021,
1,61700becffea140009a39d8f,UJAAS,EQ,N,3.3,3.05,3.3,3.1,3.15,3.25,1388218,4367861.3,4.95,2.4,1605,INE899L01022,2021-10-20,2021-10-19T18:30:00.000Z,2021-10-20T12:30:36.857Z,2021-10-20T12:30:36.857Z,0,3.15,20-Oct-2021,
2,61715664facf5c0008bb1c0b,UJAAS,EQ,N,3.25,3.1,3.15,3.1,3.2,3.1,1265271,3995836.85,4.95,2.4,1365,INE899L01022,2021-10-21,2021-10-20T18:30:00.000Z,2021-10-21T12:00:36.872Z,2021-10-21T12:00:36.872Z,0,3.16,21-Oct-2021,
3,6172a8032dc18f00080fe5a3,UJAAS,EQ,N,3.4,3.15,3.15,3.3,3.35,3.1,2014006,6516900.95,4.95,2.4,1366,INE899L01022,2021-10-22,2021-10-21T18:30:00.000Z,2021-10-22T12:01:07.583Z,2021-10-22T12:01:07.583Z,0,3.24,22-Oct-2021,
4,61769c5fdb443b0008c8eb0b,UJAAS,EQ,N,3.4,3.15,3.4,3.15,3.2,3.3,1176974,3823493.75,4.95,2.4,1598,INE899L01022,2021-10-25,2021-10-24T18:30:00.000Z,2021-10-25T12:00:31.494Z,2021-10-25T12:00:31.494Z,0,3.25,25-Oct-2021,
5,6177ee022ed3fb00087df0da,UJAAS,EQ,N,3.25,3.1,3.2,3.2,3.2,3.15,870527,2761991.15,4.95,2.4,1018,INE899L01022,2021-10-26,2021-10-25T18:30:00.000Z,2021-10-26T12:01:06.495Z,2021-10-26T12:01:06.495Z,0,3.17,26-Oct-2021,
6,61793f8a7220a800093c7354,UJAAS,EQ,N,3.2,3.1,3.2,3.15,3.15,3.2,689921,2177061.95,4.95,2.4,1079,INE899L01022,2021-10-27,2021-10-26T18:30:00.000Z,2021-10-27T12:01:14.562Z,2021-10-27T12:01:14.562Z,0,3.16,27-Oct-2021,
7,617a90e6b698860008b70dba,UJAAS,EQ,N,3.15,3.0,3.15,3.05,3.05,3.15,952740,2920269.7,4.95,2.4,1160,INE899L01022,2021-10-28,2021-10-27T18:30:00.000Z,2021-10-28T12:00:38.578Z,2021-10-28T12:00:38.578Z,0,3.07,28-Oct-2021,
8,6139f76a9241480008a1ac3c,UJAAS,EQ,N,2.95,2.75,2.8,2.8,2.8,2.8,2414353,6940895.2,4.95,2.4,889,INE899L01022,2021-09-09,2021-09-08T18:30:00.000Z,2021-09-09T12:00:42.261Z,2021-09-09T12:00:42.261Z,0,2.87,09-Sep-2021,
9,613f3d5e66f15f0008394a4b,UJAAS,EQ,N,2.85,2.75,2.85,2.8,2.8,2.8,409229,1133666.45,4.95,2.4,502,INE899L01022,2021-09-13,2021-09-12T18:30:00.000Z,2021-09-13T12:00:30.483Z,2021-09-13T12:00:30.483Z,0,2.77,13-Sep-2021,
10,61408f038b051b000954548b,UJAAS,EQ,N,2.8,2.7,2.75,2.8,2.8,2.8,815737,2244896.9,4.95,2.4,741,INE899L01022,2021-09-14,2021-09-13T18:30:00.000Z,2021-09-14T12:01:07.477Z,2021-09-14T12:01:07.477Z,0,2.75,14-Sep-2021,
11,6141e06652f351000886716e,UJAAS,EQ,N,2.8,2.7,2.8,2.75,2.8,2.8,864722,2384727.0,4.95,2.4,746,INE899L01022,2021-09-15,2021-09-14T18:30:00.000Z,2021-09-15T12:00:38.137Z,2021-09-15T12:00:38.137Z,0,2.76,15-Sep-2021,
12,614331df4189570008859e35,UJAAS,EQ,N,2.8,2.7,2.8,2.8,2.75,2.75,916204,2540226.3,4.95,2.4,722,INE899L01022,2021-09-16,2021-09-15T18:30:00.000Z,2021-09-16T12:00:31.318Z,2021-09-16T12:00:31.318Z,0,2.77,16-Sep-2021,
13,614483817f66a400087557c4,UJAAS,EQ,N,2.85,2.75,2.8,2.8,2.8,2.8,652544,1823422.3,4.95,2.4,679,INE899L01022,2021-09-17,2021-09-16T18:30:00.000Z,2021-09-17T12:01:05.409Z,2021-09-17T12:01:05.409Z,0,2.79,17-Sep-2021,
14,614877e6e0fcf60008e517a2,UJAAS,EQ,N,2.8,2.75,2.75,2.75,2.75,2.8,344566,952700.9,4.95,2.4,518,INE899L01022,2021-09-20,2021-09-19T18:30:00.000Z,2021-09-20T12:00:38.058Z,2021-09-20T12:00:38.058Z,0,2.76,20-Sep-2021,
15,6149c981bf6def000983a155,UJAAS,EQ,N,3.0,2.7,2.75,3.0,3.0,2.75,3387129,9870226.15,4.95,2.4,1521,INE899L01022,2021-09-21,2021-09-20T18:30:00.000Z,2021-09-21T12:01:05.648Z,2021-09-21T12:01:05.648Z,0,2.91,21-Sep-2021,
16,614b1afff6172a0008df4452,UJAAS,EQ,N,3.1,2.8,3.05,2.9,2.9,3.0,2500017,7409514.9,4.95,2.4,1676,INE899L01022,2021-09-22,2021-09-21T18:30:00.000Z,2021-09-22T12:01:03.974Z,2021-09-22T12:01:03.974Z,0,2.96,22-Sep-2021,"[{'symbol': 'UJAAS', 'series': 'EQ', 'ind': '-', 'faceVal': '1', 'subject': ' Annual General Meeting', 'exDate': '22-Sep-2021', 'recDate': '-', 'bcStartDate': '24-Sep-2021', 'bcEndDate': '30-Sep-2021', 'ndStartDate': '-', 'comp': 'Ujaas Energy Limited', 'isin': 'INE899L01022', 'ndEndDate': '-', 'caBroadcastDate': None}]"
17,614c6c65a3bb370008f102fe,UJAAS,EQ,N,2.95,2.8,2.9,2.9,2.95,2.9,1124595,3247239.4,4.95,2.4,740,INE899L01022,2021-09-23,2021-09-22T18:30:00.000Z,2021-09-23T12:00:37.263Z,2021-09-23T12:00:37.263Z,0,2.89,23-Sep-2021,
18,614dbde385b9910009314773,UJAAS,EQ,N,2.95,2.85,2.95,2.95,2.95,2.9,718560,2100318.95,4.95,2.4,695,INE899L01022,2021-09-24,2021-09-23T18:30:00.000Z,2021-09-24T12:00:35.382Z,2021-09-24T12:00:35.382Z,0,2.92,24-Sep-2021,
19,6151b280c3f15b0008afe60d,UJAAS,EQ,N,2.95,2.85,2.95,2.95,2.95,2.95,811848,2360799.2,4.95,2.4,832,INE899L01022,2021-09-27,2021-09-26T18:30:00.000Z,2021-09-27T12:01:04.398Z,2021-09-27T12:01:04.398Z,0,2.91,27-Sep-2021,
20,615304084a501f0008b25e28,UJAAS,EQ,N,2.95,2.85,2.95,2.9,2.85,2.95,701676,2038627.85,4.95,2.4,589,INE899L01022,2021-09-28,2021-09-27T18:30:00.000Z,2021-09-28T12:01:12.859Z,2021-09-28T12:01:12.859Z,0,2.91,28-Sep-2021,
21,615455814a501f0008e4ce25,UJAAS,EQ,N,3.0,2.85,2.85,2.95,2.95,2.9,1704219,4988456.1,4.95,2.4,777,INE899L01022,2021-09-29,2021-09-28T18:30:00.000Z,2021-09-29T12:01:05.143Z,2021-09-29T12:01:05.143Z,0,2.93,29-Sep-2021,
22,6155a70159568200081768e3,UJAAS,EQ,N,2.95,2.85,2.9,2.85,2.9,2.95,868917,2513539.2,4.95,2.4,660,INE899L01022,2021-09-30,2021-09-29T18:30:00.000Z,2021-09-30T12:01:05.921Z,2021-09-30T12:01:05.921Z,0,2.89,30-Sep-2021,
23,6156f85e00c38500086c3246,UJAAS,EQ,N,2.9,2.8,2.85,2.85,2.9,2.85,588189,1683617.75,4.95,2.4,504,INE899L01022,2021-10-01,2021-09-30T18:30:00.000Z,2021-10-01T12:00:30.783Z,2021-10-01T12:00:30.783Z,0,2.86,01-Oct-2021,
24,615aed0100c38500088dfedb,UJAAS,EQ,N,3.0,2.85,2.9,2.9,2.9,2.85,1294973,3799230.7,4.95,2.4,900,INE899L01022,2021-10-04,2021-10-03T18:30:00.000Z,2021-10-04T12:01:05.803Z,2021-10-04T12:01:05.803Z,0,2.93,04-Oct-2021,
25,615c3e661728530008f0afc1,UJAAS,EQ,N,2.95,2.85,2.95,2.9,2.95,2.9,606759,1764265.8,4.95,2.4,688,INE899L01022,2021-10-05,2021-10-04T18:30:00.000Z,2021-10-05T12:00:38.748Z,2021-10-05T12:00:38.748Z,0,2.91,05-Oct-2021,
26,615d8fe47c2c3b0008a0029e,UJAAS,EQ,N,2.95,2.85,2.9,2.85,2.85,2.9,721906,2093681.15,4.95,2.4,569,INE899L01022,2021-10-06,2021-10-05T18:30:00.000Z,2021-10-06T12:00:36.413Z,2021-10-06T12:00:36.413Z,0,2.9,06-Oct-2021,
27,615ee163c7aa9800089783cb,UJAAS,EQ,N,2.95,2.85,2.9,2.9,2.95,2.85,864722,2524199.55,4.95,2.4,763,INE899L01022,2021-10-07,2021-10-06T18:30:00.000Z,2021-10-07T12:00:35.956Z,2021-10-07T12:00:35.956Z,0,2.92,07-Oct-2021,
28,616032ff31c1ce0008cb0417,UJAAS,EQ,N,3.1,2.9,2.9,3.0,3.05,2.9,3986557,12086839.1,4.95,2.4,1907,INE899L01022,2021-10-08,2021-10-07T18:30:00.000Z,2021-10-08T12:01:03.941Z,2021-10-08T12:01:03.941Z,0,3.03,08-Oct-2021,
29,61644a8d1ffdf40008ba3f60,UJAAS,EQ,N,3.6,3.05,3.1,3.6,3.6,3.0,9460746,33606576.25,4.95,2.4,4414,INE899L01022,2021-10-11,2021-10-10T18:30:00.000Z,2021-10-11T14:30:37.594Z,2021-10-11T14:30:37.594Z,0,3.55,11-Oct-2021,
30,6165790060745c0008937515,UJAAS,EQ,N,4.15,3.6,3.9,3.65,3.65,3.6,12609883,47718980.55,4.95,2.4,9428,INE899L01022,2021-10-12,2021-10-11T18:30:00.000Z,2021-10-12T12:01:04.190Z,2021-10-12T12:01:04.190Z,0,3.78,12-Oct-2021,
31,6166ca6673e7b00008258f08,UJAAS,EQ,N,3.85,3.35,3.75,3.45,3.5,3.65,4968318,17419990.8,4.95,2.4,4234,INE899L01022,2021-10-13,2021-10-12T18:30:00.000Z,2021-10-13T12:00:38.672Z,2021-10-13T12:00:38.672Z,0,3.51,13-Oct-2021,
32,61681c0103a7b2000873e474,UJAAS,EQ,N,3.55,3.25,3.5,3.3,3.4,3.45,3455689,11880070.65,4.95,2.4,3317,INE899L01022,2021-10-14,2021-10-13T18:30:00.000Z,2021-10-14T12:01:05.884Z,2021-10-14T12:01:05.884Z,0,3.44,14-Oct-2021,
33,616d61e381039a0008f7645a,UJAAS,EQ,N,3.5,3.35,3.45,3.45,3.45,3.3,2261066,7750675.85,4.95,2.4,2736,INE899L01022,2021-10-18,2021-10-17T18:30:00.000Z,2021-10-18T12:00:35.320Z,2021-10-18T12:00:35.320Z,0,3.43,18-Oct-2021,
34,616eb3812137b10008e73368,UJAAS,EQ,N,3.55,3.2,3.5,3.25,3.25,3.45,3826753,12836532.75,4.95,2.4,2960,INE899L01022,2021-10-19,2021-10-18T18:30:00.000Z,2021-10-19T12:01:05.467Z,2021-10-19T12:01:05.467Z,0,3.35,19-Oct-2021,
35,6107de814c6c270008f21d1c,UJAAS,EQ,N,3.05,3.05,3.05,3.05,3.05,2.95,768530,2344016.5,5.3,2.4,465,INE899L01022,2021-08-02,2021-08-01T18:30:00.000Z,2021-08-02T12:01:05.822Z,2021-08-02T12:01:05.822Z,0,3.05,02-Aug-2021,
36,61092fe5ddfad700096fde41,UJAAS,EQ,N,3.15,2.9,3.1,2.95,2.95,3.05,2157043,6363516.8,5.3,2.4,1694,INE899L01022,2021-08-03,2021-08-02T18:30:00.000Z,2021-08-03T12:00:37.161Z,2021-08-03T12:00:37.161Z,0,2.95,03-Aug-2021,
37,610a815fddfad70009999347,UJAAS,EQ,N,2.95,2.85,2.95,2.85,2.85,2.95,1562980,4496369.35,5.3,2.4,1191,INE899L01022,2021-08-04,2021-08-03T18:30:00.000Z,2021-08-04T12:00:31.747Z,2021-08-04T12:00:31.747Z,0,2.88,04-Aug-2021,
38,610bd303c5cd9d0008592789,UJAAS,EQ,N,2.85,2.75,2.8,2.8,2.85,2.85,960488,2681557.45,5.3,2.4,1002,INE899L01022,2021-08-05,2021-08-04T18:30:00.000Z,2021-08-05T12:01:07.143Z,2021-08-05T12:01:07.143Z,0,2.79,05-Aug-2021,
39,610d24651ad12f0009efadb6,UJAAS,EQ,N,2.85,2.75,2.75,2.85,2.85,2.8,676255,1902435.4,5.3,2.4,855,INE899L01022,2021-08-06,2021-08-05T18:30:00.000Z,2021-08-06T12:00:37.041Z,2021-08-06T12:00:37.041Z,0,2.81,06-Aug-2021,
40,611118e44df23100084eadde,UJAAS,EQ,N,2.95,2.75,2.9,2.75,2.8,2.85,788364,2211652.75,5.25,2.4,1152,INE899L01022,2021-08-09,2021-08-08T18:30:00.000Z,2021-08-09T12:00:36.444Z,2021-08-09T12:00:36.444Z,0,2.81,09-Aug-2021,
41,61126a66cce4c4000859342d,UJAAS,EQ,N,2.8,2.7,2.8,2.7,2.75,2.75,481414,1314303.35,5.25,2.4,653,INE899L01022,2021-08-10,2021-08-09T18:30:00.000Z,2021-08-10T12:00:38.087Z,2021-08-10T12:00:38.087Z,0,2.73,10-Aug-2021,
42,6113bbde3759be00081125b9,UJAAS,EQ,N,2.75,2.45,2.7,2.65,2.7,2.7,1546090,3995376.7,5.25,2.4,1227,INE899L01022,2021-08-11,2021-08-10T18:30:00.000Z,2021-08-11T12:00:30.586Z,2021-08-11T12:00:30.586Z,0,2.58,11-Aug-2021,
43,61150d64ea5aa20008b5f190,UJAAS,EQ,N,2.9,2.6,2.65,2.85,2.85,2.65,869429,2434252.35,5.25,2.4,806,INE899L01022,2021-08-12,2021-08-11T18:30:00.000Z,2021-08-12T12:00:36.649Z,2021-08-12T12:00:36.649Z,0,2.8,12-Aug-2021,
44,61165ee65fd7730008dac197,UJAAS,EQ,N,2.9,2.7,2.85,2.75,2.8,2.85,977628,2697374.15,5.25,2.4,812,INE899L01022,2021-08-13,2021-08-12T18:30:00.000Z,2021-08-13T12:00:38.620Z,2021-08-13T12:00:38.620Z,0,2.76,13-Aug-2021,
45,611a5364cce4c4000835c459,UJAAS,EQ,N,2.75,2.65,2.75,2.7,2.75,2.75,478282,1289719.7,5.05,2.4,625,INE899L01022,2021-08-16,2021-08-15T18:30:00.000Z,2021-08-16T12:00:36.137Z,2021-08-16T12:00:36.137Z,0,2.7,16-Aug-2021,
46,611ba503cce4c4000862af37,UJAAS,EQ,N,2.7,2.6,2.7,2.65,2.65,2.7,492694,1313450.35,5.05,2.4,671,INE899L01022,2021-08-17,2021-08-16T18:30:00.000Z,2021-08-17T12:01:07.443Z,2021-08-17T12:01:07.443Z,0,2.67,17-Aug-2021,
47,611cf666913015000809bc49,UJAAS,EQ,N,2.75,2.6,2.65,2.7,2.75,2.65,815705,2185099.15,5.05,2.4,540,INE899L01022,2021-08-18,2021-08-17T18:30:00.000Z,2021-08-18T12:00:38.237Z,2021-08-18T12:00:38.237Z,0,2.68,18-Aug-2021,
48,611f9964d448d000082ac2f7,UJAAS,EQ,N,2.75,2.55,2.7,2.65,2.65,2.7,678703,1784793.1,5.05,2.4,685,INE899L01022,2021-08-20,2021-08-19T18:30:00.000Z,2021-08-20T12:00:36.615Z,2021-08-20T12:00:36.615Z,0,2.63,20-Aug-2021,
49,61238de48095fa0008ef28c3,UJAAS,EQ,N,2.7,2.5,2.65,2.6,2.65,2.65,648176,1684627.9,4.95,2.4,798,INE899L01022,2021-08-23,2021-08-22T18:30:00.000Z,2021-08-23T12:00:36.399Z,2021-08-23T12:00:36.399Z,0,2.6,23-Aug-2021,
50,6124df82a939250008519d1e,UJAAS,EQ,N,2.7,2.6,2.65,2.65,2.65,2.6,489480,1295353.35,4.95,2.4,414,INE899L01022,2021-08-24,2021-08-23T18:30:00.000Z,2021-08-24T12:01:06.157Z,2021-08-24T12:01:06.157Z,0,2.65,24-Aug-2021,
51,612630de2596f30008058cc5,UJAAS,EQ,N,2.7,2.6,2.7,2.7,2.7,2.65,492787,1311284.1,4.95,2.4,631,INE899L01022,2021-08-25,2021-08-24T18:30:00.000Z,2021-08-25T12:00:30.516Z,2021-08-25T12:00:30.516Z,0,2.66,25-Aug-2021,
52,612782692596f3000805960c,UJAAS,EQ,N,2.75,2.65,2.7,2.65,2.7,2.7,465960,1255598.95,4.95,2.4,436,INE899L01022,2021-08-26,2021-08-25T18:30:00.000Z,2021-08-26T12:00:41.459Z,2021-08-26T12:00:41.459Z,0,2.69,26-Aug-2021,
53,6128d40191221d0009d5afb6,UJAAS,EQ,N,2.7,2.6,2.65,2.65,2.7,2.65,402015,1069111.2,4.95,2.4,430,INE899L01022,2021-08-27,2021-08-26T18:30:00.000Z,2021-08-27T12:01:05.530Z,2021-08-27T12:01:05.530Z,0,2.66,27-Aug-2021,
54,612cc867f99d720008a950f7,UJAAS,EQ,N,2.7,2.6,2.7,2.6,2.6,2.65,455927,1205609.65,4.95,2.4,544,INE899L01022,2021-08-30,2021-08-29T18:30:00.000Z,2021-08-30T12:00:39.974Z,2021-08-30T12:00:39.974Z,0,2.64,30-Aug-2021,
55,612e19e0eb0c130008138b8e,UJAAS,EQ,N,2.7,2.6,2.65,2.65,2.65,2.6,454020,1203091.6,4.95,2.4,498,INE899L01022,2021-08-31,2021-08-30T18:30:00.000Z,2021-08-31T12:00:32.588Z,2021-08-31T12:00:32.588Z,0,2.65,31-Aug-2021,
56,612f6b65fca57e0008dc56e6,UJAAS,EQ,N,2.9,2.6,2.7,2.9,2.9,2.65,3097245,8854656.45,4.95,2.4,1328,INE899L01022,2021-09-01,2021-08-31T18:30:00.000Z,2021-09-01T12:00:37.237Z,2021-09-01T12:00:37.237Z,0,2.86,01-Sep-2021,
57,6130bce0adef1200085049f0,UJAAS,EQ,N,3.0,2.75,2.95,2.85,2.9,2.9,1562284,4528714.3,4.95,2.4,1109,INE899L01022,2021-09-02,2021-09-01T18:30:00.000Z,2021-09-02T12:00:32.353Z,2021-09-02T12:00:32.353Z,0,2.9,02-Sep-2021,
58,61320e824f4d7600089d9356,UJAAS,EQ,N,2.9,2.7,2.85,2.8,2.8,2.85,546721,1527788.3,4.95,2.4,524,INE899L01022,2021-09-03,2021-09-02T18:30:00.000Z,2021-09-03T12:01:06.098Z,2021-09-03T12:01:06.098Z,0,2.79,03-Sep-2021,
59,613602e566f15f00089e9600,UJAAS,EQ,N,2.8,2.7,2.75,2.75,2.75,2.8,566255,1543368.8,4.95,2.4,755,INE899L01022,2021-09-06,2021-09-05T18:30:00.000Z,2021-09-06T12:00:37.716Z,2021-09-06T12:00:37.716Z,0,2.73,06-Sep-2021,
60,61375481eb333d0008c0f32a,UJAAS,EQ,N,2.8,2.65,2.75,2.7,2.7,2.75,626905,1698684.7,4.95,2.4,545,INE899L01022,2021-09-07,2021-09-06T18:30:00.000Z,2021-09-07T12:01:05.385Z,2021-09-07T12:01:05.385Z,0,2.71,07-Sep-2021,
61,6138a5df5a558200095d39cb,UJAAS,EQ,N,2.85,2.7,2.75,2.8,2.85,2.7,766493,2130205.9,4.95,2.4,458,INE899L01022,2021-09-08,2021-09-07T18:30:00.000Z,2021-09-08T12:00:31.283Z,2021-09-08T12:00:31.283Z,0,2.78,08-Sep-2021,
62,6139f76a9241480008a1ac3c,UJAAS,EQ,N,2.95,2.75,2.8,2.8,2.8,2.8,2414353,6940895.2,4.95,2.4,889,INE899L01022,2021-09-09,2021-09-08T18:30:00.000Z,2021-09-09T12:00:42.261Z,2021-09-09T12:00:42.261Z,0,2.87,09-Sep-2021,
63,60f6bae4874e33000816720d,UJAAS,EQ,N,3.0,2.85,3.0,2.9,2.95,2.95,853323,2501668.0,9.95,2.4,1121,INE899L01022,2021-07-20,2021-07-19T18:30:00.000Z,2021-07-20T12:00:36.201Z,2021-07-20T12:00:36.201Z,0,2.93,20-Jul-2021,
64,60f95e01caa69600097213be,UJAAS,EQ,N,2.95,2.9,2.95,2.9,2.95,2.9,702240,2051842.2,9.95,2.4,898,INE899L01022,2021-07-22,2021-07-21T18:30:00.000Z,2021-07-22T12:01:05.663Z,2021-07-22T12:01:05.663Z,0,2.92,22-Jul-2021,
65,60faaf83874e3300088b11e6,UJAAS,EQ,N,2.95,2.8,2.9,2.8,2.8,2.9,2667150,7552973.35,7.8,2.4,1812,INE899L01022,2021-07-23,2021-07-22T18:30:00.000Z,2021-07-23T12:01:07.718Z,2021-07-23T12:01:07.718Z,0,2.83,23-Jul-2021,
66,60fea3e45e7550000886215b,UJAAS,EQ,N,2.9,2.7,2.8,2.85,2.9,2.8,1964245,5438678.45,7.4,2.4,1239,INE899L01022,2021-07-26,2021-07-25T18:30:00.000Z,2021-07-26T12:00:36.716Z,2021-07-26T12:00:36.716Z,0,2.77,26-Jul-2021,
67,60fff5813b69e400088b9084,UJAAS,EQ,N,2.9,2.75,2.9,2.8,2.8,2.85,1105850,3139920.9,6.7,2.4,884,INE899L01022,2021-07-27,2021-07-26T18:30:00.000Z,2021-07-27T12:01:05.663Z,2021-07-27T12:01:05.663Z,0,2.84,27-Jul-2021,
68,61014701a8ea98000873d29a,UJAAS,EQ,N,2.8,2.7,2.8,2.75,2.75,2.8,781199,2157467.15,6.2,2.4,977,INE899L01022,2021-07-28,2021-07-27T18:30:00.000Z,2021-07-28T12:01:05.566Z,2021-07-28T12:01:05.566Z,0,2.76,28-Jul-2021,
69,61029883ebb5b000089384a7,UJAAS,EQ,N,2.85,2.75,2.8,2.85,2.85,2.75,1216899,3432239.6,6.2,2.4,609,INE899L01022,2021-07-29,2021-07-28T18:30:00.000Z,2021-07-29T12:01:07.307Z,2021-07-29T12:01:07.307Z,0,2.82,29-Jul-2021,
70,6103ea03ebb5b00008cf5ac0,UJAAS,EQ,N,2.95,2.85,2.95,2.95,2.95,2.85,1241573,3634556.0,6.2,2.4,492,INE899L01022,2021-07-30,2021-07-29T18:30:00.000Z,2021-07-30T12:01:07.054Z,2021-07-30T12:01:07.054Z,0,2.93,30-Jul-2021,
71,609bc381c132690009f004d4,UJAAS,EQ,N,2.65,2.6,2.65,2.65,2.65,2.55,865577,2291009.0,9.95,2.4,414,INE899L01022,2021-05-12,2021-05-11T18:30:00.000Z,2021-05-12T12:01:05.352Z,2021-05-12T12:01:05.352Z,0,2.65,12-May-2021,
72,609e6681885aee00088f4c7e,UJAAS,EQ,N,2.75,2.75,2.75,2.75,2.75,2.65,311730,857257.5,9.95,2.4,144,INE899L01022,2021-05-14,2021-05-13T18:30:00.000Z,2021-05-14T12:01:05.683Z,2021-05-14T12:01:05.683Z,0,2.75,14-May-2021,
73,60a25b004e61470008bbf35a,UJAAS,EQ,N,2.85,2.85,2.85,2.85,2.85,2.75,277152,789883.2,9.95,2.4,174,INE899L01022,2021-05-17,2021-05-16T18:30:00.000Z,2021-05-17T12:01:04.938Z,2021-05-17T12:01:04.938Z,0,2.85,17-May-2021,
74,60a3ac80bcb6750008861334,UJAAS,EQ,N,2.9,2.75,2.9,2.75,2.75,2.85,3295204,9208744.75,9.95,2.4,1345,INE899L01022,2021-05-18,2021-05-17T18:30:00.000Z,2021-05-18T12:01:04.615Z,2021-05-18T12:01:04.615Z,0,2.79,18-May-2021,
75,60a4fe031247b900089e3e56,UJAAS,EQ,N,2.7,2.65,2.65,2.65,2.7,2.75,2719325,7226469.45,9.95,2.4,1115,INE899L01022,2021-05-19,2021-05-18T18:30:00.000Z,2021-05-19T12:01:07.908Z,2021-05-19T12:01:07.908Z,0,2.66,19-May-2021,
76,60a64f829a1015000919d6f6,UJAAS,EQ,N,2.75,2.6,2.65,2.7,2.7,2.65,1208172,3279447.9,9.95,2.4,1006,INE899L01022,2021-05-20,2021-05-19T18:30:00.000Z,2021-05-20T12:01:06.285Z,2021-05-20T12:01:06.285Z,0,2.71,20-May-2021,
77,60a7a0e2c7277a00086e3cf6,UJAAS,EQ,N,2.8,2.7,2.75,2.7,2.75,2.7,679400,1855791.25,9.95,2.4,600,INE899L01022,2021-05-21,2021-05-20T18:30:00.000Z,2021-05-21T12:00:34.888Z,2021-05-21T12:00:34.888Z,0,2.73,21-May-2021,
78,60ab958103728a0009a35eaa,UJAAS,EQ,N,2.75,2.65,2.75,2.7,2.75,2.7,759779,2053890.05,9.95,2.4,642,INE899L01022,2021-05-24,2021-05-23T18:30:00.000Z,2021-05-24T12:01:05.711Z,2021-05-24T12:01:05.711Z,0,2.7,24-May-2021,
79,60ace7003e1c550008766f0f,UJAAS,EQ,N,2.75,2.7,2.7,2.7,2.7,2.7,552402,1501939.45,9.95,2.4,579,INE899L01022,2021-05-25,2021-05-24T18:30:00.000Z,2021-05-25T12:01:04.835Z,2021-05-25T12:01:04.835Z,0,2.72,25-May-2021,
80,60ae3885e53e1c0008d919e6,UJAAS,EQ,N,2.8,2.7,2.75,2.8,2.8,2.7,1361251,3754559.95,9.95,2.4,606,INE899L01022,2021-05-26,2021-05-25T18:30:00.000Z,2021-05-26T12:01:10.016Z,2021-05-26T12:01:10.016Z,0,2.76,26-May-2021,
81,60af89e723db9e0008efd669,UJAAS,EQ,N,2.9,2.8,2.9,2.85,2.9,2.8,1342270,3833197.5,9.95,2.4,1006,INE899L01022,2021-05-27,2021-05-26T18:30:00.000Z,2021-05-27T12:00:39.777Z,2021-05-27T12:00:39.777Z,0,2.86,27-May-2021,
82,60b0db87ecad4f0008644dfd,UJAAS,EQ,N,2.95,2.75,2.9,2.8,2.8,2.85,1673960,4742289.95,9.95,2.4,1170,INE899L01022,2021-05-28,2021-05-27T18:30:00.000Z,2021-05-28T12:01:11.552Z,2021-05-28T12:01:11.552Z,0,2.83,28-May-2021,
83,60b4d00299942d0008df0da1,UJAAS,EQ,N,2.8,2.75,2.8,2.8,2.8,2.8,652829,1811622.5,9.95,2.4,730,INE899L01022,2021-05-31,2021-05-30T18:30:00.000Z,2021-05-31T12:01:06.044Z,2021-05-31T12:01:06.044Z,0,2.78,31-May-2021,
84,60b621811746750008d2b7b0,UJAAS,EQ,N,2.8,2.75,2.8,2.8,2.8,2.8,687805,1902678.15,9.95,2.4,573,INE899L01022,2021-06-01,2021-05-31T18:30:00.000Z,2021-06-01T12:01:05.870Z,2021-06-01T12:01:05.870Z,0,2.77,01-Jun-2021,
85,60b772e6174675000806e570,UJAAS,EQ,N,2.9,2.75,2.75,2.9,2.9,2.8,2789357,7976066.15,9.95,2.4,963,INE899L01022,2021-06-02,2021-06-01T18:30:00.000Z,2021-06-02T12:00:38.690Z,2021-06-02T12:00:38.690Z,0,2.86,02-Jun-2021,
86,60b8c481f1e4290008f83ef4,UJAAS,EQ,N,3.0,2.9,3.0,2.95,3.0,2.9,4792417,14308428.75,9.95,2.4,2431,INE899L01022,2021-06-03,2021-06-02T18:30:00.000Z,2021-06-03T12:01:05.448Z,2021-06-03T12:01:05.448Z,0,2.99,03-Jun-2021,
87,60ba15e5fd6cfd0008eceaa3,UJAAS,EQ,N,3.0,2.9,3.0,2.9,2.95,2.95,1797805,5327277.75,9.95,2.4,1222,INE899L01022,2021-06-04,2021-06-03T18:30:00.000Z,2021-06-04T12:00:37.699Z,2021-06-04T12:00:37.699Z,0,2.96,04-Jun-2021,
88,60be0a67e54865000822a842,UJAAS,EQ,N,3.15,2.9,2.95,3.1,3.15,2.9,3903684,11941032.6,9.95,2.4,2079,INE899L01022,2021-06-07,2021-06-06T18:30:00.000Z,2021-06-07T12:00:39.341Z,2021-06-07T12:00:39.341Z,0,3.06,07-Jun-2021,
89,60bf5be5d2265400080d84da,UJAAS,EQ,N,3.25,3.05,3.15,3.15,3.15,3.1,3147032,9973563.2,9.95,2.4,2116,INE899L01022,2021-06-08,2021-06-07T18:30:00.000Z,2021-06-08T12:00:37.449Z,2021-06-08T12:00:37.449Z,0,3.17,08-Jun-2021,
90,60c0ad671318bc0008009ff2,UJAAS,EQ,N,3.45,3.15,3.2,3.45,3.45,3.15,13866285,47555347.6,9.95,2.4,3976,INE899L01022,2021-06-09,2021-06-08T18:30:00.000Z,2021-06-09T12:00:39.849Z,2021-06-09T12:00:39.849Z,0,3.43,09-Jun-2021,
91,60c1ff0381433a00081ea1f3,UJAAS,EQ,N,3.75,3.55,3.6,3.75,3.75,3.45,2815899,10506982.8,9.95,2.4,1313,INE899L01022,2021-06-10,2021-06-09T18:30:00.000Z,2021-06-10T12:01:07.938Z,2021-06-10T12:01:07.938Z,0,3.73,10-Jun-2021,
92,60c3505e99ad6d0008bea3df,UJAAS,EQ,N,3.9,3.6,3.9,3.6,3.6,3.75,7968566,29835913.15,9.95,2.4,4569,INE899L01022,2021-06-11,2021-06-10T18:30:00.000Z,2021-06-11T12:00:30.827Z,2021-06-11T12:00:30.827Z,0,3.74,11-Jun-2021,
93,60c744ecfa74920009971180,UJAAS,EQ,N,3.45,3.45,3.45,3.45,3.45,3.6,753952,2601134.4,9.95,2.4,1079,INE899L01022,2021-06-14,2021-06-13T18:30:00.000Z,2021-06-14T12:00:44.963Z,2021-06-14T12:00:44.963Z,0,3.45,14-Jun-2021,
94,60c896859655b00008f2f183,UJAAS,EQ,N,3.4,3.3,3.3,3.3,3.3,3.45,4247391,14057212.1,9.95,2.4,2524,INE899L01022,2021-06-15,2021-06-14T18:30:00.000Z,2021-06-15T12:01:09.941Z,2021-06-15T12:01:09.941Z,0,3.31,15-Jun-2021,
95,60c9e8039af7c30008702ca9,UJAAS,EQ,N,3.45,3.3,3.3,3.45,3.45,3.3,8615768,29301533.15,9.95,2.4,4326,INE899L01022,2021-06-16,2021-06-15T18:30:00.000Z,2021-06-16T12:01:07.883Z,2021-06-16T12:01:07.883Z,0,3.4,16-Jun-2021,
96,608806a0ccdda4000887db13,UJAAS,EQ,N,2.55,2.45,2.5,2.5,2.5,2.55,590444,1478622.1,9.95,2.15,661,INE899L01022,2021-04-27,2021-04-26T18:30:00.000Z,2021-04-27T12:42:08.348Z,2021-04-27T12:42:08.348Z,0,2.5,27-Apr-2021,
97,60894e6506a23a00085798a3,UJAAS,EQ,N,2.5,2.45,2.5,2.5,2.5,2.5,533192,1320831.0,9.95,2.15,642,INE899L01022,2021-04-28,2021-04-27T18:30:00.000Z,2021-04-28T12:00:37.974Z,2021-04-28T12:00:37.974Z,0,2.48,28-Apr-2021,
98,608aa009fc34330008f84320,UJAAS,EQ,N,2.55,2.45,2.5,2.45,2.5,2.5,799092,1976314.55,9.95,2.15,546,INE899L01022,2021-04-29,2021-04-28T18:30:00.000Z,2021-04-29T12:01:13.296Z,2021-04-29T12:01:13.296Z,0,2.47,29-Apr-2021,
99,608bf18546f86b00096b1979,UJAAS,EQ,N,2.5,2.45,2.5,2.5,2.45,2.45,519692,1283105.9,9.95,2.15,383,INE899L01022,2021-04-30,2021-04-29T18:30:00.000Z,2021-04-30T12:01:09.692Z,2021-04-30T12:01:09.692Z,0,2.47,30-Apr-2021,
100,608fe602c881750008aa0379,UJAAS,EQ,N,2.5,2.4,2.45,2.45,2.5,2.5,1097856,2674501.45,9.95,2.15,669,INE899L01022,2021-05-03,2021-05-02T18:30:00.000Z,2021-05-03T12:01:06.724Z,2021-05-03T12:01:06.724Z,0,2.44,03-May-2021,
101,6091378145df9f0008e9434a,UJAAS,EQ,N,2.5,2.45,2.45,2.45,2.5,2.45,446686,1107311.25,9.95,2.15,435,INE899L01022,2021-05-04,2021-05-03T18:30:00.000Z,2021-05-04T12:01:06.000Z,2021-05-04T12:01:06.000Z,0,2.48,04-May-2021,
102,609288e8c13269000942c712,UJAAS,EQ,N,2.5,2.4,2.5,2.4,2.4,2.45,585663,1432645.55,9.95,2.15,416,INE899L01022,2021-05-05,2021-05-04T18:30:00.000Z,2021-05-05T12:00:40.751Z,2021-05-05T12:00:40.751Z,0,2.45,05-May-2021,
103,6093da81a51b5b0008e143a0,UJAAS,EQ,N,2.5,2.4,2.45,2.45,2.45,2.4,618826,1502925.75,9.95,2.15,343,INE899L01022,2021-05-06,2021-05-05T18:30:00.000Z,2021-05-06T12:01:05.084Z,2021-05-06T12:01:05.084Z,0,2.43,06-May-2021,
104,60952be358429e000854276f,UJAAS,EQ,N,2.45,2.4,2.4,2.45,2.4,2.45,870253,2111747.05,9.95,2.15,547,INE899L01022,2021-05-07,2021-05-06T18:30:00.000Z,2021-05-07T12:00:35.990Z,2021-05-07T12:00:35.990Z,0,2.43,07-May-2021,
105,6099206b2833070008100455,UJAAS,EQ,N,2.45,2.4,2.45,2.45,2.45,2.45,1060955,2573488.55,9.95,2.15,841,INE899L01022,2021-05-10,2021-05-09T18:30:00.000Z,2021-05-10T12:00:43.160Z,2021-05-10T12:00:43.160Z,0,2.43,10-May-2021,
106,609a720145df9f0008b76ffe,UJAAS,EQ,N,2.55,2.4,2.45,2.55,2.55,2.45,2898146,7263111.2,9.95,2.2,712,INE899L01022,2021-05-11,2021-05-10T18:30:00.000Z,2021-05-11T12:01:05.728Z,2021-05-11T12:01:05.728Z,0,2.51,11-May-2021,
107,609bc381c132690009f004d4,UJAAS,EQ,N,2.65,2.6,2.65,2.65,2.65,2.55,865577,2291009.0,9.95,2.4,414,INE899L01022,2021-05-12,2021-05-11T18:30:00.000Z,2021-05-12T12:01:05.352Z,2021-05-12T12:01:05.352Z,0,2.65,12-May-2021,
108,5ffd8f815a018800080253b8,UJAAS,EQ,N,4.2,3.8,4.2,3.8,3.8,4.0,33996615,132864221.2,9.95,2.15,14425,INE899L01022,2021-01-12,2021-01-11T18:30:00.000Z,2021-01-12T12:01:05.704Z,2021-01-12T12:01:05.704Z,0,3.91,12-Jan-2021,
109,5ffee0dfc4dee300088ddd37,UJAAS,EQ,N,3.75,3.65,3.7,3.65,3.65,3.8,2435526,8904250.1,9.95,2.15,3450,INE899L01022,2021-01-13,2021-01-12T18:30:00.000Z,2021-01-13T12:00:31.308Z,2021-01-13T12:00:31.308Z,0,3.66,13-Jan-2021,
110,5fc8d35ffdaa170009fb6438,UJAAS,EQ,N,3.05,2.95,3.0,3.0,3.05,3.0,1081913,3247249.7,9.95,2.15,773,INE899L01022,2020-12-03,2020-12-02T18:30:00.000Z,2020-12-03T12:00:31.097Z,2020-12-03T12:00:31.097Z,0,3.0,03-Dec-2020,
111,5fca24de01e21f0008b13e9b,UJAAS,EQ,N,3.05,2.95,2.95,3.05,3.05,3.0,1512264,4546950.65,9.95,2.15,708,INE899L01022,2020-12-04,2020-12-03T18:30:00.000Z,2020-12-04T12:00:30.726Z,2020-12-04T12:00:30.726Z,0,3.01,04-Dec-2020,
112,5fce198322c8a50008e35238,UJAAS,EQ,N,3.35,3.05,3.05,3.35,3.35,3.05,4600255,14949937.2,9.95,2.15,1446,INE899L01022,2020-12-07,2020-12-06T18:30:00.000Z,2020-12-07T12:01:07.562Z,2020-12-07T12:01:07.562Z,0,3.25,07-Dec-2020,
113,5fcf6b04ecc6400008d6ef2e,UJAAS,EQ,N,3.6,3.3,3.6,3.45,3.45,3.35,4433638,15261171.5,9.95,2.15,2121,INE899L01022,2020-12-08,2020-12-07T18:30:00.000Z,2020-12-08T12:01:08.077Z,2020-12-08T12:01:08.077Z,0,3.44,08-Dec-2020,
114,5fd0bc65ecc6400008d7dfd4,UJAAS,EQ,N,3.5,3.15,3.5,3.15,3.15,3.45,18314876,58306385.0,9.95,2.15,3614,INE899L01022,2020-12-09,2020-12-08T18:30:00.000Z,2020-12-09T12:00:37.659Z,2020-12-09T12:00:37.659Z,0,3.18,09-Dec-2020,
115,5fd20ddeb459f9000843355f,UJAAS,EQ,N,3.45,3.1,3.25,3.1,3.15,3.15,26968362,85831374.6,9.95,2.15,5567,INE899L01022,2020-12-10,2020-12-09T18:30:00.000Z,2020-12-10T12:00:30.511Z,2020-12-10T12:00:30.511Z,0,3.18,10-Dec-2020,
116,5fd35f6717143800085883bc,UJAAS,EQ,N,3.4,2.85,3.2,2.95,2.95,3.1,42245837,131335529.1,9.95,2.15,8863,INE899L01022,2020-12-11,2020-12-10T18:30:00.000Z,2020-12-11T12:00:39.078Z,2020-12-11T12:00:39.078Z,0,3.11,11-Dec-2020,
117,5fd754023141bc0008ee756b,UJAAS,EQ,N,3.1,2.7,2.95,2.7,2.7,2.95,38554265,109298529.6,9.95,2.15,9634,INE899L01022,2020-12-14,2020-12-13T18:30:00.000Z,2020-12-14T12:01:06.259Z,2020-12-14T12:01:06.259Z,0,2.83,14-Dec-2020,
118,5fd8a565b459f9000846526c,UJAAS,EQ,N,2.9,2.7,2.7,2.8,2.8,2.7,21001759,59490427.45,9.95,2.15,6130,INE899L01022,2020-12-15,2020-12-14T18:30:00.000Z,2020-12-15T12:00:37.039Z,2020-12-15T12:00:37.039Z,0,2.83,15-Dec-2020,
119,5fd9f6e481abf7000814d4c7,UJAAS,EQ,N,3.05,2.7,2.85,2.85,2.75,2.8,25482647,71780970.8,9.95,2.15,4724,INE899L01022,2020-12-16,2020-12-15T18:30:00.000Z,2020-12-16T12:00:36.395Z,2020-12-16T12:00:36.395Z,0,2.82,16-Dec-2020,
120,5fdb486517143800085c6f6b,UJAAS,EQ,N,2.85,2.7,2.75,2.8,2.8,2.85,10765959,29921551.0,9.95,2.15,3286,INE899L01022,2020-12-17,2020-12-16T18:30:00.000Z,2020-12-17T12:00:37.427Z,2020-12-17T12:00:37.427Z,0,2.78,17-Dec-2020,
121,5fdc9a0289ad55000813887b,UJAAS,EQ,N,3.0,2.75,2.85,2.9,2.95,2.8,9903889,28520159.85,9.95,2.15,2492,INE899L01022,2020-12-18,2020-12-17T18:30:00.000Z,2020-12-18T12:01:06.131Z,2020-12-18T12:01:06.131Z,0,2.88,18-Dec-2020,
122,5fe08e65fdf1090008bcd8b4,UJAAS,EQ,N,3.05,2.65,2.95,2.65,2.7,2.9,36913849,102822050.2,9.95,2.15,8080,INE899L01022,2020-12-21,2020-12-20T18:30:00.000Z,2020-12-21T12:00:37.177Z,2020-12-21T12:00:37.177Z,0,2.79,21-Dec-2020,
123,5fe1dfe5652c6e000814a8f2,UJAAS,EQ,N,2.75,2.45,2.65,2.75,2.75,2.65,7183437,18912630.7,9.95,2.15,2783,INE899L01022,2020-12-22,2020-12-21T18:30:00.000Z,2020-12-22T12:00:37.552Z,2020-12-22T12:00:37.552Z,0,2.63,22-Dec-2020,"[{'symbol': 'UJAAS', 'series': 'EQ', 'ind': '-', 'faceVal': '1', 'subject': ' Annual General Meeting', 'exDate': '22-Dec-2020', 'recDate': '-', 'bcStartDate': '24-Dec-2020', 'bcEndDate': '30-Dec-2020', 'ndStartDate': '-', 'comp': 'Ujaas Energy Limited', 'isin': 'INE899L01022', 'ndEndDate': '-', 'caBroadcastDate': None}]"
124,5fe331680569620008dc4153,UJAAS,EQ,N,2.85,2.7,2.75,2.8,2.8,2.75,6528217,18086926.65,9.95,2.15,4554,INE899L01022,2020-12-23,2020-12-22T18:30:00.000Z,2020-12-23T12:00:40.249Z,2020-12-23T12:00:40.249Z,0,2.77,23-Dec-2020,
125,5fe48301cca28d000877d4c6,UJAAS,EQ,N,2.85,2.75,2.8,2.8,2.8,2.8,3883981,10829383.1,9.95,2.15,1936,INE899L01022,2020-12-24,2020-12-23T18:30:00.000Z,2020-12-24T12:01:05.419Z,2020-12-24T12:01:05.419Z,0,2.79,24-Dec-2020,
126,5fe9c8e7c94f580008f4fa5f,UJAAS,EQ,N,2.85,2.65,2.8,2.75,2.8,2.8,5469287,15054964.25,9.95,2.15,1992,INE899L01022,2020-12-28,2020-12-27T18:30:00.000Z,2020-12-28T12:00:39.079Z,2020-12-28T12:00:39.079Z,0,2.75,28-Dec-2020,
127,5feb1a5e0569620008e04cfa,UJAAS,EQ,N,2.8,2.75,2.8,2.75,2.8,2.75,1986656,5508098.25,9.95,2.15,1310,INE899L01022,2020-12-29,2020-12-28T18:30:00.000Z,2020-12-29T12:00:30.686Z,2020-12-29T12:00:30.686Z,0,2.77,29-Dec-2020,
128,5fec6c0165de43000891556f,UJAAS,EQ,N,2.8,2.7,2.8,2.8,2.8,2.75,4351340,11993865.15,9.95,2.15,1807,INE899L01022,2020-12-30,2020-12-29T18:30:00.000Z,2020-12-30T12:01:05.643Z,2020-12-30T12:01:05.643Z,0,2.76,30-Dec-2020,
129,5fedbd8365de43000892394d,UJAAS,EQ,N,2.8,2.75,2.75,2.75,2.8,2.8,3850871,10639204.75,9.95,2.15,1974,INE899L01022,2020-12-31,2020-12-30T18:30:00.000Z,2020-12-31T12:01:07.684Z,2020-12-31T12:01:07.684Z,0,2.76,31-Dec-2020,
130,5fef0ee665de4300089335f5,UJAAS,EQ,N,2.8,2.7,2.8,2.75,2.8,2.75,2462362,6816550.3,9.95,2.15,1518,INE899L01022,2021-01-01,2020-12-31T18:30:00.000Z,2021-01-01T12:00:38.568Z,2021-01-01T12:00:38.568Z,0,2.77,01-Jan-2021,
131,5ff32902280268000893256c,UJAAS,EQ,N,2.9,2.75,2.8,2.85,2.9,2.75,7762021,21911571.25,9.95,2.15,3188,INE899L01022,2021-01-04,2021-01-03T18:30:00.000Z,2021-01-04T14:41:06.198Z,2021-01-04T14:41:06.198Z,0,2.82,04-Jan-2021,
132,5ff45fc9345f1a0008859ad0,UJAAS,EQ,N,3.1,2.8,2.9,3.1,3.1,2.85,11314684,33940032.7,9.95,2.15,2798,INE899L01022,2021-01-05,2021-01-04T18:30:00.000Z,2021-01-05T12:47:05.707Z,2021-01-05T12:47:05.707Z,0,3.0,05-Jan-2021,
133,5ff5a68465de43000895fc42,UJAAS,EQ,N,3.4,3.2,3.4,3.4,3.4,3.1,9073539,30761960.85,9.95,2.15,3723,INE899L01022,2021-01-06,2021-01-05T18:30:00.000Z,2021-01-06T12:01:08.462Z,2021-01-06T12:01:08.462Z,0,3.39,06-Jan-2021,
134,5ff6f7e4345f1a0008876d44,UJAAS,EQ,N,3.7,3.7,3.7,3.7,3.7,3.4,2132339,7889654.3,9.95,2.15,777,INE899L01022,2021-01-07,2021-01-06T18:30:00.000Z,2021-01-07T12:00:36.866Z,2021-01-07T12:00:36.866Z,0,3.7,07-Jan-2021,
135,5ff8496465de43000897d781,UJAAS,EQ,N,3.85,3.85,3.85,3.85,3.85,3.7,1842809,7094814.65,9.95,2.15,543,INE899L01022,2021-01-08,2021-01-07T18:30:00.000Z,2021-01-08T12:00:36.707Z,2021-01-08T12:00:36.707Z,0,3.85,08-Jan-2021,
136,5ffc3e027ddd690008b05232,UJAAS,EQ,N,4.0,4.0,4.0,4.0,4.0,3.85,3339429,13357716.0,9.95,2.15,697,INE899L01022,2021-01-11,2021-01-10T18:30:00.000Z,2021-01-11T12:01:06.283Z,2021-01-11T12:01:06.283Z,0,4.0,11-Jan-2021,
137,5ffd8f815a018800080253b8,UJAAS,EQ,N,4.2,3.8,4.2,3.8,3.8,4.0,33996615,132864221.2,9.95,2.15,14425,INE899L01022,2021-01-12,2021-01-11T18:30:00.000Z,2021-01-12T12:01:05.704Z,2021-01-12T12:01:05.704Z,0,3.91,12-Jan-2021,
138,5f96ba666479130008a52b6a,UJAAS,EQ,N,4.45,4.1,4.45,4.15,4.1,4.3,698678,2912367.25,9.95,2.15,512,INE899L01022,2020-10-26,2020-10-25T18:30:00.000Z,2020-10-26T12:00:38.435Z,2020-10-26T12:00:38.435Z,0,4.17,26-Oct-2020,
139,5f980c012a17b100088d5e82,UJAAS,EQ,N,4.55,4.05,4.1,4.5,4.55,4.15,992563,4356749.2,9.95,2.15,612,INE899L01022,2020-10-27,2020-10-26T18:30:00.000Z,2020-10-27T12:01:05.512Z,2020-10-27T12:01:05.512Z,0,4.39,27-Oct-2020,
140,5f995d60022fa70008f83ab7,UJAAS,EQ,N,4.95,4.05,4.55,4.05,4.05,4.5,3343233,14233669.75,9.95,2.15,1347,INE899L01022,2020-10-28,2020-10-27T18:30:00.000Z,2020-10-28T12:00:32.649Z,2020-10-28T12:00:32.649Z,0,4.26,28-Oct-2020,
141,5f9aaee5022fa70008f8439e,UJAAS,EQ,N,4.0,3.85,3.95,3.9,3.9,4.05,1006511,3952092.9,9.95,2.15,796,INE899L01022,2020-10-29,2020-10-28T18:30:00.000Z,2020-10-29T12:00:37.412Z,2020-10-29T12:00:37.412Z,0,3.93,29-Oct-2020,
142,5f9c0064b6dbb5000825b509,UJAAS,EQ,N,3.9,3.65,3.9,3.7,3.75,3.9,1088487,4112055.25,9.95,2.15,888,INE899L01022,2020-10-30,2020-10-29T18:30:00.000Z,2020-10-30T12:00:36.993Z,2020-10-30T12:00:36.993Z,0,3.78,30-Oct-2020,
143,5f9ff50159ba9100086bd505,UJAAS,EQ,N,4.05,3.65,3.75,3.7,3.7,3.7,2684869,10094560.05,9.95,2.15,1264,INE899L01022,2020-11-02,2020-11-01T18:30:00.000Z,2020-11-02T12:01:05.201Z,2020-11-02T12:01:05.201Z,0,3.76,02-Nov-2020,
144,5fa14666b6dbb5000825befc,UJAAS,EQ,N,3.8,3.55,3.75,3.65,3.6,3.7,1347013,4896261.7,9.95,2.15,983,INE899L01022,2020-11-03,2020-11-02T18:30:00.000Z,2020-11-03T12:00:38.534Z,2020-11-03T12:00:38.534Z,0,3.63,03-Nov-2020,
145,5fa297e7022fa70008f857dd,UJAAS,EQ,N,3.7,3.4,3.7,3.45,3.45,3.65,2467033,8551024.95,9.95,2.15,1353,INE899L01022,2020-11-04,2020-11-03T18:30:00.000Z,2020-11-04T12:00:39.963Z,2020-11-04T12:00:39.963Z,0,3.47,04-Nov-2020,
146,5fa3e96674b6670008118158,UJAAS,EQ,N,3.7,3.25,3.5,3.3,3.3,3.45,3266309,10941629.15,9.95,2.15,1711,INE899L01022,2020-11-05,2020-11-04T18:30:00.000Z,2020-11-05T12:00:38.502Z,2020-11-05T12:00:38.502Z,0,3.35,05-Nov-2020,
147,5fa53ae4e39d1b0009aa9802,UJAAS,EQ,N,3.4,3.1,3.4,3.15,3.15,3.3,3591657,11441007.8,9.95,2.15,1822,INE899L01022,2020-11-06,2020-11-05T18:30:00.000Z,2020-11-06T12:00:37.003Z,2020-11-06T12:00:37.003Z,0,3.19,06-Nov-2020,
148,5fa92f66022fa70008f866f1,UJAAS,EQ,N,3.25,2.95,3.1,3.0,3.0,3.15,4007559,12197853.8,9.95,2.15,1880,INE899L01022,2020-11-09,2020-11-08T18:30:00.000Z,2020-11-09T12:00:38.230Z,2020-11-09T12:00:38.230Z,0,3.04,09-Nov-2020,
149,5faa80e3cef7130008915af1,UJAAS,EQ,N,3.05,2.85,3.05,2.9,2.9,3.0,2843374,8287971.2,9.95,2.15,1627,INE899L01022,2020-11-10,2020-11-09T18:30:00.000Z,2020-11-10T12:00:35.644Z,2020-11-10T12:00:35.644Z,0,2.91,10-Nov-2020,
150,5fabd26774b6670008118bc1,UJAAS,EQ,N,3.0,2.9,2.9,3.0,3.0,2.9,2146489,6389434.7,9.95,2.15,975,INE899L01022,2020-11-11,2020-11-10T18:30:00.000Z,2020-11-11T12:00:39.995Z,2020-11-11T12:00:39.995Z,0,2.98,11-Nov-2020,
151,5fad23e4d5e18c0008685ecd,UJAAS,EQ,N,3.15,3.0,3.0,3.15,3.15,3.0,1781673,5568159.2,9.95,2.15,859,INE899L01022,2020-11-12,2020-11-11T18:30:00.000Z,2020-11-12T12:00:36.457Z,2020-11-12T12:00:36.457Z,0,3.13,12-Nov-2020,
152,5fae758174b66700081197b2,UJAAS,EQ,N,3.25,3.05,3.25,3.15,3.15,3.15,1442982,4520714.75,9.95,2.15,675,INE899L01022,2020-11-13,2020-11-12T18:30:00.000Z,2020-11-13T12:01:05.478Z,2020-11-13T12:01:05.478Z,0,3.13,13-Nov-2020,
153,5fafeb92cef7130008916803,UJAAS,EQ,N,3.2,3.1,3.15,3.15,3.15,3.15,624185,1963237.1,9.95,2.15,407,INE899L01022,2020-11-14,2020-11-13T18:30:00.000Z,2020-11-14T14:37:06.961Z,2020-11-14T14:37:06.961Z,0,3.15,14-Nov-2020,
154,5fb3bb8106a1d00008ad0c40,UJAAS,EQ,N,3.2,3.05,3.15,3.1,3.1,3.15,1568091,4885977.5,9.95,2.15,742,INE899L01022,2020-11-17,2020-11-16T18:30:00.000Z,2020-11-17T12:01:05.803Z,2020-11-17T12:01:05.803Z,0,3.12,17-Nov-2020,
155,5fb511b3df20a40008042b93,UJAAS,EQ,N,3.1,2.95,3.1,3.0,3.0,3.1,2361881,7100875.6,9.95,2.15,1224,INE899L01022,2020-11-18,2020-11-17T18:30:00.000Z,2020-11-18T12:21:07.794Z,2020-11-18T12:21:07.794Z,0,3.01,18-Nov-2020,
156,5fb65e64c21f05000895d22a,UJAAS,EQ,N,3.05,2.95,3.0,3.0,3.0,3.0,1427001,4276334.8,9.95,2.15,895,INE899L01022,2020-11-19,2020-11-18T18:30:00.000Z,2020-11-19T12:00:36.141Z,2020-11-19T12:00:36.141Z,0,3.0,19-Nov-2020,
157,5fb7afe894bf500008b2605b,UJAAS,EQ,N,3.05,2.95,3.0,3.0,3.0,3.0,1421915,4263142.8,9.95,2.15,707,INE899L01022,2020-11-20,2020-11-19T18:30:00.000Z,2020-11-20T12:00:40.263Z,2020-11-20T12:00:40.263Z,0,3.0,20-Nov-2020,
158,5fbba4655e525900089313e7,UJAAS,EQ,N,3.05,2.9,3.0,2.95,2.95,3.0,2227524,6601674.9,9.95,2.15,1211,INE899L01022,2020-11-23,2020-11-22T18:30:00.000Z,2020-11-23T12:00:37.239Z,2020-11-23T12:00:37.239Z,0,2.96,23-Nov-2020,
159,5fbcf6016a74050008b28d4e,UJAAS,EQ,N,3.05,2.9,3.0,3.0,3.05,2.95,2019130,5997350.5,9.95,2.15,840,INE899L01022,2020-11-24,2020-11-23T18:30:00.000Z,2020-11-24T12:01:05.357Z,2020-11-24T12:01:05.357Z,0,2.97,24-Nov-2020,
160,5fbe476787ed3b000800512a,UJAAS,EQ,N,3.1,2.85,3.0,2.85,2.85,3.0,5541140,16178495.55,9.95,2.15,1954,INE899L01022,2020-11-25,2020-11-24T18:30:00.000Z,2020-11-25T12:00:39.043Z,2020-11-25T12:00:39.043Z,0,2.92,25-Nov-2020,
161,5fbf98e5a33acb00083861d7,UJAAS,EQ,N,2.95,2.85,2.9,2.9,2.9,2.85,3045412,8871719.2,9.95,2.15,1195,INE899L01022,2020-11-26,2020-11-25T18:30:00.000Z,2020-11-26T12:00:37.329Z,2020-11-26T12:00:37.329Z,0,2.91,26-Nov-2020,
162,5fc0ea815e5259000894e91d,UJAAS,EQ,N,3.0,2.85,2.95,2.95,3.0,2.9,1709558,4997973.0,9.95,2.15,923,INE899L01022,2020-11-27,2020-11-26T18:30:00.000Z,2020-11-27T12:01:05.378Z,2020-11-27T12:01:05.378Z,0,2.92,27-Nov-2020,
163,5fc63061eb74920008ab9525,UJAAS,EQ,N,3.0,2.9,3.0,3.0,2.95,2.95,1194598,3517413.7,9.95,2.15,813,INE899L01022,2020-12-01,2020-11-30T18:30:00.000Z,2020-12-01T12:00:33.018Z,2020-12-01T12:00:33.018Z,0,2.94,01-Dec-2020,
164,5fc78201fdaa170009fa8b06,UJAAS,EQ,N,3.0,2.9,3.0,3.0,3.0,3.0,993893,2953286.4,9.95,2.15,770,INE899L01022,2020-12-02,2020-12-01T18:30:00.000Z,2020-12-02T12:01:05.726Z,2020-12-02T12:01:05.726Z,0,2.97,02-Dec-2020,
165,5fc8d35ffdaa170009fb6438,UJAAS,EQ,N,3.05,2.95,3.0,3.0,3.05,3.0,1081913,3247249.7,9.95,2.15,773,INE899L01022,2020-12-03,2020-12-02T18:30:00.000Z,2020-12-03T12:00:31.097Z,2020-12-03T12:00:31.097Z,0,3.0,03-Dec-2020,
166,5f5f5b66d8f5e500081a954b,UJAAS,EQ,N,4.6,4.35,4.55,4.4,4.45,4.4,405117,1825242.35,9.95,2.15,503,INE899L01022,2020-09-14,2020-09-13T18:30:00.000Z,2020-09-14T12:00:38.825Z,2020-09-14T12:00:38.825Z,0,4.51,14-Sep-2020,
167,5f60ace585f66a00082f2699,UJAAS,EQ,N,4.5,4.25,4.5,4.35,4.35,4.4,241065,1050863.1,9.95,2.15,314,INE899L01022,2020-09-15,2020-09-14T18:30:00.000Z,2020-09-15T12:00:37.776Z,2020-09-15T12:00:37.776Z,0,4.36,15-Sep-2020,
168,5f61fe81881ad000082d4e7f,UJAAS,EQ,N,4.35,4.25,4.35,4.3,4.25,4.35,209265,901474.65,9.95,2.15,238,INE899L01022,2020-09-16,2020-09-15T18:30:00.000Z,2020-09-16T12:01:05.787Z,2020-09-16T12:01:05.787Z,0,4.31,16-Sep-2020,
169,5f6350014bb3370008cc1e79,UJAAS,EQ,N,4.5,4.15,4.25,4.45,4.45,4.3,321617,1396159.3,9.95,2.15,396,INE899L01022,2020-09-17,2020-09-16T18:30:00.000Z,2020-09-17T12:01:05.574Z,2020-09-17T12:01:05.574Z,0,4.34,17-Sep-2020,
170,5f64a181b3e7590008061f42,UJAAS,EQ,N,4.5,4.25,4.45,4.25,4.3,4.45,316719,1367901.55,9.95,2.15,351,INE899L01022,2020-09-18,2020-09-17T18:30:00.000Z,2020-09-18T12:01:05.681Z,2020-09-18T12:01:05.681Z,0,4.32,18-Sep-2020,
171,5f6895e338ec4f0008c0fe67,UJAAS,EQ,N,4.1,4.05,4.05,4.05,4.05,4.25,757988,3075950.1,9.95,2.15,525,INE899L01022,2020-09-21,2020-09-20T18:30:00.000Z,2020-09-21T12:00:35.970Z,2020-09-21T12:00:35.970Z,0,4.06,21-Sep-2020,
172,5f69e78195ff530008e3959a,UJAAS,EQ,N,3.95,3.85,3.95,3.85,3.85,4.05,376261,1455856.65,9.95,2.15,461,INE899L01022,2020-09-22,2020-09-21T18:30:00.000Z,2020-09-22T12:01:05.576Z,2020-09-22T12:01:05.576Z,0,3.87,22-Sep-2020,
173,5f6b38e478ccfd0008ab06e4,UJAAS,EQ,N,3.7,3.7,3.7,3.7,3.7,3.85,301321,1114887.7,9.95,2.15,303,INE899L01022,2020-09-23,2020-09-22T18:30:00.000Z,2020-09-23T12:00:36.878Z,2020-09-23T12:00:36.878Z,0,3.7,23-Sep-2020,
174,5f6c8a6395ff530008e39f63,UJAAS,EQ,N,3.55,3.55,3.55,3.55,3.55,3.7,324170,1150803.5,9.95,2.15,267,INE899L01022,2020-09-24,2020-09-23T18:30:00.000Z,2020-09-24T12:00:35.132Z,2020-09-24T12:00:35.132Z,0,3.55,24-Sep-2020,
175,5f6ddbe71f5dbf00087831aa,UJAAS,EQ,N,3.7,3.4,3.45,3.7,3.7,3.55,711898,2496793.4,9.95,2.15,499,INE899L01022,2020-09-25,2020-09-24T18:30:00.000Z,2020-09-25T12:00:39.077Z,2020-09-25T12:00:39.077Z,0,3.51,25-Sep-2020,
176,5f71d05f95ff530008e3ad02,UJAAS,EQ,N,3.85,3.55,3.8,3.55,3.6,3.7,6519519,23306782.05,9.95,2.15,1140,INE899L01022,2020-09-28,2020-09-27T18:30:00.000Z,2020-09-28T12:00:31.808Z,2020-09-28T12:00:31.808Z,0,3.57,28-Sep-2020,
177,5f7321e56c37890008e1c064,UJAAS,EQ,N,3.65,3.4,3.55,3.4,3.4,3.55,8375049,28578423.6,9.95,2.15,1003,INE899L01022,2020-09-29,2020-09-28T18:30:00.000Z,2020-09-29T12:00:37.164Z,2020-09-29T12:00:37.164Z,0,3.41,29-Sep-2020,
178,5f747369da1e160008e264f1,UJAAS,EQ,N,3.55,3.4,3.4,3.55,3.55,3.4,11698324,41504502.7,9.95,2.15,657,INE899L01022,2020-09-30,2020-09-29T18:30:00.000Z,2020-09-30T12:00:41.055Z,2020-09-30T12:00:41.055Z,0,3.55,30-Sep-2020,
179,5f75c4dfe6999100084e7a78,UJAAS,EQ,N,3.7,3.6,3.6,3.7,3.7,3.55,780855,2867499.4,9.95,2.15,444,INE899L01022,2020-10-01,2020-09-30T18:30:00.000Z,2020-10-01T12:00:31.991Z,2020-10-01T12:00:31.991Z,0,3.67,01-Oct-2020,
180,5f7b0b0152d75a0008b56a25,UJAAS,EQ,N,3.85,3.7,3.85,3.85,3.85,3.7,1127406,4327848.55,9.95,2.15,640,INE899L01022,2020-10-05,2020-10-04T18:30:00.000Z,2020-10-05T12:01:05.595Z,2020-10-05T12:01:05.595Z,0,3.84,05-Oct-2020,
181,5f7c5c80fcd9700009409682,UJAAS,EQ,N,4.0,3.85,3.9,4.0,4.0,3.85,1200185,4757683.05,9.95,2.15,719,INE899L01022,2020-10-06,2020-10-05T18:30:00.000Z,2020-10-06T12:01:04.994Z,2020-10-06T12:01:04.994Z,0,3.96,06-Oct-2020,
182,5f7dade63e35d400084581f1,UJAAS,EQ,N,4.2,4.0,4.1,4.15,4.15,4.0,942984,3853595.65,9.95,2.15,604,INE899L01022,2020-10-07,2020-10-06T18:30:00.000Z,2020-10-07T12:00:38.034Z,2020-10-07T12:00:38.034Z,0,4.09,07-Oct-2020,
183,5f7eff813492d40008f038af,UJAAS,EQ,N,4.55,3.9,4.1,4.55,4.55,4.15,3026762,13347462.5,9.95,2.15,1110,INE899L01022,2020-10-08,2020-10-07T18:30:00.000Z,2020-10-08T12:01:05.120Z,2020-10-08T12:01:05.120Z,0,4.41,08-Oct-2020,
184,5f805101547d2f00083f3e60,UJAAS,EQ,N,4.8,4.45,4.55,4.55,4.55,4.55,1778648,8150215.95,9.95,2.15,1054,INE899L01022,2020-10-09,2020-10-08T18:30:00.000Z,2020-10-09T12:01:05.077Z,2020-10-09T12:01:05.077Z,0,4.58,09-Oct-2020,
185,5f844566547d2f00083f4ef2,UJAAS,EQ,N,4.65,4.5,4.65,4.5,4.5,4.55,1465664,6598985.6,9.95,2.15,402,INE899L01022,2020-10-12,2020-10-11T18:30:00.000Z,2020-10-12T12:00:38.461Z,2020-10-12T12:00:38.461Z,0,4.5,12-Oct-2020,
186,5f859703547d2f00083f57ff,UJAAS,EQ,N,4.55,4.05,4.55,4.05,4.05,4.5,756578,3147933.35,9.95,2.15,563,INE899L01022,2020-10-13,2020-10-12T18:30:00.000Z,2020-10-13T12:01:07.333Z,2020-10-13T12:01:07.333Z,0,4.16,13-Oct-2020,
187,5f86e881e47ceb0008d023ae,UJAAS,EQ,N,4.25,3.65,3.9,3.7,3.7,4.05,1963301,7461208.05,9.95,2.15,1100,INE899L01022,2020-10-14,2020-10-13T18:30:00.000Z,2020-10-14T12:01:05.614Z,2020-10-14T12:01:05.614Z,0,3.8,14-Oct-2020,
188,5f883a01a4af97000834367d,UJAAS,EQ,N,3.95,3.7,3.8,3.75,3.7,3.7,1004060,3846779.95,9.95,2.15,434,INE899L01022,2020-10-15,2020-10-14T18:30:00.000Z,2020-10-15T12:01:05.190Z,2020-10-15T12:01:05.190Z,0,3.83,15-Oct-2020,
189,5f898b63a4af970008343fac,UJAAS,EQ,N,3.8,3.6,3.75,3.75,3.75,3.75,1016060,3782214.9,9.95,2.15,420,INE899L01022,2020-10-16,2020-10-15T18:30:00.000Z,2020-10-16T12:00:35.022Z,2020-10-16T12:00:35.022Z,0,3.72,16-Oct-2020,
190,5f8d7fdef1c69e000850b90c,UJAAS,EQ,N,4.1,3.7,3.85,4.1,4.1,3.75,1426102,5632386.75,9.95,2.15,581,INE899L01022,2020-10-19,2020-10-18T18:30:00.000Z,2020-10-19T12:00:30.166Z,2020-10-19T12:00:30.166Z,0,3.95,19-Oct-2020,
191,5f8ed165f1c69e000850c1f5,UJAAS,EQ,N,4.5,3.9,4.2,4.4,4.4,4.1,2424796,10451974.05,9.95,2.15,1234,INE899L01022,2020-10-20,2020-10-19T18:30:00.000Z,2020-10-20T12:00:37.077Z,2020-10-20T12:00:37.077Z,0,4.31,20-Oct-2020,
192,5f9023019b381a00088ff83f,UJAAS,EQ,N,4.5,4.1,4.5,4.15,4.15,4.4,732778,3072837.3,9.95,2.15,591,INE899L01022,2020-10-21,2020-10-20T18:30:00.000Z,2020-10-21T12:01:05.509Z,2020-10-21T12:01:05.509Z,0,4.19,21-Oct-2020,
193,5f9174635967e7000818776c,UJAAS,EQ,N,4.2,3.85,4.1,3.95,3.9,4.15,690460,2793640.95,9.95,2.15,559,INE899L01022,2020-10-22,2020-10-21T18:30:00.000Z,2020-10-22T12:00:35.631Z,2020-10-22T12:00:35.631Z,0,4.05,22-Oct-2020,
194,5f92c5e51ae58c000825fbac,UJAAS,EQ,N,4.3,3.85,4.0,4.3,4.3,3.95,2066400,8785861.9,9.95,2.15,1113,INE899L01022,2020-10-23,2020-10-22T18:30:00.000Z,2020-10-23T12:00:37.831Z,2020-10-23T12:00:37.831Z,0,4.25,23-Oct-2020,
195,5f2a9f811514770008429f79,UJAAS,EQ,N,5.2,4.8,5.1,4.8,4.8,5.05,1644322,7995378.2,9.95,2.15,1319,INE899L01022,2020-08-05,2020-08-04T18:30:00.000Z,2020-08-05T12:01:05.599Z,2020-08-05T12:01:05.599Z,0,4.86,05-Aug-2020,
196,5f2bf0e350193900082d5601,UJAAS,EQ,N,4.95,4.6,4.8,4.6,4.6,4.8,1764565,8277406.4,9.95,2.15,1034,INE899L01022,2020-08-06,2020-08-05T18:30:00.000Z,2020-08-06T12:00:35.111Z,2020-08-06T12:00:35.111Z,0,4.69,06-Aug-2020,
197,5f2d42658d49840008eec85c,UJAAS,EQ,N,4.65,4.4,4.5,4.4,4.4,4.6,1902176,8453127.75,9.95,2.15,1303,INE899L01022,2020-08-07,2020-08-06T18:30:00.000Z,2020-08-07T12:00:37.669Z,2020-08-07T12:00:37.669Z,0,4.44,07-Aug-2020,
198,5f313701c4ae000008d856de,UJAAS,EQ,N,4.6,4.25,4.3,4.6,4.55,4.4,1580131,7217748.65,9.95,2.15,999,INE899L01022,2020-08-10,2020-08-09T18:30:00.000Z,2020-08-10T12:01:05.505Z,2020-08-10T12:01:05.505Z,0,4.57,10-Aug-2020,
199,5f32885fc4ae000008d8653d,UJAAS,EQ,N,4.8,4.5,4.55,4.8,4.8,4.6,1959751,9253581.4,9.95,2.15,1172,INE899L01022,2020-08-11,2020-08-10T18:30:00.000Z,2020-08-11T12:00:31.037Z,2020-08-11T12:00:31.037Z,0,4.72,11-Aug-2020,
200,5f33d9e5721ed80008e257c7,UJAAS,EQ,N,5.0,4.65,4.8,5.0,5.0,4.8,1922646,9512828.3,9.95,2.15,1420,INE899L01022,2020-08-12,2020-08-11T18:30:00.000Z,2020-08-12T12:00:37.033Z,2020-08-12T12:00:37.033Z,0,4.95,12-Aug-2020,
201,5f352b6773d8800008a07f78,UJAAS,EQ,N,5.25,4.95,5.1,5.05,5.0,5.0,1568489,8026094.6,9.95,2.15,1258,INE899L01022,2020-08-13,2020-08-12T18:30:00.000Z,2020-08-13T12:00:39.953Z,2020-08-13T12:00:39.953Z,0,5.12,13-Aug-2020,
202,5f367d013c2b740008c73ae5,UJAAS,EQ,N,5.1,4.8,5.1,4.8,4.8,5.05,706872,3441769.5,9.95,2.15,618,INE899L01022,2020-08-14,2020-08-13T18:30:00.000Z,2020-08-14T12:01:05.096Z,2020-08-14T12:01:05.096Z,0,4.87,14-Aug-2020,
203,5f3a718211c69a0008728102,UJAAS,EQ,N,4.85,4.6,4.65,4.65,4.6,4.8,1046916,4881379.5,9.95,2.15,911,INE899L01022,2020-08-17,2020-08-16T18:30:00.000Z,2020-08-17T12:01:06.344Z,2020-08-17T12:01:06.344Z,0,4.66,17-Aug-2020,
204,5f3bc2e7d7035200088302f3,UJAAS,EQ,N,4.85,4.55,4.65,4.85,4.85,4.65,987462,4676495.3,9.95,2.15,768,INE899L01022,2020-08-18,2020-08-17T18:30:00.000Z,2020-08-18T12:00:39.146Z,2020-08-18T12:00:39.146Z,0,4.74,18-Aug-2020,
205,5f3d146517a2ec00084dc867,UJAAS,EQ,N,5.05,4.9,4.95,5.05,5.0,4.85,1966465,9816989.55,9.95,2.15,1028,INE899L01022,2020-08-19,2020-08-18T18:30:00.000Z,2020-08-19T12:00:37.993Z,2020-08-19T12:00:37.993Z,0,4.99,19-Aug-2020,
206,5f3e65e1d840aa0008bc832c,UJAAS,EQ,N,5.0,4.8,5.0,4.8,4.8,5.05,1904798,9182275.6,9.95,2.15,1033,INE899L01022,2020-08-20,2020-08-19T18:30:00.000Z,2020-08-20T12:00:33.102Z,2020-08-20T12:00:33.102Z,0,4.82,20-Aug-2020,
207,5f3fb78227c1bc0008903883,UJAAS,EQ,N,4.9,4.7,4.85,4.75,4.75,4.8,1357951,6487019.4,9.95,2.15,603,INE899L01022,2020-08-21,2020-08-20T18:30:00.000Z,2020-08-21T12:01:06.465Z,2020-08-21T12:01:06.465Z,0,4.78,21-Aug-2020,
208,5f43abe6517338000877a461,UJAAS,EQ,N,4.85,4.65,4.85,4.65,4.65,4.75,598916,2808305.45,9.95,2.15,587,INE899L01022,2020-08-24,2020-08-23T18:30:00.000Z,2020-08-24T12:00:38.167Z,2020-08-24T12:00:38.167Z,0,4.69,24-Aug-2020,
209,5f44fd81398e530008cbed8b,UJAAS,EQ,N,4.75,4.6,4.65,4.65,4.65,4.65,667369,3115330.95,9.95,2.15,494,INE899L01022,2020-08-25,2020-08-24T18:30:00.000Z,2020-08-25T12:01:05.282Z,2020-08-25T12:01:05.282Z,0,4.67,25-Aug-2020,
210,5f464f01dc93e90008a155f9,UJAAS,EQ,N,4.75,4.45,4.75,4.45,4.45,4.65,2028563,9106124.25,9.95,2.15,1137,INE899L01022,2020-08-26,2020-08-25T18:30:00.000Z,2020-08-26T12:01:05.363Z,2020-08-26T12:01:05.363Z,0,4.49,26-Aug-2020,
211,5f47a080d038060009fe196d,UJAAS,EQ,N,4.6,4.35,4.55,4.55,4.5,4.45,890179,3988292.8,9.95,2.15,672,INE899L01022,2020-08-27,2020-08-26T18:30:00.000Z,2020-08-27T12:01:04.933Z,2020-08-27T12:01:04.933Z,0,4.48,27-Aug-2020,
212,5f48f1df4f56cd000843e090,UJAAS,EQ,N,4.65,4.45,4.55,4.5,4.5,4.55,692093,3118496.95,9.95,2.15,624,INE899L01022,2020-08-28,2020-08-27T18:30:00.000Z,2020-08-28T12:00:31.118Z,2020-08-28T12:00:31.118Z,0,4.51,28-Aug-2020,
213,5f4ce66758b0e90009086479,UJAAS,EQ,N,4.6,4.3,4.5,4.35,4.35,4.5,662246,2885660.65,9.95,2.15,899,INE899L01022,2020-08-31,2020-08-30T18:30:00.000Z,2020-08-31T12:00:39.908Z,2020-08-31T12:00:39.908Z,0,4.36,31-Aug-2020,
214,5f4e37e4ebde4f0009f917db,UJAAS,EQ,N,4.3,4.15,4.15,4.25,4.25,4.35,394217,1667533.05,9.95,2.15,491,INE899L01022,2020-09-01,2020-08-31T18:30:00.000Z,2020-09-01T12:00:36.175Z,2020-09-01T12:00:36.175Z,0,4.23,01-Sep-2020,
215,5f4f8982f5452d0008a05487,UJAAS,EQ,N,4.35,4.1,4.15,4.3,4.3,4.25,247400,1057076.9,9.95,2.15,364,INE899L01022,2020-09-02,2020-09-01T18:30:00.000Z,2020-09-02T12:01:06.206Z,2020-09-02T12:01:06.206Z,0,4.27,02-Sep-2020,
216,5f50db032a3f71000842cbbe,UJAAS,EQ,N,4.45,4.25,4.35,4.4,4.35,4.3,443967,1937061.25,9.95,2.15,364,INE899L01022,2020-09-03,2020-09-02T18:30:00.000Z,2020-09-03T12:01:07.391Z,2020-09-03T12:01:07.391Z,0,4.36,03-Sep-2020,
217,5f522c818562d40008453f56,UJAAS,EQ,N,4.45,4.2,4.3,4.3,4.3,4.4,408765,1759233.95,9.95,2.15,424,INE899L01022,2020-09-04,2020-09-03T18:30:00.000Z,2020-09-04T12:01:05.832Z,2020-09-04T12:01:05.832Z,0,4.3,04-Sep-2020,
218,5f5620e59db6d40008c4e82c,UJAAS,EQ,N,4.35,4.15,4.35,4.25,4.3,4.3,302260,1276232.35,9.95,2.15,358,INE899L01022,2020-09-07,2020-09-06T18:30:00.000Z,2020-09-07T12:00:37.264Z,2020-09-07T12:00:37.264Z,0,4.22,07-Sep-2020,
219,5f5772645c8f3c0008c94954,UJAAS,EQ,N,4.3,4.2,4.3,4.2,4.2,4.25,188874,796734.35,9.95,2.15,210,INE899L01022,2020-09-08,2020-09-07T18:30:00.000Z,2020-09-08T12:00:36.480Z,2020-09-08T12:00:36.480Z,0,4.22,08-Sep-2020,
220,5f58c3e7fb95de00085ab8b2,UJAAS,EQ,N,4.2,4.0,4.2,4.0,4.0,4.2,298679,1217795.95,9.95,2.15,415,INE899L01022,2020-09-09,2020-09-08T18:30:00.000Z,2020-09-09T12:00:39.935Z,2020-09-09T12:00:39.935Z,0,4.08,09-Sep-2020,
221,5f5a155f3390f6000817c7a3,UJAAS,EQ,N,4.2,4.05,4.05,4.2,4.2,4.0,152347,634284.05,9.95,2.15,217,INE899L01022,2020-09-10,2020-09-09T18:30:00.000Z,2020-09-10T12:00:31.268Z,2020-09-10T12:00:31.268Z,0,4.16,10-Sep-2020,
222,5f5b66e7b1bd6300081d839b,UJAAS,EQ,N,4.4,4.3,4.35,4.4,4.4,4.2,227267,995885.65,9.95,2.15,211,INE899L01022,2020-09-11,2020-09-10T18:30:00.000Z,2020-09-11T12:00:39.330Z,2020-09-11T12:00:39.330Z,0,4.38,11-Sep-2020,
223,5f5f5b66d8f5e500081a954b,UJAAS,EQ,N,4.6,4.35,4.55,4.4,4.45,4.4,405117,1825242.35,9.95,2.15,503,INE899L01022,2020-09-14,2020-09-13T18:30:00.000Z,2020-09-14T12:00:38.825Z,2020-09-14T12:00:38.825Z,0,4.51,14-Sep-2020,
224,5ef5e380c1a70000082b95ae,UJAAS,EQ,N,8.65,8.65,8.65,8.65,8.65,8.25,70177,607031.05,8.65,2.15,89,INE899L01022,2020-06-26,2020-06-25T18:30:00.000Z,2020-06-26T12:01:04.891Z,2020-06-26T12:01:04.891Z,0,8.65,26-Jun-2020,
225,5efa2266d683380008b44043,UJAAS,EQ,N,9.05,9.05,9.05,9.05,9.05,8.65,172120,1557686.0,9.05,2.15,164,INE899L01022,2020-06-29,2020-06-28T18:30:00.000Z,2020-06-29T17:18:30.340Z,2020-06-29T17:18:30.340Z,0,9.05,29-Jun-2020,
226,5efb295d9088950008139240,UJAAS,EQ,N,9.5,9.5,9.5,9.5,9.5,9.05,88274,838603.0,9.5,2.15,147,INE899L01022,2020-06-30,2020-06-29T18:30:00.000Z,2020-06-30T12:00:30.005Z,2020-06-30T12:00:30.005Z,0,9.5,30-Jun-2020,
227,5efcc96c0b8f47000850e51a,UJAAS,EQ,N,9.95,9.05,9.95,9.05,9.05,9.5,3013745,28093930.35,9.95,2.15,3898,INE899L01022,2020-07-01,2020-06-30T18:30:00.000Z,2020-07-01T17:35:40.617Z,2020-07-01T17:35:40.617Z,0,9.32,01-Jul-2020,
228,5efdcc817869e50009733bab,UJAAS,EQ,N,8.6,8.6,8.6,8.6,8.6,9.05,362406,3116691.6,9.95,2.15,855,INE899L01022,2020-07-02,2020-07-01T18:30:00.000Z,2020-07-02T12:01:05.404Z,2020-07-02T12:01:05.404Z,0,8.6,02-Jul-2020,
229,5eff1e0259d2de000814fba1,UJAAS,EQ,N,8.2,8.2,8.2,8.2,8.2,8.6,137960,1131272.0,9.95,2.15,396,INE899L01022,2020-07-03,2020-07-02T18:30:00.000Z,2020-07-03T12:01:06.569Z,2020-07-03T12:01:06.569Z,0,8.2,03-Jul-2020,
230,5f111c06da8bb90009dbd496,UJAAS,EQ,N,7.8,7.8,7.8,7.8,7.8,8.2,119372,931101.6,9.95,2.15,371,INE899L01022,2020-07-06,2020-07-05T18:30:00.000Z,2020-07-17T03:33:26.461Z,2020-07-17T03:33:26.461Z,0,7.8,06-Jul-2020,
231,5f0463e39c0f4b000814115f,UJAAS,EQ,N,7.45,7.45,7.45,7.45,7.45,7.8,88225,657276.25,9.95,2.15,267,INE899L01022,2020-07-07,2020-07-06T18:30:00.000Z,2020-07-07T12:00:35.741Z,2020-07-07T12:00:35.741Z,0,7.45,07-Jul-2020,
232,5f05b58169b2c10008239316,UJAAS,EQ,N,7.1,7.1,7.1,7.1,7.1,7.45,90871,645184.1,9.95,2.15,219,INE899L01022,2020-07-08,2020-07-07T18:30:00.000Z,2020-07-08T12:01:05.715Z,2020-07-08T12:01:05.715Z,0,7.1,08-Jul-2020,
233,5f111b916a98190008dff708,UJAAS,EQ,N,6.75,6.75,6.75,6.75,6.75,7.1,263706,1780015.5,9.95,2.15,455,INE899L01022,2020-07-09,2020-07-08T18:30:00.000Z,2020-07-17T03:31:29.823Z,2020-07-17T03:31:29.823Z,0,6.75,09-Jul-2020,
234,5f111d3bda8bb90009dbdd64,UJAAS,EQ,N,7.05,6.45,6.45,7.05,7.05,6.75,1975083,13302870.55,9.95,2.15,1261,INE899L01022,2020-07-10,2020-07-09T18:30:00.000Z,2020-07-17T03:38:35.602Z,2020-07-17T03:38:35.602Z,0,6.74,10-Jul-2020,
235,5f605fe40c9b9500080a5ba6,UJAAS,EQ,N,7.4,6.7,7.4,6.7,6.7,7.05,2850764,20377057.7,9.95,2.15,2564,INE899L01022,2020-07-13,2020-07-12T18:30:00.000Z,2020-09-15T06:32:04.186Z,2020-09-15T06:32:04.186Z,0,7.15,13-Jul-2020,
236,5f0debe94826170008aa2067,UJAAS,EQ,N,7.0,6.4,6.5,6.4,6.4,6.7,2118307,13873008.6,9.95,2.15,1458,INE899L01022,2020-07-14,2020-07-13T18:30:00.000Z,2020-07-14T17:31:21.773Z,2020-07-14T17:31:21.773Z,0,6.55,14-Jul-2020,
237,5f111caecc94cd0009f49212,UJAAS,EQ,N,6.6,6.1,6.2,6.1,6.1,6.4,2670118,16684311.4,9.95,2.15,1516,INE899L01022,2020-07-15,2020-07-14T18:30:00.000Z,2020-07-17T03:36:14.321Z,2020-07-17T03:36:14.321Z,0,6.25,15-Jul-2020,
238,5f1098784fc18a00089d1706,UJAAS,EQ,N,5.95,5.8,5.9,5.8,5.8,6.1,869139,5068467.5,9.95,2.15,464,INE899L01022,2020-07-16,2020-07-15T18:30:00.000Z,2020-07-16T18:12:08.396Z,2020-07-16T18:12:08.396Z,0,5.83,16-Jul-2020,
239,5f119301cef9350008a52893,UJAAS,EQ,N,6.05,5.55,5.65,6.05,6.05,5.8,3290573,18849958.7,9.95,2.15,1721,INE899L01022,2020-07-17,2020-07-16T18:30:00.000Z,2020-07-17T12:01:05.967Z,2020-07-17T12:01:05.967Z,0,5.73,17-Jul-2020,
240,5f15d5956317fd00080d7ef8,UJAAS,EQ,N,6.35,6.35,6.35,6.35,6.35,6.05,155914,990053.9,9.95,2.15,120,INE899L01022,2020-07-20,2020-07-19T18:30:00.000Z,2020-07-20T17:34:13.089Z,2020-07-20T17:34:13.089Z,0,6.35,20-Jul-2020,
241,5f16d901efc9fc0008af7da3,UJAAS,EQ,N,6.65,6.1,6.65,6.25,6.3,6.35,16581311,104533728.45,9.95,2.15,3303,INE899L01022,2020-07-21,2020-07-20T18:30:00.000Z,2020-07-21T12:01:05.897Z,2020-07-21T12:01:05.897Z,0,6.3,21-Jul-2020,
242,5f182b10fc4c460008412c18,UJAAS,EQ,N,6.55,6.1,6.25,6.55,6.55,6.25,2705354,17220459.95,9.95,2.15,1287,INE899L01022,2020-07-22,2020-07-21T18:30:00.000Z,2020-07-22T12:03:28.199Z,2020-07-22T12:03:28.199Z,0,6.37,22-Jul-2020,
243,5f1b186d8a46ea0008de2d2e,UJAAS,EQ,N,6.7,6.25,6.35,6.25,6.25,6.55,6953054,43786181.4,9.95,2.15,1362,INE899L01022,2020-07-23,2020-07-22T18:30:00.000Z,2020-07-24T17:20:45.536Z,2020-07-24T17:20:45.536Z,0,6.3,23-Jul-2020,
244,5f1b182fdd82bb00086f5da5,UJAAS,EQ,N,6.2,5.95,6.05,5.95,5.95,6.25,933438,5575971.8,9.95,2.15,677,INE899L01022,2020-07-24,2020-07-23T18:30:00.000Z,2020-07-24T17:19:43.222Z,2020-07-24T17:19:43.222Z,0,5.97,24-Jul-2020,
245,5fa0dd900951f100087a001f,UJAAS,EQ,N,5.7,5.7,5.7,5.7,5.7,5.95,161309,919461.3,9.95,2.15,203,INE899L01022,2020-07-27,2020-07-26T18:30:00.000Z,2020-11-03T04:33:20.904Z,2020-11-03T04:33:20.904Z,0,5.7,27-Jul-2020,
246,5f2146c502e98e0008a38f28,UJAAS,EQ,N,5.95,5.45,5.45,5.95,5.95,5.7,3778751,21777817.6,9.95,2.15,1405,INE899L01022,2020-07-28,2020-07-27T18:30:00.000Z,2020-07-29T09:52:05.497Z,2020-07-29T09:52:05.497Z,0,5.76,28-Jul-2020,
247,5f21656a071d1500088a0da5,UJAAS,EQ,N,6.2,5.7,6.1,5.7,5.7,5.95,2298351,13662284.65,9.95,2.15,1171,INE899L01022,2020-07-29,2020-07-28T18:30:00.000Z,2020-07-29T12:02:50.621Z,2020-07-29T12:02:50.621Z,0,5.94,29-Jul-2020,
248,5f22fc412789e000088004a0,UJAAS,EQ,N,5.55,5.45,5.5,5.45,5.45,5.7,369979,2021623.05,9.95,2.15,382,INE899L01022,2020-07-30,2020-07-29T18:30:00.000Z,2020-07-30T16:58:41.587Z,2020-07-30T16:58:41.587Z,0,5.46,30-Jul-2020,
249,5f2407ff6648970008dba9a2,UJAAS,EQ,N,5.2,5.2,5.2,5.2,5.2,5.45,161506,839831.2,9.95,2.15,270,INE899L01022,2020-07-31,2020-07-30T18:30:00.000Z,2020-07-31T12:01:03.633Z,2020-07-31T12:01:03.633Z,0,5.2,31-Jul-2020,
250,5f27fc815b1a0f000868a685,UJAAS,EQ,N,5.3,4.95,4.95,4.95,4.95,5.2,1290614,6458160.5,9.95,2.15,1150,INE899L01022,2020-08-03,2020-08-02T18:30:00.000Z,2020-08-03T12:01:05.552Z,2020-08-03T12:01:05.552Z,0,5.0,03-Aug-2020,
251,5f294e0115147700084295ca,UJAAS,EQ,N,5.15,4.9,4.9,5.05,5.05,4.95,1424587,7280081.7,9.95,2.15,1039,INE899L01022,2020-08-04,2020-08-03T18:30:00.000Z,2020-08-04T12:01:05.163Z,2020-08-04T12:01:05.163Z,0,5.11,04-Aug-2020,
252,5f2a9f811514770008429f79,UJAAS,EQ,N,5.2,4.8,5.1,4.8,4.8,5.05,1644322,7995378.2,9.95,2.15,1319,INE899L01022,2020-08-05,2020-08-04T18:30:00.000Z,2020-08-05T12:01:05.599Z,2020-08-05T12:01:05.599Z,0,4.86,05-Aug-2020,
253,5ec2791d5b32f10008a595f9,UJAAS,EQ,N,3.7,3.4,3.7,3.55,3.6,3.55,288667,1047126.1,7.6,2.15,589,INE899L01022,2020-05-18,2020-05-17T18:30:00.000Z,2020-05-18T12:01:33.188Z,2020-05-18T12:01:33.188Z,0,3.63,18-May-2020,
254,5ec3ca647ac81d00085e1b4a,UJAAS,EQ,N,3.6,3.4,3.6,3.45,3.45,3.55,211126,739275.2,7.6,2.15,394,INE899L01022,2020-05-19,2020-05-18T18:30:00.000Z,2020-05-19T12:00:36.707Z,2020-05-19T12:00:36.707Z,0,3.5,19-May-2020,
255,5ec51c01d776c7000837f1c8,UJAAS,EQ,N,3.6,3.35,3.45,3.35,3.4,3.45,99068,338136.25,7.6,2.15,309,INE899L01022,2020-05-20,2020-05-19T18:30:00.000Z,2020-05-20T12:01:05.066Z,2020-05-20T12:01:05.066Z,0,3.41,20-May-2020,
256,5ec66d6493ecae00085c1239,UJAAS,EQ,N,3.5,3.35,3.35,3.5,3.5,3.35,304114,1050889.25,7.6,2.15,466,INE899L01022,2020-05-21,2020-05-20T18:30:00.000Z,2020-05-21T12:00:36.501Z,2020-05-21T12:00:36.501Z,0,3.46,21-May-2020,
257,5ec7bf007e6cba0008f8e2cf,UJAAS,EQ,N,3.55,3.35,3.55,3.4,3.4,3.5,123891,422359.45,7.6,2.15,348,INE899L01022,2020-05-22,2020-05-21T18:30:00.000Z,2020-05-22T12:01:04.384Z,2020-05-22T12:01:04.384Z,0,3.41,22-May-2020,
258,5ecd04e20f5c2100084bc1b3,UJAAS,EQ,N,3.5,3.35,3.35,3.35,3.4,3.4,52609,178525.15,7.55,2.15,227,INE899L01022,2020-05-26,2020-05-25T18:30:00.000Z,2020-05-26T12:00:34.694Z,2020-05-26T12:00:34.694Z,0,3.39,26-May-2020,
259,5ece56802e488c00082acbed,UJAAS,EQ,N,3.4,3.25,3.35,3.35,3.35,3.35,116638,384837.15,7.55,2.15,288,INE899L01022,2020-05-27,2020-05-26T18:30:00.000Z,2020-05-27T12:01:04.609Z,2020-05-27T12:01:04.609Z,0,3.3,27-May-2020,
260,5ecfa800413b6c00082092c1,UJAAS,EQ,N,3.5,3.3,3.35,3.5,3.45,3.35,218358,746046.0,7.55,2.15,409,INE899L01022,2020-05-28,2020-05-27T18:30:00.000Z,2020-05-28T12:01:04.658Z,2020-05-28T12:01:04.658Z,0,3.42,28-May-2020,
261,5ed0fd08623c1d00084ef868,UJAAS,EQ,N,3.55,3.4,3.5,3.45,3.4,3.5,151735,522437.1,7.55,2.15,310,INE899L01022,2020-05-29,2020-05-28T18:30:00.000Z,2020-05-29T12:16:08.235Z,2020-05-29T12:16:08.235Z,0,3.44,29-May-2020,
262,5ed4ee0076f1980008127075,UJAAS,EQ,N,3.6,3.45,3.5,3.5,3.55,3.45,353237,1244795.75,7.55,2.15,1654,INE899L01022,2020-06-01,2020-05-31T18:30:00.000Z,2020-06-01T12:01:04.667Z,2020-06-01T12:01:04.667Z,0,3.52,01-Jun-2020,
263,5ee767aca27a6a0008c9eeed,UJAAS,EQ,N,3.55,3.45,3.55,3.5,3.55,3.5,289244,1015637.9,7.55,2.15,447,INE899L01022,2020-06-02,2020-06-01T18:30:00.000Z,2020-06-15T12:21:00.763Z,2020-06-15T12:21:00.763Z,0,3.51,02-Jun-2020,
264,5ed791037a1af200085d094c,UJAAS,EQ,N,3.65,3.45,3.55,3.65,3.65,3.5,630421,2269435.85,7.55,2.15,749,INE899L01022,2020-06-03,2020-06-02T18:30:00.000Z,2020-06-03T12:01:07.112Z,2020-06-03T12:01:07.112Z,0,3.6,03-Jun-2020,
265,5ed8e2654439fd0008512a95,UJAAS,EQ,N,3.7,3.55,3.7,3.65,3.65,3.65,379343,1374777.2,7.55,2.15,486,INE899L01022,2020-06-04,2020-06-03T18:30:00.000Z,2020-06-04T12:00:37.552Z,2020-06-04T12:00:37.552Z,0,3.62,04-Jun-2020,
266,5eda340144f13100088b5a3e,UJAAS,EQ,N,4.0,3.6,3.8,4.0,4.0,3.65,405596,1591428.7,7.55,2.15,582,INE899L01022,2020-06-05,2020-06-04T18:30:00.000Z,2020-06-05T12:01:05.148Z,2020-06-05T12:01:05.148Z,0,3.92,05-Jun-2020,
267,5ef243ccb998c10008afcb41,UJAAS,EQ,N,4.4,4.25,4.35,4.4,4.4,4.0,214506,941487.05,6.75,2.15,428,INE899L01022,2020-06-08,2020-06-07T18:30:00.000Z,2020-06-23T18:02:52.919Z,2020-06-23T18:02:52.919Z,0,4.39,08-Jun-2020,
268,5ef243e1ba3ac100096f1918,UJAAS,EQ,N,4.8,4.4,4.8,4.8,4.8,4.4,1223127,5790630.6,6.75,2.15,1399,INE899L01022,2020-06-09,2020-06-08T18:30:00.000Z,2020-06-23T18:03:13.813Z,2020-06-23T18:03:13.813Z,0,4.73,09-Jun-2020,
269,5ef24477f328a00008db0c69,UJAAS,EQ,N,5.0,5.0,5.0,5.0,5.0,4.8,219206,1096030.0,6.75,2.15,282,INE899L01022,2020-06-10,2020-06-09T18:30:00.000Z,2020-06-23T18:05:43.661Z,2020-06-23T18:05:43.661Z,0,5.0,10-Jun-2020,
270,5ef2444dc4ea2e0008a7501a,UJAAS,EQ,N,5.25,4.75,5.25,5.25,5.25,5.0,2164864,11216511.4,6.75,2.15,2223,INE899L01022,2020-06-11,2020-06-10T18:30:00.000Z,2020-06-23T18:05:01.945Z,2020-06-23T18:05:01.945Z,0,5.18,11-Jun-2020,
271,5ee36f10f0beca000932c1e8,UJAAS,EQ,N,5.5,5.0,5.5,5.5,5.5,5.25,1576572,8428019.7,6.75,2.15,1981,INE899L01022,2020-06-12,2020-06-11T18:30:00.000Z,2020-06-12T12:04:17.991Z,2020-06-12T12:04:17.991Z,0,5.35,12-Jun-2020,
272,5ee7692cfdc386000899af39,UJAAS,EQ,N,5.75,5.75,5.75,5.75,5.75,5.5,82441,474035.75,6.75,2.15,127,INE899L01022,2020-06-15,2020-06-14T18:30:00.000Z,2020-06-15T12:27:25.146Z,2020-06-15T12:27:25.146Z,0,5.75,15-Jun-2020,
273,5ee8b4936ad8fa00085c20d7,UJAAS,EQ,N,6.0,6.0,6.0,6.0,6.0,5.75,207249,1243494.0,6.75,2.15,158,INE899L01022,2020-06-16,2020-06-15T18:30:00.000Z,2020-06-16T12:01:24.345Z,2020-06-16T12:01:24.345Z,0,6.0,16-Jun-2020,
274,5eea05f046247b00083067c2,UJAAS,EQ,N,6.3,6.3,6.3,6.3,6.3,6.0,319082,2010216.6,6.75,2.15,491,INE899L01022,2020-06-17,2020-06-16T18:30:00.000Z,2020-06-17T12:00:48.428Z,2020-06-17T12:00:48.428Z,0,6.3,17-Jun-2020,
275,5eeb7f4fc126050008ec9433,UJAAS,EQ,N,6.6,6.6,6.6,6.6,6.6,6.3,116560,769296.0,6.75,2.15,153,INE899L01022,2020-06-18,2020-06-17T18:30:00.000Z,2020-06-18T14:50:55.687Z,2020-06-18T14:50:55.687Z,0,6.6,18-Jun-2020,
276,5eeca917ca24150008292e44,UJAAS,EQ,N,6.9,6.9,6.9,6.9,6.9,6.6,110521,762594.9,6.9,2.15,105,INE899L01022,2020-06-19,2020-06-18T18:30:00.000Z,2020-06-19T12:01:27.565Z,2020-06-19T12:01:27.565Z,0,6.9,19-Jun-2020,
277,5ef243b45ff88f00087d7e37,UJAAS,EQ,N,7.2,7.2,7.2,7.2,7.2,6.9,82795,596124.0,7.2,2.15,116,INE899L01022,2020-06-22,2020-06-21T18:30:00.000Z,2020-06-23T18:02:28.175Z,2020-06-23T18:02:28.175Z,0,7.2,22-Jun-2020,
278,5ef1ef3c8d7230000817fc45,UJAAS,EQ,N,7.55,7.55,7.55,7.55,7.55,7.2,75287,568416.85,7.55,2.15,81,INE899L01022,2020-06-23,2020-06-22T18:30:00.000Z,2020-06-23T12:02:04.792Z,2020-06-23T12:02:04.792Z,0,7.55,23-Jun-2020,
279,5f111b319efdea00086cc0d2,UJAAS,EQ,N,7.9,7.9,7.9,7.9,7.9,7.55,117186,925769.4,7.9,2.15,128,INE899L01022,2020-06-24,2020-06-23T18:30:00.000Z,2020-07-17T03:29:53.476Z,2020-07-17T03:29:53.476Z,0,7.9,24-Jun-2020,
280,5f111b61048982000805ab5b,UJAAS,EQ,N,8.25,7.55,8.25,8.25,8.25,7.9,2517023,20048051.95,8.25,2.15,2836,INE899L01022,2020-06-25,2020-06-24T18:30:00.000Z,2020-07-17T03:30:41.454Z,2020-07-17T03:30:41.454Z,0,7.96,25-Jun-2020,
281,5ef5e380c1a70000082b95ae,UJAAS,EQ,N,8.65,8.65,8.65,8.65,8.65,8.25,70177,607031.05,8.65,2.15,89,INE899L01022,2020-06-26,2020-06-25T18:30:00.000Z,2020-06-26T12:01:04.891Z,2020-06-26T12:01:04.891Z,0,8.65,26-Jun-2020,
282,5e8c6b80097b5b00085acc98,UJAAS,EQ,N,2.5,2.4,2.5,2.5,2.5,2.4,177019,439625.2,8.5,2.15,290,INE899L01022,2020-04-07,2020-04-06T18:30:00.000Z,2020-04-07T12:01:04.301Z,2020-04-07T12:01:04.301Z,0,2.48,07-Apr-2020,
283,5e8dbd002b81d000080d17ca,UJAAS,EQ,N,2.6,2.55,2.6,2.6,2.6,2.5,89009,231377.15,8.5,2.15,124,INE899L01022,2020-04-08,2020-04-07T18:30:00.000Z,2020-04-08T12:01:04.815Z,2020-04-08T12:01:04.815Z,0,2.6,08-Apr-2020,
284,5e8f0e809f28990008153fd0,UJAAS,EQ,N,2.85,2.85,2.85,2.85,2.85,2.6,47078,134172.3,8.5,2.15,87,INE899L01022,2020-04-09,2020-04-08T18:30:00.000Z,2020-04-09T12:01:04.317Z,2020-04-09T12:01:04.317Z,0,2.85,09-Apr-2020,
285,5e94547f328a590008415844,UJAAS,EQ,N,3.1,3.1,3.1,3.1,3.1,2.85,73486,227806.6,8.5,2.15,147,INE899L01022,2020-04-13,2020-04-12T18:30:00.000Z,2020-04-13T12:01:03.686Z,2020-04-13T12:01:03.686Z,0,3.1,13-Apr-2020,
286,5e96f77fd46af300089bd91a,UJAAS,EQ,N,3.4,3.4,3.4,3.4,3.4,3.1,103569,352134.6,8.5,2.15,147,INE899L01022,2020-04-15,2020-04-14T18:30:00.000Z,2020-04-15T12:01:03.766Z,2020-04-15T12:01:03.766Z,0,3.4,15-Apr-2020,
287,5e9848e3cd402800080deba6,UJAAS,EQ,N,3.55,3.55,3.55,3.55,3.55,3.4,57198,203052.9,8.5,2.15,95,INE899L01022,2020-04-16,2020-04-15T18:30:00.000Z,2020-04-16T12:00:35.637Z,2020-04-16T12:00:35.637Z,0,3.55,16-Apr-2020,
288,5e999a5dd9a83d0008a9c071,UJAAS,EQ,N,3.7,3.7,3.7,3.7,3.7,3.55,61454,227379.8,8.5,2.15,60,INE899L01022,2020-04-17,2020-04-16T18:30:00.000Z,2020-04-17T12:00:29.530Z,2020-04-17T12:00:29.530Z,0,3.7,17-Apr-2020,
289,5e9d8f00ea7d82000850daac,UJAAS,EQ,N,3.85,3.85,3.85,3.85,3.85,3.7,72834,280410.9,8.0,2.15,52,INE899L01022,2020-04-20,2020-04-19T18:30:00.000Z,2020-04-20T12:01:04.370Z,2020-04-20T12:01:04.370Z,0,3.85,20-Apr-2020,
290,5e9ee0652fa7f400080ff251,UJAAS,EQ,N,4.0,3.7,4.0,3.9,3.9,3.85,1176792,4625098.4,8.0,2.15,1876,INE899L01022,2020-04-21,2020-04-20T18:30:00.000Z,2020-04-21T12:00:37.303Z,2020-04-21T12:00:37.303Z,0,3.93,21-Apr-2020,
291,5ea031e329938c0008a2bfad,UJAAS,EQ,N,4.05,3.75,4.05,3.75,3.75,3.9,316982,1208968.35,8.0,2.15,958,INE899L01022,2020-04-22,2020-04-21T18:30:00.000Z,2020-04-22T12:00:35.328Z,2020-04-22T12:00:35.328Z,0,3.81,22-Apr-2020,
292,5ea18380f581ca0008bae6f4,UJAAS,EQ,N,3.85,3.6,3.8,3.6,3.6,3.75,360504,1310462.1,8.0,2.15,893,INE899L01022,2020-04-23,2020-04-22T18:30:00.000Z,2020-04-23T12:01:04.244Z,2020-04-23T12:01:04.244Z,0,3.64,23-Apr-2020,
293,5ea2d50098bd860008322c25,UJAAS,EQ,N,3.7,3.45,3.6,3.5,3.45,3.6,309446,1082361.1,8.0,2.15,715,INE899L01022,2020-04-24,2020-04-23T18:30:00.000Z,2020-04-24T12:01:04.311Z,2020-04-24T12:01:04.311Z,0,3.5,24-Apr-2020,
294,5ea6c964544ba90008e89c0a,UJAAS,EQ,N,3.55,3.35,3.55,3.4,3.4,3.5,187997,643711.65,7.6,2.15,554,INE899L01022,2020-04-27,2020-04-26T18:30:00.000Z,2020-04-27T12:00:36.961Z,2020-04-27T12:00:36.961Z,0,3.42,27-Apr-2020,
295,5ea81ae444c8c20008e528b4,UJAAS,EQ,N,3.45,3.3,3.4,3.35,3.4,3.4,184072,616611.55,7.6,2.15,451,INE899L01022,2020-04-28,2020-04-27T18:30:00.000Z,2020-04-28T12:00:36.854Z,2020-04-28T12:00:36.854Z,0,3.35,28-Apr-2020,
296,5ea96c64e9c5d6000806b5a8,UJAAS,EQ,N,3.5,3.3,3.45,3.5,3.5,3.35,221592,765927.25,7.6,2.15,390,INE899L01022,2020-04-29,2020-04-28T18:30:00.000Z,2020-04-29T12:00:36.854Z,2020-04-29T12:00:36.854Z,0,3.46,29-Apr-2020,
297,5eaabddd4a869300089a9091,UJAAS,EQ,N,3.65,3.5,3.65,3.6,3.65,3.5,435198,1573257.65,7.6,2.15,813,INE899L01022,2020-04-30,2020-04-29T18:30:00.000Z,2020-04-30T12:00:29.869Z,2020-04-30T12:00:29.869Z,0,3.62,30-Apr-2020,
298,5ef2455ab9601200082d893c,UJAAS,EQ,N,3.65,3.45,3.65,3.5,3.55,3.6,212218,738532.65,7.6,2.15,582,INE899L01022,2020-05-04,2020-05-03T18:30:00.000Z,2020-06-23T18:09:30.767Z,2020-06-23T18:09:30.767Z,0,3.48,04-May-2020,
299,5ece2fbda7d7070008238964,UJAAS,EQ,N,3.55,3.35,3.5,3.45,3.5,3.5,115528,400885.75,7.6,2.15,325,INE899L01022,2020-05-05,2020-05-04T18:30:00.000Z,2020-05-27T09:15:41.404Z,2020-05-27T09:15:41.404Z,0,3.47,05-May-2020,
300,5eb2a6e36952ee0008288d80,UJAAS,EQ,N,3.55,3.3,3.55,3.3,3.4,3.45,295979,985217.5,7.6,2.15,480,INE899L01022,2020-05-06,2020-05-05T18:30:00.000Z,2020-05-06T12:00:35.880Z,2020-05-06T12:00:35.880Z,0,3.33,06-May-2020,
301,5eb3f85d5bbde20008dc401e,UJAAS,EQ,N,3.35,3.2,3.35,3.3,3.3,3.3,154724,512027.0,7.6,2.15,362,INE899L01022,2020-05-07,2020-05-06T18:30:00.000Z,2020-05-07T12:00:29.017Z,2020-05-07T12:00:29.017Z,0,3.31,07-May-2020,
302,5eb549dfd99485000836839f,UJAAS,EQ,N,3.4,3.2,3.25,3.3,3.35,3.3,208883,688239.7,7.6,2.15,368,INE899L01022,2020-05-08,2020-05-07T18:30:00.000Z,2020-05-08T12:00:31.938Z,2020-05-08T12:00:31.938Z,0,3.29,08-May-2020,
303,5eb93e6393bc02000807a355,UJAAS,EQ,N,3.35,3.15,3.35,3.15,3.2,3.3,282093,898884.35,7.6,2.15,540,INE899L01022,2020-05-11,2020-05-10T18:30:00.000Z,2020-05-11T12:00:35.015Z,2020-05-11T12:00:35.015Z,0,3.19,11-May-2020,
304,5eba8fe3dad6ca0008e06d44,UJAAS,EQ,N,3.2,3.05,3.15,3.1,3.2,3.15,174652,541931.85,7.6,2.15,378,INE899L01022,2020-05-12,2020-05-11T18:30:00.000Z,2020-05-12T12:00:35.579Z,2020-05-12T12:00:35.579Z,0,3.1,12-May-2020,
305,5ebbe163f79ef100088a78ef,UJAAS,EQ,N,3.25,3.15,3.25,3.25,3.25,3.1,106356,343641.25,7.6,2.15,267,INE899L01022,2020-05-13,2020-05-12T18:30:00.000Z,2020-05-13T12:00:35.428Z,2020-05-13T12:00:35.428Z,0,3.23,13-May-2020,
306,5ebd32e3b7d0c80008e476a0,UJAAS,EQ,N,3.4,3.3,3.4,3.4,3.4,3.25,144905,491226.9,7.6,2.15,298,INE899L01022,2020-05-14,2020-05-13T18:30:00.000Z,2020-05-14T12:00:35.779Z,2020-05-14T12:00:35.779Z,0,3.39,14-May-2020,
307,5ebe8480c738bf0008c4debb,UJAAS,EQ,N,3.55,3.45,3.55,3.55,3.55,3.4,113494,402088.4,7.6,2.15,229,INE899L01022,2020-05-15,2020-05-14T18:30:00.000Z,2020-05-15T12:01:04.050Z,2020-05-15T12:01:04.050Z,0,3.54,15-May-2020,
308,5e57af63a6a62e000878081c,UJAAS,EQ,N,3.9,3.65,3.9,3.7,3.75,3.8,108753,404074.6,8.5,2.75,209,INE899L01022,2020-02-27,2020-02-26T18:30:00.000Z,2020-02-27T12:00:35.846Z,2020-02-27T12:00:35.846Z,0,3.72,27-Feb-2020,
309,5e5900e4ce0adf0008888f0d,UJAAS,EQ,N,3.7,3.55,3.7,3.55,3.55,3.7,119502,425124.25,8.5,2.75,199,INE899L01022,2020-02-28,2020-02-27T18:30:00.000Z,2020-02-28T12:00:36.611Z,2020-02-28T12:00:36.611Z,0,3.56,28-Feb-2020,
310,5e5cf57f9e55a200083f57b6,UJAAS,EQ,N,3.6,3.4,3.45,3.4,3.4,3.55,281230,962448.5,8.5,2.75,315,INE899L01022,2020-03-02,2020-03-01T18:30:00.000Z,2020-03-02T12:01:03.797Z,2020-03-02T12:01:03.797Z,0,3.42,02-Mar-2020,
311,5e5e46dd599ecf0008395446,UJAAS,EQ,N,3.35,3.25,3.35,3.25,3.25,3.4,329454,1073245.05,8.5,2.75,285,INE899L01022,2020-03-03,2020-03-02T18:30:00.000Z,2020-03-03T12:00:29.108Z,2020-03-03T12:00:29.108Z,0,3.26,03-Mar-2020,
312,5e5f9862e28dc70008eebedc,UJAAS,EQ,N,3.25,3.1,3.1,3.1,3.1,3.25,188974,592591.65,8.5,2.75,277,INE899L01022,2020-03-04,2020-03-03T18:30:00.000Z,2020-03-04T12:00:34.404Z,2020-03-04T12:00:34.404Z,0,3.14,04-Mar-2020,
313,5e60e9e23022d70008501a74,UJAAS,EQ,N,3.25,2.95,3.05,3.1,3.25,3.1,289484,878351.35,8.5,2.75,289,INE899L01022,2020-03-05,2020-03-04T18:30:00.000Z,2020-03-05T12:00:34.293Z,2020-03-05T12:00:34.293Z,0,3.03,05-Mar-2020,
314,5e623b6213351a000888fb43,UJAAS,EQ,N,3.25,2.95,3.25,2.95,3.0,3.1,306075,921489.3,8.5,2.75,364,INE899L01022,2020-03-06,2020-03-05T18:30:00.000Z,2020-03-06T12:00:34.281Z,2020-03-06T12:00:34.281Z,0,3.01,06-Mar-2020,
315,5e6630009fa524000822bc84,UJAAS,EQ,N,2.95,2.85,2.85,2.85,2.85,2.95,310867,893326.3,8.5,2.75,450,INE899L01022,2020-03-09,2020-03-08T18:30:00.000Z,2020-03-09T12:01:04.090Z,2020-03-09T12:01:04.090Z,0,2.87,09-Mar-2020,
316,5e68d2dd5def9e000876c2b0,UJAAS,EQ,N,2.95,2.8,2.85,2.95,2.95,2.85,210343,607607.45,8.5,2.75,335,INE899L01022,2020-03-11,2020-03-10T18:30:00.000Z,2020-03-11T12:00:29.864Z,2020-03-11T12:00:29.864Z,0,2.89,11-Mar-2020,
317,5e6a246527e7a10008ff1a8b,UJAAS,EQ,N,2.95,2.85,2.95,2.85,2.85,2.95,108484,309458.0,8.5,2.75,241,INE899L01022,2020-03-12,2020-03-11T18:30:00.000Z,2020-03-12T12:00:37.180Z,2020-03-12T12:00:37.180Z,0,2.85,12-Mar-2020,
318,5e6b75e22901d300081cfba4,UJAAS,EQ,N,2.95,2.75,2.75,2.9,2.95,2.85,272253,763918.75,8.5,2.75,477,INE899L01022,2020-03-13,2020-03-12T18:30:00.000Z,2020-03-13T12:00:34.606Z,2020-03-13T12:00:34.606Z,0,2.81,13-Mar-2020,
319,5e6f6a805de3ae0008ceb4d3,UJAAS,EQ,N,2.85,2.8,2.85,2.8,2.8,2.9,172368,484003.1,8.5,2.75,309,INE899L01022,2020-03-16,2020-03-15T18:30:00.000Z,2020-03-16T12:01:04.762Z,2020-03-16T12:01:04.762Z,0,2.81,16-Mar-2020,
320,5e70bbe2c32b4c00086b16e2,UJAAS,EQ,N,2.9,2.7,2.8,2.8,2.9,2.8,230472,633427.95,8.5,2.7,373,INE899L01022,2020-03-17,2020-03-16T18:30:00.000Z,2020-03-17T12:00:34.974Z,2020-03-17T12:00:34.974Z,0,2.75,17-Mar-2020,
321,5e720d668a1f0f0008bf73c8,UJAAS,EQ,N,2.9,2.7,2.9,2.7,2.7,2.8,233938,636886.15,8.5,2.7,287,INE899L01022,2020-03-18,2020-03-17T18:30:00.000Z,2020-03-18T12:00:38.224Z,2020-03-18T12:00:38.224Z,0,2.72,18-Mar-2020,
322,5e735edf984da20008ffeba2,UJAAS,EQ,N,2.65,2.6,2.65,2.6,2.6,2.7,175459,456249.9,8.5,2.6,254,INE899L01022,2020-03-19,2020-03-18T18:30:00.000Z,2020-03-19T12:00:31.193Z,2020-03-19T12:00:31.193Z,0,2.6,19-Mar-2020,
323,5e74b062f727ea0008e5b4c5,UJAAS,EQ,N,2.65,2.5,2.6,2.5,2.5,2.6,341518,863744.95,8.5,2.5,417,INE899L01022,2020-03-20,2020-03-19T18:30:00.000Z,2020-03-20T12:00:34.988Z,2020-03-20T12:00:34.988Z,0,2.53,20-Mar-2020,
324,5e78a4e452ea370008a7bbd3,UJAAS,EQ,N,2.5,2.4,2.4,2.4,2.4,2.5,84390,202918.3,8.5,2.4,184,INE899L01022,2020-03-23,2020-03-22T18:30:00.000Z,2020-03-23T12:00:36.938Z,2020-03-23T12:00:36.938Z,0,2.4,23-Mar-2020,
325,5e79f67fe7b7180008a9c9d3,UJAAS,EQ,N,2.4,2.3,2.3,2.3,2.3,2.4,63415,146458.75,8.5,2.3,200,INE899L01022,2020-03-24,2020-03-23T18:30:00.000Z,2020-03-24T12:01:03.966Z,2020-03-24T12:01:03.966Z,0,2.31,24-Mar-2020,
326,5e7b47ffada1850008e44adc,UJAAS,EQ,N,2.3,2.2,2.3,2.25,2.3,2.3,124847,278178.25,8.5,2.2,248,INE899L01022,2020-03-25,2020-03-24T18:30:00.000Z,2020-03-25T12:01:03.832Z,2020-03-25T12:01:03.832Z,0,2.23,25-Mar-2020,
327,5e7c9980d2f6610008810ff2,UJAAS,EQ,N,2.35,2.15,2.2,2.35,2.35,2.25,131593,304884.5,8.5,2.15,212,INE899L01022,2020-03-26,2020-03-25T18:30:00.000Z,2020-03-26T12:01:04.122Z,2020-03-26T12:01:04.122Z,0,2.32,26-Mar-2020,
328,5e7deae32fba8e000887b30a,UJAAS,EQ,N,2.45,2.25,2.45,2.3,2.35,2.35,253282,591404.5,8.5,2.15,311,INE899L01022,2020-03-27,2020-03-26T18:30:00.000Z,2020-03-27T12:00:35.873Z,2020-03-27T12:00:35.873Z,0,2.33,27-Mar-2020,
329,5e81dfbeba9bb000080b7c64,UJAAS,EQ,N,2.4,2.2,2.4,2.25,2.3,2.3,138164,310580.35,8.5,2.15,243,INE899L01022,2020-03-30,2020-03-29T18:30:00.000Z,2020-03-30T12:02:07.002Z,2020-03-30T12:02:07.002Z,0,2.25,30-Mar-2020,
330,5e833100e0c06f00088f88c4,UJAAS,EQ,N,2.35,2.2,2.2,2.35,2.35,2.25,107404,249202.75,8.5,2.15,226,INE899L01022,2020-03-31,2020-03-30T18:30:00.000Z,2020-03-31T12:01:04.147Z,2020-03-31T12:01:04.147Z,0,2.32,31-Mar-2020,
331,5e8482638ee873000834913e,UJAAS,EQ,N,2.45,2.3,2.35,2.4,2.45,2.35,145494,352115.3,8.5,2.15,254,INE899L01022,2020-04-01,2020-03-31T18:30:00.000Z,2020-04-01T12:00:35.624Z,2020-04-01T12:00:35.624Z,0,2.42,01-Apr-2020,
332,5e872564e4335f0008b3618a,UJAAS,EQ,N,2.5,2.35,2.5,2.4,2.45,2.4,270400,651994.15,8.5,2.15,308,INE899L01022,2020-04-03,2020-04-02T18:30:00.000Z,2020-04-03T12:00:36.628Z,2020-04-03T12:00:36.628Z,0,2.41,03-Apr-2020,
333,5e8c6b80097b5b00085acc98,UJAAS,EQ,N,2.5,2.4,2.5,2.5,2.5,2.4,177019,439625.2,8.5,2.15,290,INE899L01022,2020-04-07,2020-04-06T18:30:00.000Z,2020-04-07T12:01:04.301Z,2020-04-07T12:01:04.301Z,0,2.48,07-Apr-2020,
334,5e25966282871b0008465519,UJAAS,EQ,N,4.55,4.4,4.5,4.4,4.4,4.6,303612,1340178.65,8.5,2.75,199,INE899L01022,2020-01-20,2020-01-19T18:30:00.000Z,2020-01-20T12:00:34.092Z,2020-01-20T12:00:34.092Z,0,4.41,20-Jan-2020,
335,5e26e7e356a809000813a208,UJAAS,EQ,N,4.2,4.2,4.2,4.2,4.2,4.4,86597,363707.4,8.5,2.75,136,INE899L01022,2020-01-21,2020-01-20T18:30:00.000Z,2020-01-21T12:00:35.511Z,2020-01-21T12:00:35.511Z,0,4.2,21-Jan-2020,
336,5e28395d350bd90008188c3d,UJAAS,EQ,N,4.4,4.15,4.15,4.4,4.4,4.2,458987,2012172.7,8.5,2.75,368,INE899L01022,2020-01-22,2020-01-21T18:30:00.000Z,2020-01-22T12:00:29.676Z,2020-01-22T12:00:29.676Z,0,4.38,22-Jan-2020,
337,5e298ae223252f0008a1d748,UJAAS,EQ,N,4.6,4.55,4.6,4.6,4.6,4.4,226079,1039522.2,8.5,2.75,210,INE899L01022,2020-01-23,2020-01-22T18:30:00.000Z,2020-01-23T12:00:34.437Z,2020-01-23T12:00:34.437Z,0,4.6,23-Jan-2020,
338,5e2adc65ba04d60008ab22fd,UJAAS,EQ,N,4.8,4.8,4.8,4.8,4.8,4.6,81028,388934.4,8.5,2.75,91,INE899L01022,2020-01-24,2020-01-23T18:30:00.000Z,2020-01-24T12:00:37.023Z,2020-01-24T12:00:37.023Z,0,4.8,24-Jan-2020,
339,5e2ed1003d641100085c07ab,UJAAS,EQ,N,5.0,5.0,5.0,5.0,5.0,4.8,138625,693125.0,8.5,2.75,94,INE899L01022,2020-01-27,2020-01-26T18:30:00.000Z,2020-01-27T12:01:04.960Z,2020-01-27T12:01:04.960Z,0,5.0,27-Jan-2020,
340,5e302280c65a7a0008f25a5c,UJAAS,EQ,N,5.25,5.25,5.25,5.25,5.25,5.0,245082,1286680.5,8.5,2.75,201,INE899L01022,2020-01-28,2020-01-27T18:30:00.000Z,2020-01-28T12:01:04.317Z,2020-01-28T12:01:04.317Z,0,5.25,28-Jan-2020,
341,5e317400bfc8c6000809312a,UJAAS,EQ,N,5.2,5.0,5.2,5.0,5.0,5.25,335588,1694268.5,8.5,2.75,391,INE899L01022,2020-01-29,2020-01-28T18:30:00.000Z,2020-01-29T12:01:04.681Z,2020-01-29T12:01:04.681Z,0,5.05,29-Jan-2020,
342,5e32c57f1e3869000861b2db,UJAAS,EQ,N,4.75,4.75,4.75,4.75,4.75,5.0,53201,252704.75,8.5,2.75,177,INE899L01022,2020-01-30,2020-01-29T18:30:00.000Z,2020-01-30T12:01:03.921Z,2020-01-30T12:01:03.921Z,0,4.75,30-Jan-2020,
343,5e3416e378f7fe00082614b0,UJAAS,EQ,N,4.95,4.55,4.55,4.9,4.85,4.75,702390,3341195.15,8.5,2.75,767,INE899L01022,2020-01-31,2020-01-30T18:30:00.000Z,2020-01-31T12:00:35.611Z,2020-01-31T12:00:35.611Z,0,4.76,31-Jan-2020,
344,5e356880293b5a00089d4bea,UJAAS,EQ,N,5.1,4.8,5.0,5.1,5.1,4.9,473666,2400478.15,8.5,2.75,666,INE899L01022,2020-02-01,2020-01-31T18:30:00.000Z,2020-02-01T12:01:04.249Z,2020-02-01T12:01:04.249Z,0,5.07,01-Feb-2020,
345,5e380b7f901a7e00088a1106,UJAAS,EQ,N,5.35,5.15,5.2,5.35,5.35,5.1,1037458,5527172.2,8.5,2.75,1447,INE899L01022,2020-02-03,2020-02-02T18:30:00.000Z,2020-02-03T12:01:03.618Z,2020-02-03T12:01:03.618Z,0,5.33,03-Feb-2020,
346,5e395ce323642000087516f3,UJAAS,EQ,N,5.4,5.1,5.4,5.1,5.1,5.35,379741,1951632.45,8.5,2.75,521,INE899L01022,2020-02-04,2020-02-03T18:30:00.000Z,2020-02-04T12:00:35.653Z,2020-02-04T12:00:35.653Z,0,5.14,04-Feb-2020,
347,5e3aae6184ff470008f86128,UJAAS,EQ,N,5.1,4.85,5.1,4.85,4.85,5.1,485638,2380508.9,8.5,2.75,574,INE899L01022,2020-02-05,2020-02-04T18:30:00.000Z,2020-02-05T12:00:33.727Z,2020-02-05T12:00:33.727Z,0,4.9,05-Feb-2020,
348,5e3bffe4f669df000874e1bd,UJAAS,EQ,N,4.9,4.65,4.7,4.7,4.8,4.85,649561,3067927.65,8.5,2.75,668,INE899L01022,2020-02-06,2020-02-05T18:30:00.000Z,2020-02-06T12:00:36.121Z,2020-02-06T12:00:36.121Z,0,4.72,06-Feb-2020,
349,5e3d5161116378000820574d,UJAAS,EQ,N,4.85,4.65,4.8,4.8,4.85,4.7,290945,1389135.0,8.5,2.75,434,INE899L01022,2020-02-07,2020-02-06T18:30:00.000Z,2020-02-07T12:00:33.506Z,2020-02-07T12:00:33.506Z,0,4.77,07-Feb-2020,
350,5e414601792b6d0008359836,UJAAS,EQ,N,5.0,4.85,4.85,4.95,4.9,4.8,312072,1544199.1,8.5,2.75,510,INE899L01022,2020-02-10,2020-02-09T18:30:00.000Z,2020-02-10T12:01:05.684Z,2020-02-10T12:01:05.684Z,0,4.95,10-Feb-2020,
351,5e429780b371e50008f85b68,UJAAS,EQ,N,5.0,4.75,5.0,4.75,4.75,4.95,429200,2056117.2,8.5,2.75,439,INE899L01022,2020-02-11,2020-02-10T18:30:00.000Z,2020-02-11T12:01:04.252Z,2020-02-11T12:01:04.252Z,0,4.79,11-Feb-2020,
352,5e43e900ffef84000809c0c0,UJAAS,EQ,N,4.85,4.55,4.85,4.6,4.6,4.75,251875,1155823.8,8.5,2.75,321,INE899L01022,2020-02-12,2020-02-11T18:30:00.000Z,2020-02-12T12:01:04.664Z,2020-02-12T12:01:04.664Z,0,4.59,12-Feb-2020,
353,5e453a636a2556000863624c,UJAAS,EQ,N,4.7,4.4,4.7,4.4,4.4,4.6,236247,1048646.85,8.5,2.75,356,INE899L01022,2020-02-13,2020-02-12T18:30:00.000Z,2020-02-13T12:00:35.561Z,2020-02-13T12:00:35.561Z,0,4.44,13-Feb-2020,
354,5e468bffe8dfc60008d8d9ad,UJAAS,EQ,N,4.6,4.3,4.5,4.45,4.4,4.4,521706,2370966.1,8.5,2.75,597,INE899L01022,2020-02-14,2020-02-13T18:30:00.000Z,2020-02-14T12:01:03.956Z,2020-02-14T12:01:03.956Z,0,4.54,14-Feb-2020,
355,5e4a8065a9e763000816ef0e,UJAAS,EQ,N,4.55,4.25,4.45,4.25,4.25,4.45,197449,843886.4,8.5,2.75,212,INE899L01022,2020-02-17,2020-02-16T18:30:00.000Z,2020-02-17T12:00:37.960Z,2020-02-17T12:00:37.960Z,0,4.27,17-Feb-2020,
356,5e4bd1ffba0d890008571578,UJAAS,EQ,N,4.15,4.05,4.05,4.05,4.05,4.25,260045,1055243.7,8.5,2.75,312,INE899L01022,2020-02-18,2020-02-17T18:30:00.000Z,2020-02-18T12:01:03.534Z,2020-02-18T12:01:03.534Z,0,4.06,18-Feb-2020,
357,5e4d2365dce3890008feef51,UJAAS,EQ,N,4.05,3.85,3.95,3.85,3.9,4.05,490969,1906223.3,8.5,2.75,560,INE899L01022,2020-02-19,2020-02-18T18:30:00.000Z,2020-02-19T12:00:37.276Z,2020-02-19T12:00:37.276Z,0,3.88,19-Feb-2020,
358,5e4e7500ae37a3000818057d,UJAAS,EQ,N,4.0,3.7,3.85,3.9,3.95,3.85,464547,1756845.45,8.5,2.75,623,INE899L01022,2020-02-20,2020-02-19T18:30:00.000Z,2020-02-20T12:01:04.100Z,2020-02-20T12:01:04.100Z,0,3.78,20-Feb-2020,
359,5e53bb0039d4590008a05f0b,UJAAS,EQ,N,3.95,3.75,3.9,3.85,3.9,3.9,172025,665501.7,8.5,2.75,325,INE899L01022,2020-02-24,2020-02-23T18:30:00.000Z,2020-02-24T12:01:04.260Z,2020-02-24T12:01:04.260Z,0,3.87,24-Feb-2020,
360,5e550c624766bc00083dc9f8,UJAAS,EQ,N,3.95,3.7,3.95,3.7,3.75,3.85,340782,1293347.7,8.5,2.75,346,INE899L01022,2020-02-25,2020-02-24T18:30:00.000Z,2020-02-25T12:00:34.924Z,2020-02-25T12:00:34.924Z,0,3.8,25-Feb-2020,
361,5e565de35a6517000885b52e,UJAAS,EQ,N,3.85,3.65,3.7,3.8,3.85,3.7,147460,548913.4,8.5,2.75,239,INE899L01022,2020-02-26,2020-02-25T18:30:00.000Z,2020-02-26T12:00:35.929Z,2020-02-26T12:00:35.929Z,0,3.72,26-Feb-2020,
362,5e57af63a6a62e000878081c,UJAAS,EQ,N,3.9,3.65,3.9,3.7,3.75,3.8,108753,404074.6,8.5,2.75,209,INE899L01022,2020-02-27,2020-02-26T18:30:00.000Z,2020-02-27T12:00:35.846Z,2020-02-27T12:00:35.846Z,0,3.72,27-Feb-2020,
363,5dee378088cd7d0008bf1eec,UJAAS,EQ,N,3.0,2.85,3.0,2.9,3.0,2.9,157833,456899.5,8.85,2.75,233,INE899L01022,2019-12-09,2019-12-08T18:30:00.000Z,2019-12-09T12:01:04.583Z,2019-12-09T12:01:04.583Z,0,2.89,09-Dec-2019,
364,5def88ffe7000d0008c6e393,UJAAS,EQ,N,2.95,2.85,2.85,2.9,2.95,2.9,145526,420931.75,8.85,2.75,182,INE899L01022,2019-12-10,2019-12-09T18:30:00.000Z,2019-12-10T12:01:03.943Z,2019-12-10T12:01:03.943Z,0,2.89,10-Dec-2019,
365,5df0da80173f8f0008c57c06,UJAAS,EQ,N,3.0,2.9,2.9,2.95,2.95,2.9,73116,216597.4,8.85,2.75,158,INE899L01022,2019-12-11,2019-12-10T18:30:00.000Z,2019-12-11T12:01:04.325Z,2019-12-11T12:01:04.325Z,0,2.96,11-Dec-2019,
366,5df22bff68de3f00088eb178,UJAAS,EQ,N,3.3,2.9,3.05,3.2,3.2,2.95,323472,1016881.95,8.85,2.75,321,INE899L01022,2019-12-12,2019-12-11T18:30:00.000Z,2019-12-12T12:01:03.664Z,2019-12-12T12:01:03.664Z,0,3.14,12-Dec-2019,
367,5df37d7f95c8b100094419cf,UJAAS,EQ,N,3.2,3.1,3.2,3.15,3.2,3.2,100988,317271.4,8.85,2.75,198,INE899L01022,2019-12-13,2019-12-12T18:30:00.000Z,2019-12-13T12:01:03.890Z,2019-12-13T12:01:03.890Z,0,3.14,13-Dec-2019,
368,5df77200673a0c0008d2d4da,UJAAS,EQ,N,3.15,2.95,3.15,3.0,3.05,3.15,79189,239370.2,8.85,2.75,178,INE899L01022,2019-12-16,2019-12-15T18:30:00.000Z,2019-12-16T12:01:04.229Z,2019-12-16T12:01:04.229Z,0,3.02,16-Dec-2019,
369,5df8c38068de3f00088ebbd4,UJAAS,EQ,N,3.15,3.0,3.15,3.05,3.05,3.0,103402,317861.95,8.85,2.75,188,INE899L01022,2019-12-17,2019-12-16T18:30:00.000Z,2019-12-17T12:01:04.026Z,2019-12-17T12:01:04.026Z,0,3.07,17-Dec-2019,
370,5dfa14ffbda4b900080cbf14,UJAAS,EQ,N,3.15,3.0,3.05,3.05,3.0,3.05,131578,400881.35,8.85,2.75,170,INE899L01022,2019-12-18,2019-12-17T18:30:00.000Z,2019-12-18T12:01:03.994Z,2019-12-18T12:01:03.994Z,0,3.05,18-Dec-2019,
371,5dfb66649bc9a50008f1df09,UJAAS,EQ,N,3.1,2.9,3.1,3.05,3.05,3.05,113468,341477.3,8.85,2.75,155,INE899L01022,2019-12-19,2019-12-18T18:30:00.000Z,2019-12-19T12:00:36.306Z,2019-12-19T12:00:36.306Z,0,3.01,19-Dec-2019,
372,5dfcb7e30d565100086454af,UJAAS,EQ,N,3.1,3.0,3.05,3.0,3.0,3.05,103234,310669.35,8.85,2.75,118,INE899L01022,2019-12-20,2019-12-19T18:30:00.000Z,2019-12-20T12:00:35.752Z,2019-12-20T12:00:35.752Z,0,3.01,20-Dec-2019,
373,5e00ac80fe98840008e7da85,UJAAS,EQ,N,3.2,2.95,2.95,3.15,3.15,3.0,257478,804109.6,8.5,2.75,278,INE899L01022,2019-12-23,2019-12-22T18:30:00.000Z,2019-12-23T12:01:04.215Z,2019-12-23T12:01:04.215Z,0,3.12,23-Dec-2019,
374,5e01fdff353852000810804b,UJAAS,EQ,N,3.2,3.05,3.2,3.1,3.1,3.15,103026,322931.0,8.5,2.75,129,INE899L01022,2019-12-24,2019-12-23T18:30:00.000Z,2019-12-24T12:01:03.766Z,2019-12-24T12:01:03.766Z,0,3.13,24-Dec-2019,
375,5e04a35716f1bb0008a8b079,UJAAS,EQ,N,3.1,3.05,3.05,3.1,3.1,3.1,59092,181527.45,8.5,2.75,134,INE899L01022,2019-12-26,2019-12-25T18:30:00.000Z,2019-12-26T12:11:03.783Z,2019-12-26T12:11:03.783Z,0,3.07,26-Dec-2019,
376,5e05f264f1221d0008ea6571,UJAAS,EQ,N,3.25,3.05,3.25,3.1,3.1,3.1,90197,279417.25,8.5,2.75,170,INE899L01022,2019-12-27,2019-12-26T18:30:00.000Z,2019-12-27T12:00:36.405Z,2019-12-27T12:00:36.405Z,0,3.1,27-Dec-2019,
377,5e09e6e3853e8f0008de2b7d,UJAAS,EQ,N,3.2,3.05,3.15,3.2,3.2,3.1,142671,448565.55,8.5,2.75,251,INE899L01022,2019-12-30,2019-12-29T18:30:00.000Z,2019-12-30T12:00:35.502Z,2019-12-30T12:00:35.502Z,0,3.14,30-Dec-2019,
378,5e0b385f5c67aa00084af8e4,UJAAS,EQ,N,3.35,3.15,3.2,3.35,3.35,3.2,239743,786693.0,8.5,2.75,267,INE899L01022,2019-12-31,2019-12-30T18:30:00.000Z,2019-12-31T12:00:31.230Z,2019-12-31T12:00:31.230Z,0,3.28,31-Dec-2019,
379,5e0c89ff7eca93000835d256,UJAAS,EQ,N,3.4,3.1,3.3,3.3,3.35,3.35,100073,328702.3,8.5,2.75,192,INE899L01022,2020-01-01,2019-12-31T18:30:00.000Z,2020-01-01T12:01:03.946Z,2020-01-01T12:01:03.946Z,0,3.28,01-Jan-2020,
380,5e0ddb80a604190008fe671b,UJAAS,EQ,N,3.45,3.2,3.4,3.4,3.35,3.3,243142,817854.35,8.5,2.75,335,INE899L01022,2020-01-02,2020-01-01T18:30:00.000Z,2020-01-02T12:01:04.306Z,2020-01-02T12:01:04.306Z,0,3.36,02-Jan-2020,
381,5e0f2ce2bb6d66000843a189,UJAAS,EQ,N,4.05,3.2,3.25,3.85,4.0,3.4,539645,1974456.95,8.5,2.75,485,INE899L01022,2020-01-03,2020-01-02T18:30:00.000Z,2020-01-03T12:00:34.260Z,2020-01-03T12:00:34.260Z,0,3.66,03-Jan-2020,
382,5e132162ab77820008ef13ea,UJAAS,EQ,N,4.6,3.9,4.25,4.6,4.6,3.85,1326418,5884358.0,8.5,2.75,1364,INE899L01022,2020-01-06,2020-01-05T18:30:00.000Z,2020-01-06T12:00:34.294Z,2020-01-06T12:00:34.294Z,0,4.44,06-Jan-2020,
383,5e1472e409e5d5000818f54e,UJAAS,EQ,N,5.05,4.7,5.0,5.05,5.05,4.6,2920013,14550886.9,8.5,2.75,2319,INE899L01022,2020-01-07,2020-01-06T18:30:00.000Z,2020-01-07T12:00:36.366Z,2020-01-07T12:00:36.366Z,0,4.98,07-Jan-2020,
384,5e15c480a5900600085788c3,UJAAS,EQ,N,5.55,4.55,5.1,5.55,5.55,5.05,3417261,18297407.7,8.5,2.75,2178,INE899L01022,2020-01-08,2020-01-07T18:30:00.000Z,2020-01-08T12:01:04.386Z,2020-01-08T12:01:04.386Z,0,5.35,08-Jan-2020,
385,5e1715e158fadb000853b42a,UJAAS,EQ,N,6.1,5.8,5.9,6.1,6.1,5.55,1674350,10164020.6,8.5,2.75,1285,INE899L01022,2020-01-09,2020-01-08T18:30:00.000Z,2020-01-09T12:00:33.535Z,2020-01-09T12:00:33.535Z,0,6.07,09-Jan-2020,
386,5e1867808ce1e8000862920f,UJAAS,EQ,N,6.4,5.8,6.4,5.8,5.8,6.1,3319304,20098079.1,8.5,2.75,3117,INE899L01022,2020-01-10,2020-01-09T18:30:00.000Z,2020-01-10T12:01:04.451Z,2020-01-10T12:01:04.451Z,0,6.05,10-Jan-2020,
387,5e1c5be31810e200086e1136,UJAAS,EQ,N,5.55,5.55,5.55,5.55,5.55,5.8,62481,346769.55,8.5,2.75,181,INE899L01022,2020-01-13,2020-01-12T18:30:00.000Z,2020-01-13T12:00:35.027Z,2020-01-13T12:00:35.027Z,0,5.55,13-Jan-2020,
388,5e1dad80dcdcd40008fc0c80,UJAAS,EQ,N,5.3,5.3,5.3,5.3,5.3,5.55,23762,125938.6,8.5,2.75,94,INE899L01022,2020-01-14,2020-01-13T18:30:00.000Z,2020-01-14T12:01:04.199Z,2020-01-14T12:01:04.199Z,0,5.3,14-Jan-2020,
389,5e1efee423a9bc00085db616,UJAAS,EQ,N,5.05,5.05,5.05,5.05,5.05,5.3,31671,159938.55,8.5,2.75,95,INE899L01022,2020-01-15,2020-01-14T18:30:00.000Z,2020-01-15T12:00:36.747Z,2020-01-15T12:00:36.747Z,0,5.05,15-Jan-2020,
390,5e20507fa4665300085b9437,UJAAS,EQ,N,5.3,4.8,4.8,4.8,4.8,5.05,1508626,7481214.0,8.5,2.75,1285,INE899L01022,2020-01-16,2020-01-15T18:30:00.000Z,2020-01-16T12:01:03.888Z,2020-01-16T12:01:03.888Z,0,4.96,16-Jan-2020,
391,5e21a1e136099d0008e3d6e7,UJAAS,EQ,N,4.8,4.6,4.6,4.6,4.6,4.8,321286,1480173.15,8.5,2.75,325,INE899L01022,2020-01-17,2020-01-16T18:30:00.000Z,2020-01-17T12:00:33.981Z,2020-01-17T12:00:33.981Z,0,4.61,17-Jan-2020,
392,5db97b80a6d3830008cacd96,UJAAS,EQ,N,3.4,3.2,3.3,3.25,3.3,3.25,284432,936712.95,9.95,2.95,265,INE899L01022,2019-10-30,2019-10-29T18:30:00.000Z,2019-10-30T12:01:04.215Z,2019-10-30T12:01:04.215Z,0,3.29,30-Oct-2019,
393,5dbacd01865268000831c906,UJAAS,EQ,N,3.3,2.95,3.3,3.05,3.1,3.25,273699,861021.6,9.95,2.95,322,INE899L01022,2019-10-31,2019-10-30T18:30:00.000Z,2019-10-31T12:01:05.146Z,2019-10-31T12:01:05.146Z,0,3.15,31-Oct-2019,
394,5dbc1e802febd800088c5365,UJAAS,EQ,N,3.35,3.1,3.1,3.25,3.25,3.05,290506,944635.65,9.95,2.95,314,INE899L01022,2019-11-01,2019-10-31T18:30:00.000Z,2019-11-01T12:01:04.218Z,2019-11-01T12:01:04.218Z,0,3.25,01-Nov-2019,
395,5dc0130015a6300008524c40,UJAAS,EQ,N,3.45,3.25,3.3,3.3,3.3,3.25,396968,1338905.45,9.95,2.95,469,INE899L01022,2019-11-04,2019-11-03T18:30:00.000Z,2019-11-04T12:01:04.405Z,2019-11-04T12:01:04.405Z,0,3.37,04-Nov-2019,
396,5dc16480c2584d0008e75201,UJAAS,EQ,N,3.4,3.2,3.4,3.25,3.2,3.3,128940,423186.85,9.95,2.95,184,INE899L01022,2019-11-05,2019-11-04T18:30:00.000Z,2019-11-05T12:01:04.623Z,2019-11-05T12:01:04.623Z,0,3.28,05-Nov-2019,
397,5dc2b6001e6b7b00089390ef,UJAAS,EQ,N,3.3,3.2,3.2,3.25,3.25,3.25,48222,156099.05,9.95,2.95,133,INE899L01022,2019-11-06,2019-11-05T18:30:00.000Z,2019-11-06T12:01:04.365Z,2019-11-06T12:01:04.365Z,0,3.24,06-Nov-2019,
398,5dc40780149abc00089a2fe0,UJAAS,EQ,N,3.4,3.2,3.4,3.25,3.25,3.25,193397,629208.6,9.95,2.95,228,INE899L01022,2019-11-07,2019-11-06T18:30:00.000Z,2019-11-07T12:01:04.754Z,2019-11-07T12:01:04.754Z,0,3.25,07-Nov-2019,
399,5dc55900149abc00089a3957,UJAAS,EQ,N,3.35,3.15,3.35,3.25,3.25,3.25,235255,763821.4,9.95,2.95,189,INE899L01022,2019-11-08,2019-11-07T18:30:00.000Z,2019-11-08T12:01:04.446Z,2019-11-08T12:01:04.446Z,0,3.25,08-Nov-2019,
400,5dc94d80f9478700083608fc,UJAAS,EQ,N,3.3,3.1,3.15,3.2,3.25,3.25,53660,173133.75,9.95,2.95,134,INE899L01022,2019-11-11,2019-11-10T18:30:00.000Z,2019-11-11T12:01:04.218Z,2019-11-11T12:01:04.218Z,0,3.23,11-Nov-2019,
401,5dcbf07f09bcd50008069509,UJAAS,EQ,N,3.3,3.1,3.3,3.1,3.15,3.2,151536,485172.15,9.95,2.95,206,INE899L01022,2019-11-13,2019-11-12T18:30:00.000Z,2019-11-13T12:01:03.586Z,2019-11-13T12:01:03.586Z,0,3.2,13-Nov-2019,
402,5dcd4200149abc00089a4427,UJAAS,EQ,N,3.25,3.05,3.25,3.15,3.2,3.1,67803,212089.25,9.95,2.95,159,INE899L01022,2019-11-14,2019-11-13T18:30:00.000Z,2019-11-14T12:01:04.379Z,2019-11-14T12:01:04.379Z,0,3.13,14-Nov-2019,
403,5dce9380c788bb000842b362,UJAAS,EQ,N,3.5,3.05,3.25,3.3,3.25,3.15,388679,1262160.95,9.95,2.95,477,INE899L01022,2019-11-15,2019-11-14T18:30:00.000Z,2019-11-15T12:01:04.221Z,2019-11-15T12:01:04.221Z,0,3.25,15-Nov-2019,
404,5dd287e32711c60008ee2871,UJAAS,EQ,N,3.45,3.2,3.45,3.25,3.25,3.3,277455,910152.85,9.95,2.95,329,INE899L01022,2019-11-18,2019-11-17T18:30:00.000Z,2019-11-18T12:00:35.035Z,2019-11-18T12:00:35.035Z,0,3.28,18-Nov-2019,
405,5dd3d9623cf4f80008a02bc0,UJAAS,EQ,N,3.3,3.15,3.2,3.3,3.3,3.25,204661,664483.1,9.95,2.95,245,INE899L01022,2019-11-19,2019-11-18T18:30:00.000Z,2019-11-19T12:00:34.525Z,2019-11-19T12:00:34.525Z,0,3.25,19-Nov-2019,
406,5dd52ae276ea300008cbe5b5,UJAAS,EQ,N,3.4,3.2,3.3,3.25,3.25,3.3,164212,541788.15,9.95,2.95,242,INE899L01022,2019-11-20,2019-11-19T18:30:00.000Z,2019-11-20T12:00:34.407Z,2019-11-20T12:00:34.407Z,0,3.3,20-Nov-2019,
407,5dd67c7faed06f00082c5aca,UJAAS,EQ,N,3.45,3.2,3.2,3.25,3.2,3.25,363638,1206776.45,9.95,2.95,313,INE899L01022,2019-11-21,2019-11-20T18:30:00.000Z,2019-11-21T12:01:03.737Z,2019-11-21T12:01:03.737Z,0,3.32,21-Nov-2019,
408,5dd7cde1e393f400086fc946,UJAAS,EQ,N,3.35,3.15,3.35,3.25,3.3,3.25,151924,490612.0,9.95,2.95,162,INE899L01022,2019-11-22,2019-11-21T18:30:00.000Z,2019-11-22T12:00:33.776Z,2019-11-22T12:00:33.776Z,0,3.23,22-Nov-2019,
409,5ddbc2805b5f1e0008a2b4ba,UJAAS,EQ,N,3.3,3.05,3.2,3.15,3.2,3.25,629129,1957239.55,9.95,2.95,447,INE899L01022,2019-11-25,2019-11-24T18:30:00.000Z,2019-11-25T12:01:04.261Z,2019-11-25T12:01:04.261Z,0,3.11,25-Nov-2019,
410,5ddd1400ca03a80009b76058,UJAAS,EQ,N,3.25,3.1,3.15,3.2,3.2,3.15,185324,593638.65,9.95,2.95,296,INE899L01022,2019-11-26,2019-11-25T18:30:00.000Z,2019-11-26T12:01:04.424Z,2019-11-26T12:01:04.424Z,0,3.2,26-Nov-2019,
411,5dde6580640e900008bf9f74,UJAAS,EQ,N,3.25,3.15,3.2,3.15,3.25,3.2,114523,365914.9,9.95,2.95,208,INE899L01022,2019-11-27,2019-11-26T18:30:00.000Z,2019-11-27T12:01:04.031Z,2019-11-27T12:01:04.031Z,0,3.2,27-Nov-2019,
412,5ddfb700b2beec0008e353b4,UJAAS,EQ,N,3.25,3.15,3.2,3.2,3.25,3.15,110013,354331.9,9.95,2.95,200,INE899L01022,2019-11-28,2019-11-27T18:30:00.000Z,2019-11-28T12:01:04.280Z,2019-11-28T12:01:04.280Z,0,3.22,28-Nov-2019,
413,5de108624c2b410008804968,UJAAS,EQ,N,3.3,3.15,3.3,3.15,3.15,3.2,162291,521149.5,9.95,2.95,176,INE899L01022,2019-11-29,2019-11-28T18:30:00.000Z,2019-11-29T12:00:34.248Z,2019-11-29T12:00:34.248Z,0,3.21,29-Nov-2019,
414,5de4fd0006ab98000837895e,UJAAS,EQ,N,3.2,3.05,3.1,3.1,3.05,3.15,206359,640009.75,9.95,2.95,246,INE899L01022,2019-12-02,2019-12-01T18:30:00.000Z,2019-12-02T12:01:04.345Z,2019-12-02T12:01:04.345Z,0,3.1,02-Dec-2019,
415,5dfb2a99999fe80008e7ef91,UJAAS,EQ,N,3.15,3.05,3.15,3.1,3.05,3.1,133384,411745.45,9.95,2.95,121,INE899L01022,2019-12-03,2019-12-02T18:30:00.000Z,2019-12-19T07:45:29.466Z,2019-12-19T07:45:29.466Z,0,3.09,03-Dec-2019,
416,5de79fff640e900008bfd571,UJAAS,EQ,N,3.15,3.0,3.1,3.15,3.1,3.1,101291,311347.6,9.95,2.95,126,INE899L01022,2019-12-04,2019-12-03T18:30:00.000Z,2019-12-04T12:01:03.570Z,2019-12-04T12:01:03.570Z,0,3.07,04-Dec-2019,
417,5de8f16293ae890008a4aba0,UJAAS,EQ,N,3.1,2.95,3.1,3.0,3.05,3.15,233642,704907.5,9.95,2.95,271,INE899L01022,2019-12-05,2019-12-04T18:30:00.000Z,2019-12-05T12:00:34.319Z,2019-12-05T12:00:34.319Z,0,3.02,05-Dec-2019,
418,5dea4300643d80000872ca54,UJAAS,EQ,N,3.05,2.75,3.0,2.9,2.95,3.0,183431,536532.95,9.95,2.75,278,INE899L01022,2019-12-06,2019-12-05T18:30:00.000Z,2019-12-06T12:01:04.261Z,2019-12-06T12:01:04.261Z,0,2.92,06-Dec-2019,
419,5dee378088cd7d0008bf1eec,UJAAS,EQ,N,3.0,2.85,3.0,2.9,3.0,2.9,157833,456899.5,8.85,2.75,233,INE899L01022,2019-12-09,2019-12-08T18:30:00.000Z,2019-12-09T12:01:04.583Z,2019-12-09T12:01:04.583Z,0,2.89,09-Dec-2019,
