,_id,CH_SYMBOL,CH_SERIES,CH_MARKET_TYPE,CH_TRADE_HIGH_PRICE,CH_TRADE_LOW_PRICE,CH_OPENING_PRICE,CH_CLOSING_PRICE,CH_LAST_TRADED_PRICE,CH_PREVIOUS_CLS_PRICE,CH_TOT_TRADED_QTY,CH_TOT_TRADED_VAL,CH_52WEEK_HIGH_PRICE,CH_52WEEK_LOW_PRICE,CH_TOTAL_TRADES,CH_ISIN,CH_TIMESTAMP,TIMESTAMP,createdAt,updatedAt,__v,VWAP,mTIMESTAMP,CA,symChange
0,616eb37e2137b10008e72e5d,RTNINDIA,EQ,N,43.3,40.35,42.65,40.85,40.7,42.1,1524139,63795820.95,45.9,4.55,8902,INE834M01019,2021-10-19,2021-10-18T18:30:00.000Z,2021-10-19T12:01:02.649Z,2021-10-19T12:01:02.649Z,0,41.86,19-Oct-2021,,
1,61700bedffea140009a39f7d,RTNINDIA,EQ,N,42.2,39.6,41.75,40.8,40.7,40.85,1808650,73794993.05,45.9,4.55,8367,INE834M01019,2021-10-20,2021-10-19T18:30:00.000Z,2021-10-20T12:30:37.724Z,2021-10-20T12:30:37.724Z,0,40.8,20-Oct-2021,,
2,61715661facf5c0008bb162d,RTNINDIA,EQ,N,42.8,40.5,41.65,42.8,42.8,40.8,1547342,65313170.8,45.9,4.55,4187,INE834M01019,2021-10-21,2021-10-20T18:30:00.000Z,2021-10-21T12:00:33.915Z,2021-10-21T12:00:33.915Z,0,42.21,21-Oct-2021,,
3,6172a8042dc18f00080fe7b9,RTNINDIA,EQ,N,44.8,40.7,44.8,40.7,40.7,42.8,2588088,109598892.9,45.9,4.55,10168,INE834M01019,2021-10-22,2021-10-21T18:30:00.000Z,2021-10-22T12:01:08.889Z,2021-10-22T12:01:08.889Z,0,42.35,22-Oct-2021,,
4,61769c5cdb443b0008c8e4fe,RTNINDIA,EQ,N,42.7,38.8,40.6,42.05,42.6,40.7,3213966,130626304.05,45.9,4.55,11590,INE834M01019,2021-10-25,2021-10-24T18:30:00.000Z,2021-10-25T12:00:28.288Z,2021-10-25T12:00:28.288Z,0,40.64,25-Oct-2021,,
5,6177edff2ed3fb00087deb3b,RTNINDIA,EQ,N,44.15,40.0,42.1,40.75,40.65,42.05,3130864,130894001.6,45.9,4.55,10809,INE834M01019,2021-10-26,2021-10-25T18:30:00.000Z,2021-10-26T12:01:03.494Z,2021-10-26T12:01:03.494Z,0,41.81,26-Oct-2021,,
6,61793f847220a800093c67e4,RTNINDIA,EQ,N,42.4,40.35,41.3,41.2,41.2,40.75,1276974,52574893.35,45.9,4.55,6644,INE834M01019,2021-10-27,2021-10-26T18:30:00.000Z,2021-10-27T12:01:08.847Z,2021-10-27T12:01:08.847Z,0,41.17,27-Oct-2021,,
7,617a90e3b698860008b707b9,RTNINDIA,EQ,N,41.75,39.9,41.4,40.55,40.45,41.2,1024647,41437878.3,45.9,4.55,6537,INE834M01019,2021-10-28,2021-10-27T18:30:00.000Z,2021-10-28T12:00:35.188Z,2021-10-28T12:00:35.188Z,0,40.44,28-Oct-2021,,
8,6165790160745c00089376f5,RTNINDIA,EQ,N,45.9,43.8,45.9,44.0,44.3,46.1,1214552,53852831.05,45.9,4.55,5261,INE834M01019,2021-10-12,2021-10-11T18:30:00.000Z,2021-10-12T12:01:05.324Z,2021-10-12T12:01:05.324Z,0,44.34,12-Oct-2021,,
9,6166ca6773e7b000082590e2,RTNINDIA,EQ,N,45.5,42.4,45.5,42.65,42.75,44.0,1417326,61641006.95,45.9,4.55,8138,INE834M01019,2021-10-13,2021-10-12T18:30:00.000Z,2021-10-13T12:00:39.428Z,2021-10-13T12:00:39.428Z,0,43.49,13-Oct-2021,,
10,61681bfe03a7b2000873de69,RTNINDIA,EQ,N,43.9,42.55,43.75,42.75,42.7,42.65,963842,41538888.9,45.9,4.55,4987,INE834M01019,2021-10-14,2021-10-13T18:30:00.000Z,2021-10-14T12:01:02.924Z,2021-10-14T12:01:02.924Z,0,43.1,14-Oct-2021,,
11,616d61e481039a0008f76663,RTNINDIA,EQ,N,44.2,41.35,43.7,42.1,42.3,42.75,1198385,51370064.45,45.9,4.55,8615,INE834M01019,2021-10-18,2021-10-17T18:30:00.000Z,2021-10-18T12:00:36.360Z,2021-10-18T12:00:36.360Z,0,42.87,18-Oct-2021,,
12,616eb37e2137b10008e72e5d,RTNINDIA,EQ,N,43.3,40.35,42.65,40.85,40.7,42.1,1524139,63795820.95,45.9,4.55,8902,INE834M01019,2021-10-19,2021-10-18T18:30:00.000Z,2021-10-19T12:01:02.649Z,2021-10-19T12:01:02.649Z,0,41.86,19-Oct-2021,,
13,609bc37ec132690009efff2c,RTNINDIA,EQ,N,13.5,12.55,13.5,13.5,13.5,12.9,6567952,87947496.8,13.5,4.55,3412,INE834M01019,2021-05-12,2021-05-11T18:30:00.000Z,2021-05-12T12:01:02.975Z,2021-05-12T12:01:02.975Z,0,13.39,12-May-2021,,
14,609e667f885aee00088f46f3,RTNINDIA,EQ,N,14.15,13.15,14.15,14.15,14.15,13.5,3733564,52432890.45,14.15,4.55,4602,INE834M01019,2021-05-14,2021-05-13T18:30:00.000Z,2021-05-14T12:01:03.410Z,2021-05-14T12:01:03.410Z,0,14.04,14-May-2021,,
15,60a25afe4e61470008bbedb9,RTNINDIA,EQ,N,14.85,14.15,14.85,14.85,14.85,14.15,3745785,55474690.65,14.85,4.55,3598,INE834M01019,2021-05-17,2021-05-16T18:30:00.000Z,2021-05-17T12:01:02.634Z,2021-05-17T12:01:02.634Z,0,14.81,17-May-2021,,
16,60a3ac7ebcb6750008860e69,RTNINDIA,EQ,N,15.55,15.4,15.55,15.55,15.55,14.85,1174101,18251449.35,15.55,4.55,1059,INE834M01019,2021-05-18,2021-05-17T18:30:00.000Z,2021-05-18T12:01:02.427Z,2021-05-18T12:01:02.427Z,0,15.55,18-May-2021,,
17,60a4fdff1247b900089e3828,RTNINDIA,EQ,N,16.3,16.3,16.3,16.3,16.3,15.55,220199,3589243.7,16.3,4.55,219,INE834M01019,2021-05-19,2021-05-18T18:30:00.000Z,2021-05-19T12:01:03.342Z,2021-05-19T12:01:03.342Z,0,16.3,19-May-2021,,
18,60a64f7f9a1015000919d13d,RTNINDIA,EQ,N,17.1,17.1,17.1,17.1,17.1,16.3,168220,2876562.0,17.1,4.55,197,INE834M01019,2021-05-20,2021-05-19T18:30:00.000Z,2021-05-20T12:01:03.236Z,2021-05-20T12:01:03.236Z,0,17.1,20-May-2021,,
19,60a7a0e0c7277a00086e3766,RTNINDIA,EQ,N,17.95,17.0,17.95,17.95,17.95,17.1,4264042,76155983.55,17.95,4.55,3158,INE834M01019,2021-05-21,2021-05-20T18:30:00.000Z,2021-05-21T12:00:32.574Z,2021-05-21T12:00:32.574Z,0,17.86,21-May-2021,,
20,60ab957f03728a0009a358f8,RTNINDIA,EQ,N,18.8,18.8,18.8,18.8,18.8,17.95,89466,1681960.8,18.8,4.55,186,INE834M01019,2021-05-24,2021-05-23T18:30:00.000Z,2021-05-24T12:01:03.148Z,2021-05-24T12:01:03.148Z,0,18.8,24-May-2021,,
21,60ace6fe3e1c550008766982,RTNINDIA,EQ,N,19.7,17.9,19.7,17.9,17.9,18.8,13975850,263677394.9,19.7,4.55,12206,INE834M01019,2021-05-25,2021-05-24T18:30:00.000Z,2021-05-25T12:01:02.437Z,2021-05-25T12:01:02.437Z,0,18.87,25-May-2021,,
22,60ae3881e53e1c0008d9103d,RTNINDIA,EQ,N,17.9,17.05,17.1,17.05,17.05,17.9,4493078,77304487.95,19.7,4.55,4752,INE834M01019,2021-05-26,2021-05-25T18:30:00.000Z,2021-05-26T12:01:05.758Z,2021-05-26T12:01:05.758Z,0,17.21,26-May-2021,,
23,60af89e423db9e0008efd0d6,RTNINDIA,EQ,N,17.3,16.2,16.7,16.3,16.2,17.05,8896968,145906684.45,19.7,4.55,6716,INE834M01019,2021-05-27,2021-05-26T18:30:00.000Z,2021-05-27T12:00:36.683Z,2021-05-27T12:00:36.683Z,0,16.4,27-May-2021,,
24,60b0db82ecad4f000864427d,RTNINDIA,EQ,N,17.0,15.5,15.8,16.25,17.0,16.3,7440203,119021533.45,19.7,4.55,7073,INE834M01019,2021-05-28,2021-05-27T18:30:00.000Z,2021-05-28T12:01:06.719Z,2021-05-28T12:01:06.719Z,0,16.0,28-May-2021,,
25,60b4cffe99942d0008df0741,RTNINDIA,EQ,N,17.05,17.05,17.05,17.05,17.05,16.25,362793,6185620.65,19.7,4.55,364,INE834M01019,2021-05-31,2021-05-30T18:30:00.000Z,2021-05-31T12:01:02.939Z,2021-05-31T12:01:02.939Z,0,17.05,31-May-2021,,
26,60b6217f1746750008d2b1e3,RTNINDIA,EQ,N,17.9,17.9,17.9,17.9,17.9,17.05,304874,5457244.6,19.7,4.55,266,INE834M01019,2021-06-01,2021-05-31T18:30:00.000Z,2021-06-01T12:01:03.357Z,2021-06-01T12:01:03.357Z,0,17.9,01-Jun-2021,,
27,60b772e3174675000806dfce,RTNINDIA,EQ,N,18.75,18.75,18.75,18.75,18.75,17.9,160776,3014550.0,19.7,4.55,261,INE834M01019,2021-06-02,2021-06-01T18:30:00.000Z,2021-06-02T12:00:35.974Z,2021-06-02T12:00:35.974Z,0,18.75,02-Jun-2021,,
28,60b8c47ef1e4290008f83976,RTNINDIA,EQ,N,19.65,19.65,19.65,19.65,19.65,18.75,216846,4261023.9,19.7,4.55,283,INE834M01019,2021-06-03,2021-06-02T18:30:00.000Z,2021-06-03T12:01:02.698Z,2021-06-03T12:01:02.698Z,0,19.65,03-Jun-2021,,
29,60ba15e2fd6cfd0008ece3d9,RTNINDIA,EQ,N,20.6,19.0,20.6,20.6,20.6,19.65,8431374,170892077.3,20.6,4.55,7332,INE834M01019,2021-06-04,2021-06-03T18:30:00.000Z,2021-06-04T12:00:34.687Z,2021-06-04T12:00:34.687Z,0,20.27,04-Jun-2021,,
30,60be0a64e54865000822a275,RTNINDIA,EQ,N,21.6,21.6,21.6,21.6,21.6,20.6,125272,2705875.2,21.6,4.55,261,INE834M01019,2021-06-07,2021-06-06T18:30:00.000Z,2021-06-07T12:00:36.618Z,2021-06-07T12:00:36.618Z,0,21.6,07-Jun-2021,,
31,60bf5be3d2265400080d7f62,RTNINDIA,EQ,N,22.65,21.6,22.65,22.65,22.65,21.6,3942355,88407987.25,22.65,4.55,4105,INE834M01019,2021-06-08,2021-06-07T18:30:00.000Z,2021-06-08T12:00:35.087Z,2021-06-08T12:00:35.087Z,0,22.43,08-Jun-2021,,
32,606afbe350e7c50009ea5b51,RTNINFRA,EQ,N,5.15,4.75,5.0,4.75,4.75,4.95,2780761,13582760.5,11.35,4.7,1664,INE834M01019,2021-04-05,2021-04-04T18:30:00.000Z,2021-04-05T12:00:35.658Z,2021-04-05T12:00:35.658Z,0,4.88,05-Apr-2021,,
33,606c4d80e414300008c05ba1,RTNINFRA,EQ,N,4.95,4.55,4.75,4.95,4.95,4.75,5973750,29204567.4,11.35,4.55,1262,INE834M01019,2021-04-06,2021-04-05T18:30:00.000Z,2021-04-06T12:01:04.770Z,2021-04-06T12:01:04.770Z,0,4.89,06-Apr-2021,,
34,606d9ee4a5b3e50008f950c6,RTNINDIA,EQ,N,5.15,5.15,5.15,5.15,5.15,4.95,108937,561025.55,11.35,4.55,142,INE834M01019,2021-04-07,2021-04-06T18:30:00.000Z,2021-04-07T12:00:36.445Z,2021-04-07T12:00:36.445Z,0,5.15,07-Apr-2021,, Symbol changed to RTNINDIA. Company name changed to RATTANINDIA ENTERPRISES LIMITED.
35,606ef07fee0ef7000821bc1b,RTNINDIA,EQ,N,5.4,5.4,5.4,5.4,5.4,5.15,136009,734448.6,11.35,4.55,102,INE834M01019,2021-04-08,2021-04-07T18:30:00.000Z,2021-04-08T12:01:03.076Z,2021-04-08T12:01:03.076Z,0,5.4,08-Apr-2021,,
36,607041e4b4027f000988510e,RTNINDIA,EQ,N,5.65,5.65,5.65,5.65,5.65,5.4,122492,692079.8,11.35,4.55,117,INE834M01019,2021-04-09,2021-04-08T18:30:00.000Z,2021-04-09T12:00:36.147Z,2021-04-09T12:00:36.147Z,0,5.65,09-Apr-2021,,
37,6074367e905dbc000815865a,RTNINDIA,EQ,N,5.9,5.9,5.9,5.9,5.9,5.65,395276,2332128.4,11.35,4.55,165,INE834M01019,2021-04-12,2021-04-11T18:30:00.000Z,2021-04-12T12:01:02.790Z,2021-04-12T12:01:02.790Z,0,5.9,12-Apr-2021,,
38,607587e4a1a6020009d61a76,RTNINDIA,EQ,N,6.15,6.15,6.15,6.15,6.15,5.9,48044,295470.6,11.35,4.55,60,INE834M01019,2021-04-13,2021-04-12T18:30:00.000Z,2021-04-13T12:00:36.291Z,2021-04-13T12:00:36.291Z,0,6.15,13-Apr-2021,,
39,60782ae3b4027f000990b5f4,RTNINDIA,EQ,N,6.45,6.45,6.45,6.45,6.45,6.15,3266671,21070027.95,11.35,4.55,316,INE834M01019,2021-04-15,2021-04-14T18:30:00.000Z,2021-04-15T12:00:35.726Z,2021-04-15T12:00:35.726Z,0,6.45,15-Apr-2021,,
40,60797c7e06a23a00086a10e7,RTNINDIA,EQ,N,6.75,6.4,6.75,6.75,6.75,6.45,3223357,21664143.9,11.35,4.55,896,INE834M01019,2021-04-16,2021-04-15T18:30:00.000Z,2021-04-16T12:01:02.835Z,2021-04-16T12:01:02.835Z,0,6.72,16-Apr-2021,,
41,607d70e332a7350008fd3abc,RTNINDIA,EQ,N,7.05,7.0,7.05,7.05,7.05,6.75,1115631,7862507.75,11.35,4.55,280,INE834M01019,2021-04-19,2021-04-18T18:30:00.000Z,2021-04-19T12:00:35.364Z,2021-04-19T12:00:35.364Z,0,7.05,19-Apr-2021,,
42,607ec27e28c94600080bc709,RTNINDIA,EQ,N,7.4,7.4,7.4,7.4,7.4,7.05,217454,1609159.6,11.35,4.55,152,INE834M01019,2021-04-20,2021-04-19T18:30:00.000Z,2021-04-20T12:01:02.942Z,2021-04-20T12:01:02.942Z,0,7.4,20-Apr-2021,,
43,6081657e3641bb0008a8fb87,RTNINDIA,EQ,N,7.75,7.75,7.75,7.75,7.75,7.4,205982,1596360.5,11.35,4.55,127,INE834M01019,2021-04-22,2021-04-21T18:30:00.000Z,2021-04-22T12:01:02.882Z,2021-04-22T12:01:02.882Z,0,7.75,22-Apr-2021,,
44,6082b6e26140660008b5b01f,RTNINDIA,EQ,N,8.1,8.1,8.1,8.1,8.1,7.75,218866,1772814.6,11.35,4.55,136,INE834M01019,2021-04-23,2021-04-22T18:30:00.000Z,2021-04-23T12:00:35.022Z,2021-04-23T12:00:35.022Z,0,8.1,23-Apr-2021,,
45,6088066180572900081c8c6b,RTNINDIA,EQ,N,8.5,7.95,8.5,8.5,8.5,8.1,3721666,31374862.5,11.35,4.55,763,INE834M01019,2021-04-26,2021-04-25T18:30:00.000Z,2021-04-27T12:41:05.790Z,2021-04-27T12:41:05.790Z,0,8.43,26-Apr-2021,,
46,6088069dccdda4000887d5ce,RTNINDIA,EQ,N,8.9,8.9,8.9,8.9,8.9,8.5,1277374,11368628.6,11.35,4.55,328,INE834M01019,2021-04-27,2021-04-26T18:30:00.000Z,2021-04-27T12:42:05.765Z,2021-04-27T12:42:05.765Z,0,8.9,27-Apr-2021,,
47,60894e6306a23a0008579332,RTNINDIA,EQ,N,9.3,8.55,9.15,9.3,9.3,8.9,3096734,28455312.3,11.35,4.55,1360,INE834M01019,2021-04-28,2021-04-27T18:30:00.000Z,2021-04-28T12:00:35.440Z,2021-04-28T12:00:35.440Z,0,9.19,28-Apr-2021,,
48,608aa004fc34330008f83878,RTNINDIA,EQ,N,9.75,9.75,9.75,9.75,9.75,9.3,869959,8482100.25,11.35,4.55,182,INE834M01019,2021-04-29,2021-04-28T18:30:00.000Z,2021-04-29T12:01:08.791Z,2021-04-29T12:01:08.791Z,0,9.75,29-Apr-2021,,
49,608bf18246f86b00096b141e,RTNINDIA,EQ,N,10.2,10.2,10.2,10.2,10.2,9.75,362740,3699948.0,11.35,4.55,218,INE834M01019,2021-04-30,2021-04-29T18:30:00.000Z,2021-04-30T12:01:06.851Z,2021-04-30T12:01:06.851Z,0,10.2,30-Apr-2021,,
50,608fe5ffc881750008a9fdf0,RTNINDIA,EQ,N,10.7,10.7,10.7,10.7,10.7,10.2,156641,1676058.7,11.35,4.55,169,INE834M01019,2021-05-03,2021-05-02T18:30:00.000Z,2021-05-03T12:01:03.165Z,2021-05-03T12:01:03.165Z,0,10.7,03-May-2021,,
51,6091377e45df9f0008e93dcb,RTNINDIA,EQ,N,11.2,11.2,11.2,11.2,11.2,10.7,453983,5084609.6,11.35,4.55,231,INE834M01019,2021-05-04,2021-05-03T18:30:00.000Z,2021-05-04T12:01:03.017Z,2021-05-04T12:01:03.017Z,0,11.2,04-May-2021,,
52,609288e6c13269000942c13c,RTNINDIA,EQ,N,11.75,10.65,11.75,11.55,11.75,11.2,15687515,177646447.05,11.75,4.55,11592,INE834M01019,2021-05-05,2021-05-04T18:30:00.000Z,2021-05-05T12:00:38.205Z,2021-05-05T12:00:38.205Z,0,11.32,05-May-2021,,
53,6093da7ea51b5b0008e13e46,RTNINDIA,EQ,N,12.0,11.0,11.75,11.2,11.1,11.55,4861447,56240023.1,12.0,4.55,4557,INE834M01019,2021-05-06,2021-05-05T18:30:00.000Z,2021-05-06T12:01:02.673Z,2021-05-06T12:01:02.673Z,0,11.57,06-May-2021,,
54,60952be158429e0008542210,RTNINDIA,EQ,N,11.75,10.9,10.9,11.75,11.75,11.2,2100690,23939360.6,12.0,4.55,2049,INE834M01019,2021-05-07,2021-05-06T18:30:00.000Z,2021-05-07T12:00:33.305Z,2021-05-07T12:00:33.305Z,0,11.4,07-May-2021,,
55,6099206628330700080ff92c,RTNINDIA,EQ,N,12.3,12.3,12.3,12.3,12.3,11.75,276916,3406066.8,12.3,4.55,355,INE834M01019,2021-05-10,2021-05-09T18:30:00.000Z,2021-05-10T12:00:38.616Z,2021-05-10T12:00:38.616Z,0,12.3,10-May-2021,,
56,609a71fe45df9f0008b76a81,RTNINDIA,EQ,N,12.9,12.35,12.9,12.9,12.9,12.3,1876459,24098447.2,12.9,4.55,1150,INE834M01019,2021-05-11,2021-05-10T18:30:00.000Z,2021-05-11T12:01:02.977Z,2021-05-11T12:01:02.977Z,0,12.84,11-May-2021,,
57,609bc37ec132690009efff2c,RTNINDIA,EQ,N,13.5,12.55,13.5,13.5,13.5,12.9,6567952,87947496.8,13.5,4.55,3412,INE834M01019,2021-05-12,2021-05-11T18:30:00.000Z,2021-05-12T12:01:02.975Z,2021-05-12T12:01:02.975Z,0,13.39,12-May-2021,,
58,60339ce41fa56800082f6988,RTNINFRA,EQ,N,7.05,6.35,6.8,6.7,6.75,6.9,393850,2630271.3,11.35,2.3,624,INE834M01019,2021-02-22,2021-02-21T18:30:00.000Z,2021-02-22T12:00:36.081Z,2021-02-22T12:00:36.081Z,0,6.68,22-Feb-2021,,
59,6034ee5ff2cc16000922587e,RTNINFRA,EQ,N,6.95,6.65,6.85,6.7,6.7,6.7,247588,1668594.5,11.35,2.3,516,INE834M01019,2021-02-23,2021-02-22T18:30:00.000Z,2021-02-23T12:00:31.979Z,2021-02-23T12:00:31.979Z,0,6.74,23-Feb-2021,,
60,60365c98c65ab700086bb733,RTNINFRA,EQ,N,6.9,6.55,6.65,6.65,6.65,6.7,198818,1341114.4,11.35,2.3,354,INE834M01019,2021-02-24,2021-02-23T18:30:00.000Z,2021-02-24T14:03:04.847Z,2021-02-24T14:03:04.847Z,0,6.75,24-Feb-2021,,
61,60379181d3429100084f4797,RTNINFRA,EQ,N,6.8,6.4,6.65,6.65,6.65,6.65,506175,3373185.85,11.35,2.3,764,INE834M01019,2021-02-25,2021-02-24T18:30:00.000Z,2021-02-25T12:01:05.825Z,2021-02-25T12:01:05.825Z,0,6.66,25-Feb-2021,,
62,6038e30148a71b000890c2af,RTNINFRA,EQ,N,6.7,6.2,6.6,6.45,6.45,6.65,443545,2857132.3,11.35,2.3,812,INE834M01019,2021-02-26,2021-02-25T18:30:00.000Z,2021-02-26T12:01:05.387Z,2021-02-26T12:01:05.387Z,0,6.44,26-Feb-2021,,
63,603cd784d342910008d7e82f,RTNINFRA,EQ,N,6.75,6.45,6.75,6.65,6.7,6.45,352967,2314143.4,11.35,2.3,558,INE834M01019,2021-03-01,2021-02-28T18:30:00.000Z,2021-03-01T12:01:08.546Z,2021-03-01T12:01:08.546Z,0,6.56,01-Mar-2021,,
64,603e2900e88009000870f998,RTNINFRA,EQ,N,6.8,6.55,6.75,6.6,6.65,6.65,377912,2529588.15,11.35,2.3,612,INE834M01019,2021-03-02,2021-03-01T18:30:00.000Z,2021-03-02T12:01:04.690Z,2021-03-02T12:01:04.690Z,0,6.69,02-Mar-2021,,
65,603f7a5e60e1740008d812d6,RTNINFRA,EQ,N,6.9,6.65,6.75,6.7,6.7,6.6,556259,3755844.1,11.35,2.3,674,INE834M01019,2021-03-03,2021-03-02T18:30:00.000Z,2021-03-03T12:00:30.267Z,2021-03-03T12:00:30.267Z,0,6.75,03-Mar-2021,,
66,6040cc00f782e80008e6417e,RTNINFRA,EQ,N,6.75,6.55,6.75,6.6,6.6,6.7,315116,2081786.75,11.35,2.3,609,INE834M01019,2021-03-04,2021-03-03T18:30:00.000Z,2021-03-04T12:01:04.700Z,2021-03-04T12:01:04.700Z,0,6.61,04-Mar-2021,,
67,60421d81f87f7d00085f30f8,RTNINFRA,EQ,N,6.7,6.5,6.7,6.55,6.55,6.6,281249,1854565.55,11.35,2.3,508,INE834M01019,2021-03-05,2021-03-04T18:30:00.000Z,2021-03-05T12:01:05.361Z,2021-03-05T12:01:05.361Z,0,6.59,05-Mar-2021,,
68,60461207f782e800082f9736,RTNINFRA,EQ,N,6.65,6.3,6.55,6.4,6.45,6.55,674270,4366607.9,11.35,2.3,660,INE834M01019,2021-03-08,2021-03-07T18:30:00.000Z,2021-03-08T12:01:11.512Z,2021-03-08T12:01:11.512Z,0,6.48,08-Mar-2021,,
69,604763651869d100087596f2,RTNINFRA,EQ,N,6.55,6.3,6.3,6.4,6.4,6.4,253952,1630726.0,11.35,2.3,643,INE834M01019,2021-03-09,2021-03-08T18:30:00.000Z,2021-03-09T12:00:37.304Z,2021-03-09T12:00:37.304Z,0,6.42,09-Mar-2021,,
70,6048b4e3b02c4600080fd4a3,RTNINFRA,EQ,N,6.5,6.35,6.5,6.4,6.35,6.4,257196,1646884.2,11.35,2.3,339,INE834M01019,2021-03-10,2021-03-09T18:30:00.000Z,2021-03-10T12:00:35.319Z,2021-03-10T12:00:35.319Z,0,6.4,10-Mar-2021,,
71,604b57dd72247e0008e056e2,RTNINFRA,EQ,N,7.0,6.35,6.35,6.7,6.65,6.4,1811949,12326157.4,11.35,2.3,1268,INE834M01019,2021-03-12,2021-03-11T18:30:00.000Z,2021-03-12T12:00:29.754Z,2021-03-12T12:00:29.754Z,0,6.8,12-Mar-2021,,
72,604f4c81c00cd50008250021,RTNINFRA,EQ,N,6.9,6.4,6.9,6.45,6.5,6.7,623700,4132713.7,11.35,2.35,785,INE834M01019,2021-03-15,2021-03-14T18:30:00.000Z,2021-03-15T12:01:05.397Z,2021-03-15T12:01:05.397Z,0,6.63,15-Mar-2021,,
73,60509de36ad8c20008652829,RTNINFRA,EQ,N,6.6,6.4,6.6,6.5,6.5,6.45,153516,997620.2,11.35,2.35,352,INE834M01019,2021-03-16,2021-03-15T18:30:00.000Z,2021-03-16T12:00:35.206Z,2021-03-16T12:00:35.206Z,0,6.5,16-Mar-2021,,
74,6051ef68e9990500087f3cce,RTNINFRA,EQ,N,6.6,6.1,6.6,6.2,6.25,6.5,209050,1330611.45,11.35,2.35,488,INE834M01019,2021-03-17,2021-03-16T18:30:00.000Z,2021-03-17T12:00:40.647Z,2021-03-17T12:00:40.647Z,0,6.37,17-Mar-2021,,
75,605340e417e26700093f1120,RTNINFRA,EQ,N,6.5,5.6,6.3,5.9,5.9,6.2,484907,2922760.45,11.35,2.35,11927,INE834M01019,2021-03-18,2021-03-17T18:30:00.000Z,2021-03-18T12:00:36.401Z,2021-03-18T12:00:36.401Z,0,6.03,18-Mar-2021,,
76,605492836bba56000820a583,RTNINFRA,EQ,N,6.35,5.45,6.0,6.1,6.15,5.9,848526,5177996.7,11.35,2.35,905,INE834M01019,2021-03-19,2021-03-18T18:30:00.000Z,2021-03-19T12:01:07.194Z,2021-03-19T12:01:07.194Z,0,6.1,19-Mar-2021,,
77,60588701022baa00098a80e8,RTNINFRA,EQ,N,6.7,6.1,6.35,6.3,6.3,6.1,1416128,9084780.75,11.35,2.35,2197,INE834M01019,2021-03-22,2021-03-21T18:30:00.000Z,2021-03-22T12:01:05.714Z,2021-03-22T12:01:05.714Z,0,6.42,22-Mar-2021,,
78,6059d8656bba5600089579aa,RTNINFRA,EQ,N,6.9,6.3,6.6,6.9,6.9,6.3,1394572,9233594.2,11.35,2.35,2812,INE834M01019,2021-03-23,2021-03-22T18:30:00.000Z,2021-03-23T12:00:37.297Z,2021-03-23T12:00:37.297Z,0,6.62,23-Mar-2021,,
79,605b2a0196d7ff000815d8eb,RTNINFRA,EQ,N,7.55,6.25,7.0,6.35,6.4,6.9,5638857,38077603.75,11.35,2.35,3941,INE834M01019,2021-03-24,2021-03-23T18:30:00.000Z,2021-03-24T12:01:05.302Z,2021-03-24T12:01:05.302Z,0,6.75,24-Mar-2021,,
80,605c7b641eb5f20008a439ba,RTNINFRA,EQ,N,6.7,5.75,6.45,5.75,5.75,6.35,1735459,10319764.6,11.35,2.35,1635,INE834M01019,2021-03-25,2021-03-24T18:30:00.000Z,2021-03-25T12:00:36.412Z,2021-03-25T12:00:36.412Z,0,5.95,25-Mar-2021,,
81,605dcce5ba1816000875fd36,RTNINFRA,EQ,N,6.0,5.2,5.85,5.2,5.2,5.75,3573364,19107723.85,11.35,2.35,2392,INE834M01019,2021-03-26,2021-03-25T18:30:00.000Z,2021-03-26T12:00:37.702Z,2021-03-26T12:00:37.702Z,0,5.35,26-Mar-2021,,
82,60631d90f5299b0008fe374f,RTNINFRA,EQ,N,5.45,4.85,5.3,4.9,4.9,5.2,2065051,10544544.4,11.35,2.6,2876,INE834M01019,2021-03-30,2021-03-29T18:30:00.000Z,2021-03-30T12:46:08.495Z,2021-03-30T12:46:08.495Z,0,5.11,30-Mar-2021,,
83,6064645e03368200081c2328,RTNINFRA,EQ,N,5.1,4.7,4.95,5.1,5.1,4.9,1158594,5741554.85,11.35,2.6,650,INE834M01019,2021-03-31,2021-03-30T18:30:00.000Z,2021-03-31T12:00:30.515Z,2021-03-31T12:00:30.515Z,0,4.96,31-Mar-2021,,
84,6065b5e513110000089f92de,RTNINFRA,EQ,N,5.35,4.85,5.35,4.95,4.85,5.1,3794677,19272599.7,11.35,2.6,2070,INE834M01019,2021-04-01,2021-03-31T18:30:00.000Z,2021-04-01T12:00:37.686Z,2021-04-01T12:00:37.686Z,0,5.08,01-Apr-2021,,
85,5ffd8f815a01880008025293,RTNINFRA,EQ,N,8.05,7.4,7.4,8.05,8.05,7.7,1079334,8534376.0,11.35,1.85,1017,INE834M01019,2021-01-12,2021-01-11T18:30:00.000Z,2021-01-12T12:01:05.246Z,2021-01-12T12:01:05.246Z,0,7.91,12-Jan-2021,,
86,5ffee0dec4dee300088ddbff,RTNINFRA,EQ,N,8.45,7.8,8.2,8.35,8.3,8.05,2574238,21398852.55,11.35,1.85,2422,INE834M01019,2021-01-13,2021-01-12T18:30:00.000Z,2021-01-13T12:00:30.779Z,2021-01-13T12:00:30.779Z,0,8.31,13-Jan-2021,,
87,600032816e104f0008e694aa,RTNINFRA,EQ,N,8.45,8.05,8.35,8.1,8.1,8.35,995548,8134613.7,11.35,1.85,922,INE834M01019,2021-01-14,2021-01-13T18:30:00.000Z,2021-01-14T12:01:05.361Z,2021-01-14T12:01:05.361Z,0,8.17,14-Jan-2021,,
88,600184005a018800081079b6,RTNINFRA,EQ,N,8.45,7.75,7.95,8.15,8.2,8.1,1212221,9957595.5,11.35,1.85,1060,INE834M01019,2021-01-15,2021-01-14T18:30:00.000Z,2021-01-15T12:01:04.808Z,2021-01-15T12:01:04.808Z,0,8.21,15-Jan-2021,,
89,600578812e3c9a000810f241,RTNINFRA,EQ,N,8.3,7.75,8.25,7.75,7.75,8.15,732942,5724457.3,11.35,1.9,701,INE834M01019,2021-01-18,2021-01-17T18:30:00.000Z,2021-01-18T12:01:05.578Z,2021-01-18T12:01:05.578Z,0,7.81,18-Jan-2021,,
90,6006c9e5f10a0d00083c555c,RTNINFRA,EQ,N,7.85,7.5,7.55,7.65,7.75,7.75,495317,3811215.7,11.35,1.9,822,INE834M01019,2021-01-19,2021-01-18T18:30:00.000Z,2021-01-19T12:00:37.818Z,2021-01-19T12:00:37.818Z,0,7.69,19-Jan-2021,,
91,60081b802c04b600088350e0,RTNINFRA,EQ,N,7.85,7.3,7.75,7.35,7.35,7.65,410900,3098029.5,11.35,1.9,628,INE834M01019,2021-01-20,2021-01-19T18:30:00.000Z,2021-01-20T12:01:04.459Z,2021-01-20T12:01:04.459Z,0,7.54,20-Jan-2021,,
92,60096cde741e2900081a1c57,RTNINFRA,EQ,N,7.45,7.0,7.3,7.05,7.05,7.35,646651,4634922.15,11.35,1.9,911,INE834M01019,2021-01-21,2021-01-20T18:30:00.000Z,2021-01-21T12:00:30.799Z,2021-01-21T12:00:30.799Z,0,7.17,21-Jan-2021,,
93,600abe658a4b290008ee2113,RTNINFRA,EQ,N,7.15,6.7,7.05,6.7,6.7,7.05,560439,3838144.0,11.35,1.9,814,INE834M01019,2021-01-22,2021-01-21T18:30:00.000Z,2021-01-22T12:00:37.546Z,2021-01-22T12:00:37.546Z,0,6.85,22-Jan-2021,,
94,600eb300c1e18e0008a4588e,RTNINFRA,EQ,N,6.85,6.4,6.6,6.5,6.5,6.7,781202,5098063.6,11.35,1.95,930,INE834M01019,2021-01-25,2021-01-24T18:30:00.000Z,2021-01-25T12:01:04.743Z,2021-01-25T12:01:04.743Z,0,6.53,25-Jan-2021,,
95,60115602c050380008a1daf4,RTNINFRA,EQ,N,6.8,6.4,6.6,6.8,6.8,6.5,376537,2514508.9,11.35,1.95,695,INE834M01019,2021-01-27,2021-01-26T18:30:00.000Z,2021-01-27T12:01:06.304Z,2021-01-27T12:01:06.304Z,0,6.68,27-Jan-2021,,
96,6012a765d24e050008e73644,RTNINFRA,EQ,N,7.1,6.7,7.05,7.05,7.1,6.8,339334,2369348.45,11.35,1.95,629,INE834M01019,2021-01-28,2021-01-27T18:30:00.000Z,2021-01-28T12:00:37.475Z,2021-01-28T12:00:37.475Z,0,6.98,28-Jan-2021,,
97,6013f90424068600082d2d5b,RTNINFRA,EQ,N,7.4,6.8,7.1,7.4,7.4,7.05,868382,6341186.15,11.35,1.95,612,INE834M01019,2021-01-29,2021-01-28T18:30:00.000Z,2021-01-29T12:01:08.776Z,2021-01-29T12:01:08.776Z,0,7.3,29-Jan-2021,,
98,6017ed64ceda9200080bd265,RTNINFRA,EQ,N,7.75,7.45,7.7,7.7,7.7,7.4,838985,6471406.65,11.35,2.0,1340,INE834M01019,2021-02-01,2021-01-31T18:30:00.000Z,2021-02-01T12:00:36.366Z,2021-02-01T12:00:36.366Z,0,7.71,01-Feb-2021,,
99,60193f0152a67400088a8166,RTNINFRA,EQ,N,8.0,7.35,8.0,7.35,7.35,7.7,884497,6600158.1,11.35,2.0,975,INE834M01019,2021-02-02,2021-02-01T18:30:00.000Z,2021-02-02T12:01:05.787Z,2021-02-02T12:01:05.787Z,0,7.46,02-Feb-2021,,
100,601a9065f98b220009a86d24,RTNINFRA,EQ,N,7.7,7.05,7.3,7.5,7.45,7.35,927979,6951658.6,11.35,2.0,1147,INE834M01019,2021-02-03,2021-02-02T18:30:00.000Z,2021-02-03T12:00:37.491Z,2021-02-03T12:00:37.491Z,0,7.49,03-Feb-2021,,
101,601be201f98b220009bd6516,RTNINFRA,EQ,N,7.85,7.35,7.55,7.6,7.55,7.5,1464829,11246577.15,11.35,2.0,1208,INE834M01019,2021-02-04,2021-02-03T18:30:00.000Z,2021-02-04T12:01:05.023Z,2021-02-04T12:01:05.023Z,0,7.68,04-Feb-2021,,
102,601d33631977d90008c02f3d,RTNINFRA,EQ,N,8.0,6.9,7.75,7.6,7.5,7.6,1912386,14157847.8,11.35,2.0,1918,INE834M01019,2021-02-05,2021-02-04T18:30:00.000Z,2021-02-05T12:00:35.406Z,2021-02-05T12:00:35.406Z,0,7.4,05-Feb-2021,,
103,602127e55959750008a8e3ce,RTNINFRA,EQ,N,7.75,7.3,7.6,7.45,7.4,7.6,392545,2952634.0,11.35,2.1,965,INE834M01019,2021-02-08,2021-02-07T18:30:00.000Z,2021-02-08T12:00:37.041Z,2021-02-08T12:00:37.041Z,0,7.52,08-Feb-2021,,
104,6022798185e3100008e2d2c2,RTNINFRA,EQ,N,7.55,7.1,7.55,7.15,7.15,7.45,473933,3478365.05,11.35,2.1,790,INE834M01019,2021-02-09,2021-02-08T18:30:00.000Z,2021-02-09T12:01:05.132Z,2021-02-09T12:01:05.132Z,0,7.34,09-Feb-2021,,
105,6023cb016d78280008e44902,RTNINFRA,EQ,N,7.3,6.8,7.1,6.95,6.95,7.15,995335,6956278.6,11.35,2.1,1036,INE834M01019,2021-02-10,2021-02-09T18:30:00.000Z,2021-02-10T12:01:05.055Z,2021-02-10T12:01:05.055Z,0,6.99,10-Feb-2021,,
106,60251c658160710008fa5c76,RTNINFRA,EQ,N,7.3,6.95,7.2,7.2,7.25,6.95,318966,2292942.5,11.35,2.1,526,INE834M01019,2021-02-11,2021-02-10T18:30:00.000Z,2021-02-11T12:00:37.652Z,2021-02-11T12:00:37.652Z,0,7.19,11-Feb-2021,,
107,60266de3e854190008018df8,RTNINFRA,EQ,N,7.6,7.2,7.25,7.25,7.25,7.2,506207,3748470.55,11.35,2.1,793,INE834M01019,2021-02-12,2021-02-11T18:30:00.000Z,2021-02-12T12:00:35.864Z,2021-02-12T12:00:35.864Z,0,7.41,12-Feb-2021,,
108,602a6264e85419000827ecb7,RTNINFRA,EQ,N,7.45,7.05,7.45,7.3,7.25,7.25,242859,1748942.1,11.35,2.2,576,INE834M01019,2021-02-15,2021-02-14T18:30:00.000Z,2021-02-15T12:00:36.915Z,2021-02-15T12:00:36.915Z,0,7.2,15-Feb-2021,,
109,602bb3de05368f0008dd788f,RTNINFRA,EQ,N,7.35,7.0,7.2,7.1,7.05,7.3,420799,2985802.7,11.35,2.2,697,INE834M01019,2021-02-16,2021-02-15T18:30:00.000Z,2021-02-16T12:00:30.808Z,2021-02-16T12:00:30.808Z,0,7.1,16-Feb-2021,,
110,602d0581e89593000836ae4e,RTNINFRA,EQ,N,7.3,6.9,7.05,7.1,7.1,7.1,428439,3039313.65,11.35,2.2,579,INE834M01019,2021-02-17,2021-02-16T18:30:00.000Z,2021-02-17T12:01:05.693Z,2021-02-17T12:01:05.693Z,0,7.09,17-Feb-2021,,
111,602e5701d8ba7c0008db1a62,RTNINFRA,EQ,N,7.2,6.95,7.2,7.05,7.1,7.1,348397,2454088.55,11.35,2.2,509,INE834M01019,2021-02-18,2021-02-17T18:30:00.000Z,2021-02-18T12:01:05.147Z,2021-02-18T12:01:05.147Z,0,7.04,18-Feb-2021,,
112,602fa85d6853780008318919,RTNINFRA,EQ,N,7.15,6.9,7.1,6.9,6.95,7.05,350290,2443165.1,11.35,2.2,543,INE834M01019,2021-02-19,2021-02-18T18:30:00.000Z,2021-02-19T12:00:29.862Z,2021-02-19T12:00:29.862Z,0,6.97,19-Feb-2021,,
113,5fc8d35efdaa170009fb62eb,RTNINFRA,EQ,N,6.05,5.75,5.75,6.0,6.05,5.8,447162,2668548.7,11.35,1.55,399,INE834M01019,2020-12-03,2020-12-02T18:30:00.000Z,2020-12-03T12:00:30.621Z,2020-12-03T12:00:30.621Z,0,5.97,03-Dec-2020,,
114,5fca24de01e21f0008b13d54,RTNINFRA,EQ,N,6.3,6.05,6.3,6.3,6.3,6.0,376998,2372904.05,11.35,1.55,343,INE834M01019,2020-12-04,2020-12-03T18:30:00.000Z,2020-12-04T12:00:30.143Z,2020-12-04T12:00:30.143Z,0,6.29,04-Dec-2020,,
115,5fce198222c8a50008e35101,RTNINFRA,EQ,N,6.6,6.5,6.5,6.6,6.6,6.3,223670,1474334.3,11.35,1.55,86,INE834M01019,2020-12-07,2020-12-06T18:30:00.000Z,2020-12-07T12:01:06.361Z,2020-12-07T12:01:06.361Z,0,6.59,07-Dec-2020,,
116,5fcf6b03ecc6400008d6edf5,RTNINFRA,EQ,N,6.9,6.6,6.9,6.8,6.8,6.6,752993,5167605.45,11.35,1.55,719,INE834M01019,2020-12-08,2020-12-07T18:30:00.000Z,2020-12-08T12:01:07.519Z,2020-12-08T12:01:07.519Z,0,6.86,08-Dec-2020,,
117,5fd0bc65ecc6400008d7dea2,RTNINFRA,EQ,N,7.1,6.7,6.95,6.75,6.75,6.8,430924,2958228.3,11.35,1.55,607,INE834M01019,2020-12-09,2020-12-08T18:30:00.000Z,2020-12-09T12:00:37.054Z,2020-12-09T12:00:37.054Z,0,6.86,09-Dec-2020,,
118,5fd20dddb459f90008433431,RTNINFRA,EQ,N,6.9,6.45,6.9,6.6,6.55,6.75,298046,1954495.8,11.35,1.55,420,INE834M01019,2020-12-10,2020-12-09T18:30:00.000Z,2020-12-10T12:00:29.717Z,2020-12-10T12:00:29.717Z,0,6.56,10-Dec-2020,,
119,5fd35f661714380008588282,RTNINFRA,EQ,N,6.55,6.3,6.4,6.3,6.4,6.6,901429,5750020.75,11.35,1.55,792,INE834M01019,2020-12-11,2020-12-10T18:30:00.000Z,2020-12-11T12:00:38.538Z,2020-12-11T12:00:38.538Z,0,6.38,11-Dec-2020,,
120,5fd754013141bc0008ee743d,RTNINFRA,EQ,N,6.6,6.15,6.45,6.6,6.6,6.3,423264,2733909.15,11.35,1.55,583,INE834M01019,2020-12-14,2020-12-13T18:30:00.000Z,2020-12-14T12:01:05.745Z,2020-12-14T12:01:05.745Z,0,6.46,14-Dec-2020,,
121,5fd8a564b459f90008465142,RTNINFRA,EQ,N,6.9,6.35,6.9,6.6,6.6,6.6,493342,3264241.75,11.35,1.55,620,INE834M01019,2020-12-15,2020-12-14T18:30:00.000Z,2020-12-15T12:00:36.524Z,2020-12-15T12:00:36.524Z,0,6.62,15-Dec-2020,,
122,5fd9f6e381abf7000814d395,RTNINFRA,EQ,N,6.9,6.65,6.75,6.9,6.9,6.6,239211,1636030.8,11.35,1.55,311,INE834M01019,2020-12-16,2020-12-15T18:30:00.000Z,2020-12-16T12:00:35.826Z,2020-12-16T12:00:35.826Z,0,6.84,16-Dec-2020,,
123,5fdb486417143800085c6e3a,RTNINFRA,EQ,N,7.2,6.85,7.2,7.15,7.15,6.9,1197221,8582738.2,11.35,1.55,995,INE834M01019,2020-12-17,2020-12-16T18:30:00.000Z,2020-12-17T12:00:36.869Z,2020-12-17T12:00:36.869Z,0,7.17,17-Dec-2020,,
124,5fdc9a0189ad550008138746,RTNINFRA,EQ,N,7.45,6.8,7.3,6.8,6.8,7.15,784505,5423661.8,11.35,1.55,864,INE834M01019,2020-12-18,2020-12-17T18:30:00.000Z,2020-12-18T12:01:05.456Z,2020-12-18T12:01:05.456Z,0,6.91,18-Dec-2020,,
125,5fe08e64fdf1090008bcd789,RTNINFRA,EQ,N,6.8,6.5,6.8,6.5,6.5,6.8,302235,1979878.3,11.35,1.65,434,INE834M01019,2020-12-21,2020-12-20T18:30:00.000Z,2020-12-21T12:00:36.309Z,2020-12-21T12:00:36.309Z,0,6.55,21-Dec-2020,,
126,5fe1dfe4652c6e000814a7ce,RTNINFRA,EQ,N,6.3,6.2,6.25,6.2,6.2,6.5,174018,1080521.8,11.35,1.65,224,INE834M01019,2020-12-22,2020-12-21T18:30:00.000Z,2020-12-22T12:00:36.994Z,2020-12-22T12:00:36.994Z,0,6.21,22-Dec-2020,,
127,5fe331670569620008dc402e,RTNINFRA,EQ,N,6.5,5.95,5.95,6.3,6.25,6.2,716531,4523567.85,11.35,1.65,809,INE834M01019,2020-12-23,2020-12-22T18:30:00.000Z,2020-12-23T12:00:39.774Z,2020-12-23T12:00:39.774Z,0,6.31,23-Dec-2020,,
128,5fe48300cca28d000877d392,RTNINFRA,EQ,N,6.6,6.3,6.3,6.6,6.6,6.3,301982,1984543.95,11.35,1.65,380,INE834M01019,2020-12-24,2020-12-23T18:30:00.000Z,2020-12-24T12:01:04.837Z,2020-12-24T12:01:04.837Z,0,6.57,24-Dec-2020,,
129,5fe9c8e6c94f580008f4f92f,RTNINFRA,EQ,N,6.9,6.65,6.75,6.85,6.8,6.6,361049,2463105.5,11.35,1.7,591,INE834M01019,2020-12-28,2020-12-27T18:30:00.000Z,2020-12-28T12:00:38.490Z,2020-12-28T12:00:38.490Z,0,6.82,28-Dec-2020,,
130,5feb1a5e0569620008e04bce,RTNINFRA,EQ,N,7.1,6.55,6.9,6.9,6.9,6.85,584814,3998882.05,11.35,1.7,814,INE834M01019,2020-12-29,2020-12-28T18:30:00.000Z,2020-12-29T12:00:30.116Z,2020-12-29T12:00:30.116Z,0,6.84,29-Dec-2020,,
131,5fec6c0165de43000891544c,RTNINFRA,EQ,N,7.1,6.75,6.95,6.9,6.95,6.9,462245,3184831.05,11.35,1.7,683,INE834M01019,2020-12-30,2020-12-29T18:30:00.000Z,2020-12-30T12:01:05.135Z,2020-12-30T12:01:05.135Z,0,6.89,30-Dec-2020,,
132,5fedbd8365de43000892381e,RTNINFRA,EQ,N,7.05,6.7,7.05,6.75,6.75,6.9,312819,2137953.8,11.35,1.7,696,INE834M01019,2020-12-31,2020-12-30T18:30:00.000Z,2020-12-31T12:01:07.121Z,2020-12-31T12:01:07.121Z,0,6.83,31-Dec-2020,,
133,5fef0ee665de4300089334c2,RTNINFRA,EQ,N,6.9,6.75,6.9,6.8,6.75,6.75,260294,1772370.7,11.35,1.7,636,INE834M01019,2021-01-01,2020-12-31T18:30:00.000Z,2021-01-01T12:00:38.020Z,2021-01-01T12:00:38.020Z,0,6.81,01-Jan-2021,,
134,5ff329012802680008932439,RTNINFRA,EQ,N,7.1,6.7,6.9,7.05,7.1,6.8,1001768,7036902.75,11.35,1.75,1394,INE834M01019,2021-01-04,2021-01-03T18:30:00.000Z,2021-01-04T14:41:05.598Z,2021-01-04T14:41:05.598Z,0,7.02,04-Jan-2021,,
135,5ff45fc9345f1a000885998e,RTNINFRA,EQ,N,7.4,6.8,7.2,7.4,7.4,7.05,1537169,11253726.75,11.35,1.75,1578,INE834M01019,2021-01-05,2021-01-04T18:30:00.000Z,2021-01-05T12:47:05.152Z,2021-01-05T12:47:05.152Z,0,7.32,05-Jan-2021,,
136,5ff5a68365de43000895fb09,RTNINFRA,EQ,N,7.75,7.45,7.6,7.75,7.75,7.4,705285,5449584.15,11.35,1.75,770,INE834M01019,2021-01-06,2021-01-05T18:30:00.000Z,2021-01-06T12:01:07.822Z,2021-01-06T12:01:07.822Z,0,7.73,06-Jan-2021,,
137,5ff6f7e4345f1a0008876c13,RTNINFRA,EQ,N,8.1,8.1,8.1,8.1,8.1,7.75,183945,1489954.5,11.35,1.75,207,INE834M01019,2021-01-07,2021-01-06T18:30:00.000Z,2021-01-07T12:00:36.301Z,2021-01-07T12:00:36.301Z,0,8.1,07-Jan-2021,,
138,5ff8496365de43000897d651,RTNINFRA,EQ,N,8.45,7.7,8.4,7.7,7.7,8.1,2405361,18886548.9,11.35,1.75,2086,INE834M01019,2021-01-08,2021-01-07T18:30:00.000Z,2021-01-08T12:00:35.943Z,2021-01-08T12:00:35.943Z,0,7.85,08-Jan-2021,,
139,5ffc3e017ddd690008b050fb,RTNINFRA,EQ,N,7.9,7.35,7.7,7.7,7.75,7.7,1547281,11706813.75,11.35,1.85,1465,INE834M01019,2021-01-11,2021-01-10T18:30:00.000Z,2021-01-11T12:01:05.734Z,2021-01-11T12:01:05.734Z,0,7.57,11-Jan-2021,,
140,5ffd8f815a01880008025293,RTNINFRA,EQ,N,8.05,7.4,7.4,8.05,8.05,7.7,1079334,8534376.0,11.35,1.85,1017,INE834M01019,2021-01-12,2021-01-11T18:30:00.000Z,2021-01-12T12:01:05.246Z,2021-01-12T12:01:05.246Z,0,7.91,12-Jan-2021,,
141,5f96ba656479130008a52a44,RTNINFRA,EQ,N,7.1,6.5,7.1,6.5,6.5,6.8,803761,5529710.7,11.35,1.25,619,INE834M01019,2020-10-26,2020-10-25T18:30:00.000Z,2020-10-26T12:00:37.858Z,2020-10-26T12:00:37.858Z,0,6.88,26-Oct-2020,,
142,5f980c012a17b100088d5d5c,RTNINFRA,EQ,N,6.45,6.2,6.2,6.2,6.2,6.5,624336,3879347.9,11.35,1.25,399,INE834M01019,2020-10-27,2020-10-26T18:30:00.000Z,2020-10-27T12:01:05.030Z,2020-10-27T12:01:05.030Z,0,6.21,27-Oct-2020,,
143,5f995d60022fa70008f8399e,RTNINFRA,EQ,N,6.3,5.9,6.2,6.2,6.2,6.2,594282,3620131.45,11.35,1.25,612,INE834M01019,2020-10-28,2020-10-27T18:30:00.000Z,2020-10-28T12:00:32.193Z,2020-10-28T12:00:32.193Z,0,6.09,28-Oct-2020,,
144,5f9aaee4022fa70008f8427d,RTNINFRA,EQ,N,6.5,6.05,6.2,6.5,6.5,6.2,449488,2890356.05,11.35,1.25,385,INE834M01019,2020-10-29,2020-10-28T18:30:00.000Z,2020-10-29T12:00:36.948Z,2020-10-29T12:00:36.948Z,0,6.43,29-Oct-2020,,
145,5f9c0064b6dbb5000825b405,RTNINFRA,EQ,N,6.8,6.35,6.7,6.8,6.8,6.5,387992,2583530.8,11.35,1.25,533,INE834M01019,2020-10-30,2020-10-29T18:30:00.000Z,2020-10-30T12:00:36.443Z,2020-10-30T12:00:36.443Z,0,6.66,30-Oct-2020,,
146,5f9ff50059ba9100086bd3f6,RTNINFRA,EQ,N,7.1,6.7,7.1,6.8,6.75,6.8,276523,1906874.3,11.35,1.4,496,INE834M01019,2020-11-02,2020-11-01T18:30:00.000Z,2020-11-02T12:01:04.743Z,2020-11-02T12:01:04.743Z,0,6.9,02-Nov-2020,,
147,5fa14666b6dbb5000825bde1,RTNINFRA,EQ,N,7.0,6.5,7.0,6.5,6.5,6.8,199823,1319644.15,11.35,1.4,345,INE834M01019,2020-11-03,2020-11-02T18:30:00.000Z,2020-11-03T12:00:38.059Z,2020-11-03T12:00:38.059Z,0,6.6,03-Nov-2020,,
148,5fa297e7022fa70008f85694,RTNINFRA,EQ,N,6.35,6.2,6.25,6.2,6.2,6.5,185575,1153317.15,11.35,1.4,257,INE834M01019,2020-11-04,2020-11-03T18:30:00.000Z,2020-11-04T12:00:39.405Z,2020-11-04T12:00:39.405Z,0,6.21,04-Nov-2020,,
149,5fa3e96574b667000811802d,RTNINFRA,EQ,N,6.45,6.0,6.1,6.15,6.1,6.2,165490,1029674.1,11.35,1.4,450,INE834M01019,2020-11-05,2020-11-04T18:30:00.000Z,2020-11-05T12:00:37.934Z,2020-11-05T12:00:37.934Z,0,6.22,05-Nov-2020,,
150,5fa53ae4e39d1b0009aa96e2,RTNINFRA,EQ,N,6.45,6.0,6.3,6.35,6.3,6.15,344686,2173187.4,11.35,1.4,420,INE834M01019,2020-11-06,2020-11-05T18:30:00.000Z,2020-11-06T12:00:36.474Z,2020-11-06T12:00:36.474Z,0,6.3,06-Nov-2020,,
151,5fa92f65022fa70008f865c7,RTNINFRA,EQ,N,6.45,6.05,6.15,6.15,6.1,6.35,251360,1559497.25,11.35,1.45,371,INE834M01019,2020-11-09,2020-11-08T18:30:00.000Z,2020-11-09T12:00:37.716Z,2020-11-09T12:00:37.716Z,0,6.2,09-Nov-2020,,
152,5faa80e3cef71300089159cb,RTNINFRA,EQ,N,6.35,5.85,6.35,5.9,5.85,6.15,255821,1539411.4,11.35,1.45,335,INE834M01019,2020-11-10,2020-11-09T18:30:00.000Z,2020-11-10T12:00:35.199Z,2020-11-10T12:00:35.199Z,0,6.02,10-Nov-2020,,
153,5fabd26774b6670008118a9c,RTNINFRA,EQ,N,6.05,5.75,6.05,5.95,6.0,5.9,244985,1442994.85,11.35,1.45,286,INE834M01019,2020-11-11,2020-11-10T18:30:00.000Z,2020-11-11T12:00:39.459Z,2020-11-11T12:00:39.459Z,0,5.89,11-Nov-2020,,
154,5fad23e3d5e18c0008685d9d,RTNINFRA,EQ,N,6.15,5.85,6.0,6.05,6.0,5.95,116960,696312.5,11.35,1.45,220,INE834M01019,2020-11-12,2020-11-11T18:30:00.000Z,2020-11-12T12:00:35.995Z,2020-11-12T12:00:35.995Z,0,5.95,12-Nov-2020,,
155,5fae758074b667000811967e,RTNINFRA,EQ,N,6.3,6.0,6.2,6.15,6.25,6.05,97193,594485.65,11.35,1.45,230,INE834M01019,2020-11-13,2020-11-12T18:30:00.000Z,2020-11-13T12:01:04.918Z,2020-11-13T12:01:04.918Z,0,6.12,13-Nov-2020,,
156,5fafeb92cef7130008916712,RTNINFRA,EQ,N,6.4,6.1,6.4,6.2,6.15,6.15,35818,223325.1,11.35,1.45,127,INE834M01019,2020-11-14,2020-11-13T18:30:00.000Z,2020-11-14T14:37:06.535Z,2020-11-14T14:37:06.535Z,0,6.23,14-Nov-2020,,
157,5fb3bb8106a1d00008ad0b10,RTNINFRA,EQ,N,6.2,5.9,6.2,5.9,5.9,6.2,639050,3794357.95,11.35,1.45,734,INE834M01019,2020-11-17,2020-11-16T18:30:00.000Z,2020-11-17T12:01:05.071Z,2020-11-17T12:01:05.071Z,0,5.94,17-Nov-2020,,
158,5fb511b3df20a40008042a61,RTNINFRA,EQ,N,6.1,5.75,6.1,5.8,5.8,5.9,219048,1281324.45,11.35,1.45,361,INE834M01019,2020-11-18,2020-11-17T18:30:00.000Z,2020-11-18T12:21:07.293Z,2020-11-18T12:21:07.293Z,0,5.85,18-Nov-2020,,
159,5fb65e63c21f05000895d0e3,RTNINFRA,EQ,N,6.0,5.65,5.65,5.85,5.85,5.8,161210,954330.65,11.35,1.45,286,INE834M01019,2020-11-19,2020-11-18T18:30:00.000Z,2020-11-19T12:00:35.572Z,2020-11-19T12:00:35.572Z,0,5.92,19-Nov-2020,,
160,5fb7afe794bf500008b25f33,RTNINFRA,EQ,N,5.95,5.65,5.85,5.7,5.75,5.85,312515,1800205.8,11.35,1.45,356,INE834M01019,2020-11-20,2020-11-19T18:30:00.000Z,2020-11-20T12:00:39.537Z,2020-11-20T12:00:39.537Z,0,5.76,20-Nov-2020,,
161,5fbba4645e525900089312b8,RTNINFRA,EQ,N,5.9,5.55,5.6,5.85,5.9,5.7,207251,1194064.4,11.35,1.55,353,INE834M01019,2020-11-23,2020-11-22T18:30:00.000Z,2020-11-23T12:00:36.666Z,2020-11-23T12:00:36.666Z,0,5.76,23-Nov-2020,,
162,5fbcf6006a74050008b28c19,RTNINFRA,EQ,N,6.0,5.65,5.9,5.75,5.75,5.85,232305,1340546.25,11.35,1.55,297,INE834M01019,2020-11-24,2020-11-23T18:30:00.000Z,2020-11-24T12:01:04.820Z,2020-11-24T12:01:04.820Z,0,5.77,24-Nov-2020,,
163,5fbe476687ed3b0008005004,RTNINFRA,EQ,N,5.9,5.6,5.9,5.65,5.6,5.75,172183,985414.75,11.35,1.55,290,INE834M01019,2020-11-25,2020-11-24T18:30:00.000Z,2020-11-25T12:00:38.591Z,2020-11-25T12:00:38.591Z,0,5.72,25-Nov-2020,,
164,5fbf98e4a33acb00083860a9,RTNINFRA,EQ,N,5.75,5.5,5.65,5.6,5.65,5.65,226336,1268442.25,11.35,1.55,340,INE834M01019,2020-11-26,2020-11-25T18:30:00.000Z,2020-11-26T12:00:36.832Z,2020-11-26T12:00:36.832Z,0,5.6,26-Nov-2020,,
165,5fc0ea805e5259000894e7eb,RTNINFRA,EQ,N,5.8,5.45,5.7,5.55,5.55,5.6,368886,2099655.0,11.35,1.55,393,INE834M01019,2020-11-27,2020-11-26T18:30:00.000Z,2020-11-27T12:01:04.836Z,2020-11-27T12:01:04.836Z,0,5.69,27-Nov-2020,,
166,5fc63060eb74920008ab93eb,RTNINFRA,EQ,N,5.8,5.55,5.55,5.75,5.75,5.55,405865,2311851.85,11.35,1.55,437,INE834M01019,2020-12-01,2020-11-30T18:30:00.000Z,2020-12-01T12:00:32.524Z,2020-12-01T12:00:32.524Z,0,5.7,01-Dec-2020,,
167,5fc78201fdaa170009fa89bf,RTNINFRA,EQ,N,5.9,5.6,5.85,5.8,5.8,5.75,169307,976159.75,11.35,1.55,286,INE834M01019,2020-12-02,2020-12-01T18:30:00.000Z,2020-12-02T12:01:05.173Z,2020-12-02T12:01:05.173Z,0,5.77,02-Dec-2020,,
168,5fc8d35efdaa170009fb62eb,RTNINFRA,EQ,N,6.05,5.75,5.75,6.0,6.05,5.8,447162,2668548.7,11.35,1.55,399,INE834M01019,2020-12-03,2020-12-02T18:30:00.000Z,2020-12-03T12:00:30.621Z,2020-12-03T12:00:30.621Z,0,5.97,03-Dec-2020,,
169,5f5f5b66d8f5e500081a9423,RTNINFRA,EQ,N,7.6,7.1,7.25,7.6,7.6,7.25,951000,7163215.4,11.35,1.15,1001,INE834M01019,2020-09-14,2020-09-13T18:30:00.000Z,2020-09-14T12:00:38.268Z,2020-09-14T12:00:38.268Z,0,7.53,14-Sep-2020,,
170,5f60ace585f66a00082f2590,RTNINFRA,EQ,N,7.95,7.5,7.85,7.7,7.5,7.6,1276148,9907471.8,11.35,1.2,1389,INE834M01019,2020-09-15,2020-09-14T18:30:00.000Z,2020-09-15T12:00:37.342Z,2020-09-15T12:00:37.342Z,0,7.76,15-Sep-2020,,
171,5f61fe81881ad000082d4d44,RTNINFRA,EQ,N,7.9,7.35,7.85,7.35,7.35,7.7,898229,6691295.25,11.35,1.25,774,INE834M01019,2020-09-16,2020-09-15T18:30:00.000Z,2020-09-16T12:01:05.351Z,2020-09-16T12:01:05.351Z,0,7.45,16-Sep-2020,,
172,5f6350014bb3370008cc1d52,RTNINFRA,EQ,N,7.0,7.0,7.0,7.0,7.0,7.35,125912,881384.0,11.35,1.25,177,INE834M01019,2020-09-17,2020-09-16T18:30:00.000Z,2020-09-17T12:01:05.110Z,2020-09-17T12:01:05.110Z,0,7.0,17-Sep-2020,,
173,5f64a181b3e7590008061e1e,RTNINFRA,EQ,N,7.15,6.65,6.65,6.65,6.65,7.0,2727047,18453592.75,11.35,1.25,1550,INE834M01019,2020-09-18,2020-09-17T18:30:00.000Z,2020-09-18T12:01:05.223Z,2020-09-18T12:01:05.223Z,0,6.77,18-Sep-2020,"[{'symbol': 'RTNINDIA', 'series': 'EQ', 'ind': '-', 'faceVal': '2', 'subject': ' Annual General Meeting', 'exDate': '18-Sep-2020', 'recDate': '-', 'bcStartDate': '22-Sep-2020', 'bcEndDate': '30-Sep-2020', 'ndStartDate': '-', 'comp': 'RattanIndia Enterprises Limited', 'isin': 'INE834M01019', 'ndEndDate': '-', 'caBroadcastDate': None}]",
174,5f6895e338ec4f0008c0fd3a,RTNINFRA,EQ,N,6.75,6.35,6.65,6.35,6.35,6.65,452976,2887049.35,11.35,1.25,525,INE834M01019,2020-09-21,2020-09-20T18:30:00.000Z,2020-09-21T12:00:35.430Z,2020-09-21T12:00:35.430Z,0,6.37,21-Sep-2020,,
175,5f69e78195ff530008e3947d,RTNINFRA,EQ,N,6.3,6.05,6.15,6.05,6.05,6.35,523874,3180307.4,11.35,1.25,388,INE834M01019,2020-09-22,2020-09-21T18:30:00.000Z,2020-09-22T12:01:05.056Z,2020-09-22T12:01:05.056Z,0,6.07,22-Sep-2020,,
176,5f6b38e478ccfd0008ab05bf,RTNINFRA,EQ,N,6.2,5.75,5.8,5.75,5.75,6.05,697026,4093102.9,11.35,1.25,839,INE834M01019,2020-09-23,2020-09-22T18:30:00.000Z,2020-09-23T12:00:36.423Z,2020-09-23T12:00:36.423Z,0,5.87,23-Sep-2020,,
177,5f6c8a6295ff530008e39e3d,RTNINFRA,EQ,N,5.75,5.5,5.6,5.5,5.5,5.75,149358,825909.75,11.35,1.25,257,INE834M01019,2020-09-24,2020-09-23T18:30:00.000Z,2020-09-24T12:00:34.670Z,2020-09-24T12:00:34.670Z,0,5.53,24-Sep-2020,,
178,5f6ddbe61f5dbf0008783091,RTNINFRA,EQ,N,5.75,5.25,5.25,5.75,5.75,5.5,759365,4100512.05,11.35,1.25,683,INE834M01019,2020-09-25,2020-09-24T18:30:00.000Z,2020-09-25T12:00:38.614Z,2020-09-25T12:00:38.614Z,0,5.4,25-Sep-2020,,
179,5f71d05f95ff530008e3abd9,RTNINFRA,EQ,N,6.0,5.8,5.8,6.0,6.0,5.75,198971,1193445.65,11.35,1.25,183,INE834M01019,2020-09-28,2020-09-27T18:30:00.000Z,2020-09-28T12:00:31.372Z,2020-09-28T12:00:31.372Z,0,6.0,28-Sep-2020,,
180,5f7321e46c37890008e1bf2c,RTNINFRA,EQ,N,6.3,5.7,6.3,5.7,5.7,6.0,834190,4936699.2,11.35,1.25,804,INE834M01019,2020-09-29,2020-09-28T18:30:00.000Z,2020-09-29T12:00:36.586Z,2020-09-29T12:00:36.586Z,0,5.92,29-Sep-2020,,
181,5f747368da1e160008e263c5,RTNINFRA,EQ,N,5.95,5.5,5.8,5.95,5.95,5.7,593052,3450772.4,11.35,1.25,416,INE834M01019,2020-09-30,2020-09-29T18:30:00.000Z,2020-09-30T12:00:40.585Z,2020-09-30T12:00:40.585Z,0,5.82,30-Sep-2020,,
182,5f75c4dfe6999100084e7950,RTNINFRA,EQ,N,6.15,5.75,6.15,5.8,5.75,5.95,412868,2448891.3,11.35,1.25,414,INE834M01019,2020-10-01,2020-09-30T18:30:00.000Z,2020-10-01T12:00:31.506Z,2020-10-01T12:00:31.506Z,0,5.93,01-Oct-2020,,
183,5f7b0b0152d75a0008b568fd,RTNINFRA,EQ,N,5.95,5.55,5.95,5.6,5.6,5.8,335694,1902745.35,11.35,1.25,446,INE834M01019,2020-10-05,2020-10-04T18:30:00.000Z,2020-10-05T12:01:05.111Z,2020-10-05T12:01:05.111Z,0,5.67,05-Oct-2020,,
184,5f7c5c80fcd970000940955d,RTNINFRA,EQ,N,5.7,5.35,5.45,5.35,5.35,5.6,860037,4632120.55,11.35,1.25,708,INE834M01019,2020-10-06,2020-10-05T18:30:00.000Z,2020-10-06T12:01:04.494Z,2020-10-06T12:01:04.494Z,0,5.39,06-Oct-2020,,
185,5f7dade53e35d400084580c4,RTNINFRA,EQ,N,5.6,5.15,5.15,5.5,5.55,5.35,625997,3439752.2,11.35,1.25,564,INE834M01019,2020-10-07,2020-10-06T18:30:00.000Z,2020-10-07T12:00:37.555Z,2020-10-07T12:00:37.555Z,0,5.49,07-Oct-2020,,
186,5f7eff803492d40008f03782,RTNINFRA,EQ,N,5.75,5.25,5.7,5.25,5.3,5.5,955107,5136091.05,11.35,1.25,677,INE834M01019,2020-10-08,2020-10-07T18:30:00.000Z,2020-10-08T12:01:04.572Z,2020-10-08T12:01:04.572Z,0,5.38,08-Oct-2020,,
187,5f805100547d2f00083f3d2f,RTNINFRA,EQ,N,5.45,5.0,5.35,5.05,5.1,5.25,609273,3143371.6,11.35,1.25,505,INE834M01019,2020-10-09,2020-10-08T18:30:00.000Z,2020-10-09T12:01:04.507Z,2020-10-09T12:01:04.507Z,0,5.16,09-Oct-2020,,
188,5f844565547d2f00083f4dd7,RTNINFRA,EQ,N,5.25,4.8,5.05,5.2,5.1,5.05,1091898,5368480.7,11.35,1.25,652,INE834M01019,2020-10-12,2020-10-11T18:30:00.000Z,2020-10-12T12:00:37.973Z,2020-10-12T12:00:37.973Z,0,4.92,12-Oct-2020,,
189,5f859702547d2f00083f56df,RTNINFRA,EQ,N,5.35,5.05,5.1,5.25,5.2,5.2,224419,1161716.4,11.35,1.25,338,INE834M01019,2020-10-13,2020-10-12T18:30:00.000Z,2020-10-13T12:01:06.851Z,2020-10-13T12:01:06.851Z,0,5.18,13-Oct-2020,,
190,5f86e881e47ceb0008d02299,RTNINFRA,EQ,N,5.5,5.15,5.4,5.45,5.45,5.25,625477,3398970.65,11.35,1.25,495,INE834M01019,2020-10-14,2020-10-13T18:30:00.000Z,2020-10-14T12:01:05.100Z,2020-10-14T12:01:05.100Z,0,5.43,14-Oct-2020,,
191,5f883a00a4af970008343554,RTNINFRA,EQ,N,5.45,5.2,5.45,5.2,5.25,5.45,507501,2665094.15,11.35,1.25,399,INE834M01019,2020-10-15,2020-10-14T18:30:00.000Z,2020-10-15T12:01:04.703Z,2020-10-15T12:01:04.703Z,0,5.25,15-Oct-2020,,
192,5f898b62a4af970008343e8e,RTNINFRA,EQ,N,5.45,4.95,5.25,5.45,5.45,5.2,1295321,6641321.6,11.35,1.25,735,INE834M01019,2020-10-16,2020-10-15T18:30:00.000Z,2020-10-16T12:00:34.552Z,2020-10-16T12:00:34.552Z,0,5.13,16-Oct-2020,,
193,5f8d7fddf1c69e000850b7ec,RTNINFRA,EQ,N,5.7,5.4,5.7,5.7,5.7,5.45,404307,2292415.7,11.35,1.25,268,INE834M01019,2020-10-19,2020-10-18T18:30:00.000Z,2020-10-19T12:00:29.678Z,2020-10-19T12:00:29.678Z,0,5.67,19-Oct-2020,,
194,5f8ed164f1c69e000850c0dd,RTNINFRA,EQ,N,5.95,5.55,5.8,5.95,5.95,5.7,280767,1661040.7,11.35,1.25,328,INE834M01019,2020-10-20,2020-10-19T18:30:00.000Z,2020-10-20T12:00:36.607Z,2020-10-20T12:00:36.607Z,0,5.92,20-Oct-2020,,
195,5f9023019b381a00088ff727,RTNINFRA,EQ,N,6.2,6.1,6.1,6.2,6.2,5.95,162631,1007711.55,11.35,1.25,148,INE834M01019,2020-10-21,2020-10-20T18:30:00.000Z,2020-10-21T12:01:05.026Z,2020-10-21T12:01:05.026Z,0,6.2,21-Oct-2020,,
196,5f9174635967e70008187649,RTNINFRA,EQ,N,6.5,6.2,6.35,6.5,6.5,6.2,273162,1768648.15,11.35,1.25,207,INE834M01019,2020-10-22,2020-10-21T18:30:00.000Z,2020-10-22T12:00:35.174Z,2020-10-22T12:00:35.174Z,0,6.47,22-Oct-2020,,
197,5f92c5e51ae58c000825fa84,RTNINFRA,EQ,N,6.8,6.8,6.8,6.8,6.8,6.5,74063,503628.4,11.35,1.25,85,INE834M01019,2020-10-23,2020-10-22T18:30:00.000Z,2020-10-23T12:00:37.357Z,2020-10-23T12:00:37.357Z,0,6.8,23-Oct-2020,,
198,5f3bc2e6d7035200088301cc,RTNINFRA,EQ,N,10.15,9.25,10.15,9.25,9.25,9.7,11038530,105209814.9,10.15,1.15,2840,INE834M01019,2020-08-18,2020-08-17T18:30:00.000Z,2020-08-18T12:00:38.719Z,2020-08-18T12:00:38.719Z,0,9.53,18-Aug-2020,,
199,5f3d146517a2ec00084dc744,RTNINFRA,EQ,N,9.7,8.8,8.8,9.5,9.65,9.25,12697237,116528483.65,10.15,1.15,4427,INE834M01019,2020-08-19,2020-08-18T18:30:00.000Z,2020-08-19T12:00:37.518Z,2020-08-19T12:00:37.518Z,0,9.18,19-Aug-2020,,
200,5f3e65e0d840aa0008bc8211,RTNINFRA,EQ,N,9.95,9.1,9.5,9.9,9.9,9.5,3625816,35003299.4,10.15,1.15,2295,INE834M01019,2020-08-20,2020-08-19T18:30:00.000Z,2020-08-20T12:00:32.559Z,2020-08-20T12:00:32.559Z,0,9.65,20-Aug-2020,,
201,5f3fb78127c1bc000890374f,RTNINFRA,EQ,N,10.35,9.85,10.3,10.35,10.35,9.9,2716904,27618122.0,10.35,1.15,5437,INE834M01019,2020-08-21,2020-08-20T18:30:00.000Z,2020-08-21T12:01:05.881Z,2020-08-21T12:01:05.881Z,0,10.17,21-Aug-2020,,
202,5f43abe5517338000877a32c,RTNINFRA,EQ,N,10.85,10.6,10.75,10.85,10.85,10.35,785000,8492338.8,10.85,1.15,1155,INE834M01019,2020-08-24,2020-08-23T18:30:00.000Z,2020-08-24T12:00:37.342Z,2020-08-24T12:00:37.342Z,0,10.82,24-Aug-2020,,
203,5f44fd80398e530008cbec5e,RTNINFRA,EQ,N,11.35,11.0,11.25,11.35,11.35,10.85,1027487,11600658.25,11.35,1.15,1012,INE834M01019,2020-08-25,2020-08-24T18:30:00.000Z,2020-08-25T12:01:04.780Z,2020-08-25T12:01:04.780Z,0,11.29,25-Aug-2020,,
204,5f464f00dc93e90008a154c8,RTNINFRA,EQ,N,11.25,10.8,11.0,10.8,10.8,11.35,1484808,16147200.0,11.35,1.15,1412,INE834M01019,2020-08-26,2020-08-25T18:30:00.000Z,2020-08-26T12:01:04.851Z,2020-08-26T12:01:04.851Z,0,10.87,26-Aug-2020,,
205,5f47a080d038060009fe183c,RTNINFRA,EQ,N,10.3,10.3,10.3,10.3,10.3,10.8,184846,1903913.8,11.35,1.15,385,INE834M01019,2020-08-27,2020-08-26T18:30:00.000Z,2020-08-27T12:01:04.499Z,2020-08-27T12:01:04.499Z,0,10.3,27-Aug-2020,,
206,5f48f1de4f56cd000843df6b,RTNINFRA,EQ,N,9.8,9.8,9.8,9.8,9.8,10.3,121517,1190866.6,11.35,1.15,378,INE834M01019,2020-08-28,2020-08-27T18:30:00.000Z,2020-08-28T12:00:30.609Z,2020-08-28T12:00:30.609Z,0,9.8,28-Aug-2020,,
207,5f4ce66758b0e90009086338,RTNINFRA,EQ,N,9.35,9.35,9.35,9.35,9.35,9.8,78040,729674.0,11.35,1.15,219,INE834M01019,2020-08-31,2020-08-30T18:30:00.000Z,2020-08-31T12:00:39.271Z,2020-08-31T12:00:39.271Z,0,9.35,31-Aug-2020,,
208,5f4e37e3ebde4f0009f916e2,RTNINFRA,EQ,N,8.9,8.9,8.9,8.9,8.9,9.35,89900,800110.0,11.35,1.15,128,INE834M01019,2020-09-01,2020-08-31T18:30:00.000Z,2020-09-01T12:00:35.733Z,2020-09-01T12:00:35.733Z,0,8.9,01-Sep-2020,,
209,5f4f8981f5452d0008a0533d,RTNINFRA,EQ,N,8.5,8.5,8.5,8.5,8.5,8.9,39580,336430.0,11.35,1.15,147,INE834M01019,2020-09-02,2020-09-01T18:30:00.000Z,2020-09-02T12:01:05.312Z,2020-09-02T12:01:05.312Z,0,8.5,02-Sep-2020,,
210,5f50db012a3f71000842ca83,RTNINFRA,EQ,N,8.45,8.1,8.1,8.1,8.1,8.5,8968775,72727654.1,11.35,1.15,1518,INE834M01019,2020-09-03,2020-09-02T18:30:00.000Z,2020-09-03T12:01:05.770Z,2020-09-03T12:01:05.770Z,0,8.11,03-Sep-2020,,
211,5f522c818562d40008453e23,RTNINFRA,EQ,N,7.7,7.7,7.7,7.7,7.7,8.1,138211,1064224.7,11.35,1.15,275,INE834M01019,2020-09-04,2020-09-03T18:30:00.000Z,2020-09-04T12:01:05.229Z,2020-09-04T12:01:05.229Z,0,7.7,04-Sep-2020,,
212,5f5620e49db6d40008c4e6d8,RTNINFRA,EQ,N,7.35,7.35,7.35,7.35,7.35,7.7,51217,376444.95,11.35,1.15,150,INE834M01019,2020-09-07,2020-09-06T18:30:00.000Z,2020-09-07T12:00:36.730Z,2020-09-07T12:00:36.730Z,0,7.35,07-Sep-2020,,
213,5f5772635c8f3c0008c94834,RTNINFRA,EQ,N,7.0,7.0,7.0,7.0,7.0,7.35,49859,349013.0,11.35,1.15,166,INE834M01019,2020-09-08,2020-09-07T18:30:00.000Z,2020-09-08T12:00:35.973Z,2020-09-08T12:00:35.973Z,0,7.0,08-Sep-2020,,
214,5f58c3e6fb95de00085ab789,RTNINFRA,EQ,N,6.65,6.65,6.65,6.65,6.65,7.0,189651,1261179.15,11.35,1.15,170,INE834M01019,2020-09-09,2020-09-08T18:30:00.000Z,2020-09-09T12:00:38.507Z,2020-09-09T12:00:38.507Z,0,6.65,09-Sep-2020,,
215,5f5a155e3390f6000817c687,RTNINFRA,EQ,N,6.95,6.35,6.35,6.95,6.95,6.65,10265463,68998811.5,11.35,1.15,3671,INE834M01019,2020-09-10,2020-09-09T18:30:00.000Z,2020-09-10T12:00:30.758Z,2020-09-10T12:00:30.758Z,0,6.72,10-Sep-2020,,
216,5f5b66e6b1bd6300081d8287,RTNINFRA,EQ,N,7.25,6.65,7.25,7.25,7.25,6.95,4085879,28701592.8,11.35,1.15,2516,INE834M01019,2020-09-11,2020-09-10T18:30:00.000Z,2020-09-11T12:00:38.866Z,2020-09-11T12:00:38.866Z,0,7.02,11-Sep-2020,,
217,5f5f5b66d8f5e500081a9423,RTNINFRA,EQ,N,7.6,7.1,7.25,7.6,7.6,7.25,951000,7163215.4,11.35,1.15,1001,INE834M01019,2020-09-14,2020-09-13T18:30:00.000Z,2020-09-14T12:00:38.268Z,2020-09-14T12:00:38.268Z,0,7.53,14-Sep-2020,,
218,5ece56802e488c00082acad3,RTNINFRA,EQ,N,1.65,1.55,1.6,1.65,1.65,1.6,87938,143312.75,4.2,1.15,70,INE834M01019,2020-05-27,2020-05-26T18:30:00.000Z,2020-05-27T12:01:04.236Z,2020-05-27T12:01:04.236Z,0,1.63,27-May-2020,,
219,5ecfa800413b6c000820919a,RTNINFRA,EQ,N,1.7,1.65,1.65,1.7,1.7,1.65,183704,312246.65,4.2,1.15,166,INE834M01019,2020-05-28,2020-05-27T18:30:00.000Z,2020-05-28T12:01:04.294Z,2020-05-28T12:01:04.294Z,0,1.7,28-May-2020,,
220,5ed0fd07623c1d00084ef73d,RTNINFRA,EQ,N,1.75,1.7,1.7,1.75,1.75,1.7,153604,263557.0,4.2,1.15,52,INE834M01019,2020-05-29,2020-05-28T18:30:00.000Z,2020-05-29T12:16:07.807Z,2020-05-29T12:16:07.807Z,0,1.72,29-May-2020,,
221,5ed4ee0076f1980008126f4a,RTNINFRA,EQ,N,1.8,1.75,1.75,1.8,1.8,1.75,83331,149890.8,4.2,1.15,45,INE834M01019,2020-06-01,2020-05-31T18:30:00.000Z,2020-06-01T12:01:04.298Z,2020-06-01T12:01:04.298Z,0,1.8,01-Jun-2020,,
222,5ee76780a27a6a0008c9edb3,RTNINFRA,EQ,N,1.85,1.85,1.85,1.85,1.85,1.8,34041,62975.85,4.2,1.15,34,INE834M01019,2020-06-02,2020-06-01T18:30:00.000Z,2020-06-15T12:20:16.726Z,2020-06-15T12:20:16.726Z,0,1.85,02-Jun-2020,,
223,5ed791027a1af200085d0811,RTNINFRA,EQ,N,1.9,1.9,1.9,1.9,1.9,1.85,32997,62694.3,3.75,1.15,28,INE834M01019,2020-06-03,2020-06-02T18:30:00.000Z,2020-06-03T12:01:06.743Z,2020-06-03T12:01:06.743Z,0,1.9,03-Jun-2020,,
224,5ed8e2654439fd0008512964,RTNINFRA,EQ,N,1.95,1.95,1.95,1.95,1.95,1.9,42304,82492.8,3.7,1.15,32,INE834M01019,2020-06-04,2020-06-03T18:30:00.000Z,2020-06-04T12:00:37.194Z,2020-06-04T12:00:37.194Z,0,1.95,04-Jun-2020,,
225,5eda340044f13100088b5910,RTNINFRA,EQ,N,2.0,2.0,2.0,2.0,2.0,1.95,24616,49232.0,3.45,1.15,44,INE834M01019,2020-06-05,2020-06-04T18:30:00.000Z,2020-06-05T12:01:04.760Z,2020-06-05T12:01:04.760Z,0,2.0,05-Jun-2020,,
226,5ef243ccb998c10008afca11,RTNINFRA,EQ,N,2.1,2.1,2.1,2.1,2.1,2.0,52718,110707.8,3.45,1.15,36,INE834M01019,2020-06-08,2020-06-07T18:30:00.000Z,2020-06-23T18:02:52.499Z,2020-06-23T18:02:52.499Z,0,2.1,08-Jun-2020,,
227,5ef243e1ba3ac100096f17dd,RTNINFRA,EQ,N,2.2,2.2,2.2,2.2,2.2,2.1,56105,123431.0,3.45,1.15,30,INE834M01019,2020-06-09,2020-06-08T18:30:00.000Z,2020-06-23T18:03:13.256Z,2020-06-23T18:03:13.256Z,0,2.2,09-Jun-2020,,
228,5ef24477f328a00008db0b34,RTNINFRA,EQ,N,2.3,2.3,2.3,2.3,2.3,2.2,45665,105029.5,3.45,1.15,22,INE834M01019,2020-06-10,2020-06-09T18:30:00.000Z,2020-06-23T18:05:43.133Z,2020-06-23T18:05:43.133Z,0,2.3,10-Jun-2020,,
229,5ef2444dc4ea2e0008a74ef9,RTNINFRA,EQ,N,2.4,2.3,2.4,2.4,2.4,2.3,512329,1215198.4,3.45,1.15,192,INE834M01019,2020-06-11,2020-06-10T18:30:00.000Z,2020-06-23T18:05:01.442Z,2020-06-23T18:05:01.442Z,0,2.37,11-Jun-2020,,
230,5ee36eeef0beca000932c0c9,RTNINFRA,EQ,N,2.5,2.3,2.5,2.35,2.35,2.4,615002,1432763.4,3.45,1.15,360,INE834M01019,2020-06-12,2020-06-11T18:30:00.000Z,2020-06-12T12:02:54.187Z,2020-06-12T12:02:54.187Z,0,2.33,12-Jun-2020,,
231,5ee768f6fdc386000899ae33,RTNINFRA,EQ,N,2.45,2.35,2.35,2.45,2.45,2.35,102465,249931.85,3.3,1.15,106,INE834M01019,2020-06-15,2020-06-14T18:30:00.000Z,2020-06-15T12:26:30.338Z,2020-06-15T12:26:30.338Z,0,2.44,15-Jun-2020,,
232,5ee8b4856ad8fa00085c1f9b,RTNINFRA,EQ,N,2.55,2.35,2.55,2.5,2.55,2.45,452277,1143106.95,3.3,1.15,175,INE834M01019,2020-06-16,2020-06-15T18:30:00.000Z,2020-06-16T12:01:10.035Z,2020-06-16T12:01:10.035Z,0,2.53,16-Jun-2020,,
233,5eea05ec46247b000830669d,RTNINFRA,EQ,N,2.6,2.6,2.6,2.6,2.6,2.5,23426,60907.6,3.3,1.15,37,INE834M01019,2020-06-17,2020-06-16T18:30:00.000Z,2020-06-17T12:00:44.090Z,2020-06-17T12:00:44.090Z,0,2.6,17-Jun-2020,,
234,5dee378088cd7d0008bf1dc1,RTNINFRA,EQ,N,1.85,1.75,1.8,1.75,1.75,1.8,132274,234362.8,4.2,1.15,62,INE834M01019,2019-12-09,2019-12-08T18:30:00.000Z,2019-12-09T12:01:04.282Z,2019-12-09T12:01:04.282Z,0,1.77,09-Dec-2019,,
235,5db97b7fa6d3830008cacc5d,RTNINFRA,EQ,N,1.35,1.3,1.35,1.3,1.3,1.35,569137,741775.75,4.2,1.15,191,INE834M01019,2019-10-30,2019-10-29T18:30:00.000Z,2019-10-30T12:01:03.919Z,2019-10-30T12:01:03.919Z,0,1.3,30-Oct-2019,,
236,5dbacd00865268000831c7c3,RTNINFRA,EQ,N,1.35,1.25,1.25,1.3,1.3,1.3,1972618,2494990.85,4.2,1.15,408,INE834M01019,2019-10-31,2019-10-30T18:30:00.000Z,2019-10-31T12:01:04.845Z,2019-10-31T12:01:04.845Z,0,1.26,31-Oct-2019,,
237,5dbc1e7f2febd800088c5227,RTNINFRA,EQ,N,1.35,1.3,1.35,1.35,1.35,1.3,446069,601682.35,4.2,1.15,102,INE834M01019,2019-11-01,2019-10-31T18:30:00.000Z,2019-11-01T12:01:03.904Z,2019-11-01T12:01:03.904Z,0,1.35,01-Nov-2019,,
238,5dc0130015a6300008524b08,RTNINFRA,EQ,N,1.4,1.4,1.4,1.4,1.4,1.35,28295,39613.0,4.2,1.15,37,INE834M01019,2019-11-04,2019-11-03T18:30:00.000Z,2019-11-04T12:01:04.107Z,2019-11-04T12:01:04.107Z,0,1.4,04-Nov-2019,,
239,5dc16480c2584d0008e750a3,RTNINFRA,EQ,N,1.45,1.4,1.45,1.45,1.45,1.4,258702,374610.1,4.2,1.15,104,INE834M01019,2019-11-05,2019-11-04T18:30:00.000Z,2019-11-05T12:01:04.271Z,2019-11-05T12:01:04.271Z,0,1.45,05-Nov-2019,,
240,5dc2b6001e6b7b0008938fb5,RTNINFRA,EQ,N,1.5,1.5,1.5,1.5,1.5,1.45,50820,76230.0,4.2,1.15,32,INE834M01019,2019-11-06,2019-11-05T18:30:00.000Z,2019-11-06T12:01:04.016Z,2019-11-06T12:01:04.016Z,0,1.5,06-Nov-2019,,
241,5dc40780149abc00089a2eb6,RTNINFRA,EQ,N,1.55,1.55,1.55,1.55,1.55,1.5,27849,43165.95,4.2,1.15,25,INE834M01019,2019-11-07,2019-11-06T18:30:00.000Z,2019-11-07T12:01:04.409Z,2019-11-07T12:01:04.409Z,0,1.55,07-Nov-2019,,
242,5dc55900149abc00089a382b,RTNINFRA,EQ,N,1.6,1.6,1.6,1.6,1.6,1.55,89603,143364.8,4.2,1.15,104,INE834M01019,2019-11-08,2019-11-07T18:30:00.000Z,2019-11-08T12:01:04.191Z,2019-11-08T12:01:04.191Z,0,1.6,08-Nov-2019,,
243,5dc94d7ff9478700083607c4,RTNINFRA,EQ,N,1.65,1.65,1.65,1.65,1.65,1.6,33912,55954.8,4.2,1.15,45,INE834M01019,2019-11-11,2019-11-10T18:30:00.000Z,2019-11-11T12:01:03.937Z,2019-11-11T12:01:03.937Z,0,1.65,11-Nov-2019,,
244,5dcbf07f09bcd500080693db,RTNINFRA,EQ,N,1.7,1.7,1.7,1.7,1.7,1.65,32419,55112.3,4.2,1.15,58,INE834M01019,2019-11-13,2019-11-12T18:30:00.000Z,2019-11-13T12:01:03.294Z,2019-11-13T12:01:03.294Z,0,1.7,13-Nov-2019,,
245,5dcd4200149abc00089a42f0,RTNINFRA,EQ,N,1.75,1.65,1.75,1.65,1.7,1.7,497359,846846.3,4.2,1.15,205,INE834M01019,2019-11-14,2019-11-13T18:30:00.000Z,2019-11-14T12:01:04.064Z,2019-11-14T12:01:04.064Z,0,1.7,14-Nov-2019,,
246,5dce937fc788bb000842b219,RTNINFRA,EQ,N,1.7,1.6,1.6,1.6,1.6,1.65,188959,303468.05,4.2,1.15,106,INE834M01019,2019-11-15,2019-11-14T18:30:00.000Z,2019-11-15T12:01:03.906Z,2019-11-15T12:01:03.906Z,0,1.61,15-Nov-2019,,
247,5dd287e22711c60008ee2735,RTNINFRA,EQ,N,1.65,1.55,1.65,1.55,1.6,1.6,368442,592219.0,4.2,1.15,147,INE834M01019,2019-11-18,2019-11-17T18:30:00.000Z,2019-11-18T12:00:34.619Z,2019-11-18T12:00:34.619Z,0,1.61,18-Nov-2019,,
248,5dd3d9623cf4f80008a02a83,RTNINFRA,EQ,N,1.6,1.5,1.5,1.5,1.55,1.55,223705,338029.7,4.2,1.15,147,INE834M01019,2019-11-19,2019-11-18T18:30:00.000Z,2019-11-19T12:00:34.244Z,2019-11-19T12:00:34.244Z,0,1.51,19-Nov-2019,,
249,5dd52ae276ea300008cbe481,RTNINFRA,EQ,N,1.55,1.45,1.45,1.55,1.55,1.5,153285,236372.15,4.2,1.15,95,INE834M01019,2019-11-20,2019-11-19T18:30:00.000Z,2019-11-20T12:00:34.120Z,2019-11-20T12:00:34.120Z,0,1.54,20-Nov-2019,,
250,5dd67c7faed06f00082c5999,RTNINFRA,EQ,N,1.6,1.5,1.55,1.5,1.5,1.55,286745,442758.2,4.2,1.15,134,INE834M01019,2019-11-21,2019-11-20T18:30:00.000Z,2019-11-21T12:01:03.452Z,2019-11-21T12:01:03.452Z,0,1.54,21-Nov-2019,,
251,5dd7cde1e393f400086fc812,RTNINFRA,EQ,N,1.55,1.5,1.5,1.55,1.55,1.5,110958,171979.9,4.2,1.15,43,INE834M01019,2019-11-22,2019-11-21T18:30:00.000Z,2019-11-22T12:00:33.492Z,2019-11-22T12:00:33.492Z,0,1.55,22-Nov-2019,,
252,5ddbc27f5b5f1e0008a2b389,RTNINFRA,EQ,N,1.6,1.55,1.6,1.6,1.6,1.55,125284,200358.35,4.2,1.15,82,INE834M01019,2019-11-25,2019-11-24T18:30:00.000Z,2019-11-25T12:01:03.965Z,2019-11-25T12:01:03.965Z,0,1.6,25-Nov-2019,,
253,5ddd1400ca03a80009b75f26,RTNINFRA,EQ,N,1.65,1.65,1.65,1.65,1.65,1.6,29321,48379.65,4.2,1.15,39,INE834M01019,2019-11-26,2019-11-25T18:30:00.000Z,2019-11-26T12:01:04.103Z,2019-11-26T12:01:04.103Z,0,1.65,26-Nov-2019,,
254,5dde657f640e900008bf9e47,RTNINFRA,EQ,N,1.7,1.7,1.7,1.7,1.7,1.65,29969,50947.3,4.2,1.15,37,INE834M01019,2019-11-27,2019-11-26T18:30:00.000Z,2019-11-27T12:01:03.736Z,2019-11-27T12:01:03.736Z,0,1.7,27-Nov-2019,,
255,5ddfb6ffb2beec0008e35269,RTNINFRA,EQ,N,1.75,1.75,1.75,1.75,1.75,1.7,143428,250999.0,4.2,1.15,99,INE834M01019,2019-11-28,2019-11-27T18:30:00.000Z,2019-11-28T12:01:03.971Z,2019-11-28T12:01:03.971Z,0,1.75,28-Nov-2019,,
256,5de108614c2b410008804838,RTNINFRA,EQ,N,1.8,1.7,1.8,1.8,1.8,1.75,313048,562317.6,4.2,1.15,164,INE834M01019,2019-11-29,2019-11-28T18:30:00.000Z,2019-11-29T12:00:33.953Z,2019-11-29T12:00:33.953Z,0,1.8,29-Nov-2019,,
257,5de4fd0006ab980008378828,RTNINFRA,EQ,N,1.85,1.75,1.85,1.85,1.85,1.8,391490,715818.4,4.2,1.15,190,INE834M01019,2019-12-02,2019-12-01T18:30:00.000Z,2019-12-02T12:01:04.033Z,2019-12-02T12:01:04.033Z,0,1.83,02-Dec-2019,,
258,5dfb2a99999fe80008e7ee4a,RTNINFRA,EQ,N,1.9,1.8,1.9,1.9,1.9,1.85,283410,536271.2,4.2,1.15,158,INE834M01019,2019-12-03,2019-12-02T18:30:00.000Z,2019-12-19T07:45:29.129Z,2019-12-19T07:45:29.129Z,0,1.89,03-Dec-2019,,
259,5de79fff640e900008bfd43f,RTNINFRA,EQ,N,1.95,1.85,1.95,1.85,1.85,1.9,159760,299179.95,4.2,1.15,95,INE834M01019,2019-12-04,2019-12-03T18:30:00.000Z,2019-12-04T12:01:03.300Z,2019-12-04T12:01:03.300Z,0,1.87,04-Dec-2019,,
260,5de8f16293ae890008a4aa7b,RTNINFRA,EQ,N,1.9,1.8,1.85,1.85,1.85,1.85,283156,512554.1,4.2,1.15,129,INE834M01019,2019-12-05,2019-12-04T18:30:00.000Z,2019-12-05T12:00:34.038Z,2019-12-05T12:00:34.038Z,0,1.81,05-Dec-2019,,
261,5dea42ff643d80000872c922,RTNINFRA,EQ,N,1.9,1.8,1.8,1.8,1.8,1.85,178796,325122.9,4.2,1.15,155,INE834M01019,2019-12-06,2019-12-05T18:30:00.000Z,2019-12-06T12:01:03.957Z,2019-12-06T12:01:03.957Z,0,1.82,06-Dec-2019,,
262,5dee378088cd7d0008bf1dc1,RTNINFRA,EQ,N,1.85,1.75,1.8,1.75,1.75,1.8,132274,234362.8,4.2,1.15,62,INE834M01019,2019-12-09,2019-12-08T18:30:00.000Z,2019-12-09T12:01:04.282Z,2019-12-09T12:01:04.282Z,0,1.77,09-Dec-2019,,
