,_id,CH_SYMBOL,CH_SERIES,CH_MARKET_TYPE,CH_TRADE_HIGH_PRICE,CH_TRADE_LOW_PRICE,CH_OPENING_PRICE,CH_CLOSING_PRICE,CH_LAST_TRADED_PRICE,CH_PREVIOUS_CLS_PRICE,CH_TOT_TRADED_QTY,CH_TOT_TRADED_VAL,CH_52WEEK_HIGH_PRICE,CH_52WEEK_LOW_PRICE,CH_TOTAL_TRADES,CH_ISIN,CH_TIMESTAMP,TIMESTAMP,createdAt,updatedAt,__v,VWAP,mTIMESTAMP,symChange
0,616eb37e2137b10008e72e9f,MOGSEC,EQ,N,50.5,48.74,49.03,48.82,48.91,48.94,2722,133009.81,57.4,45.89,98,INF247L01AK4,2021-10-19,2021-10-18T18:30:00.000Z,2021-10-19T12:01:02.754Z,2021-10-19T12:01:02.754Z,0,48.86,19-Oct-2021,
1,61700bedffea140009a39fc9,MOGSEC,EQ,N,50.28,48.84,50.28,48.91,48.91,48.82,783,38318.52,57.4,45.89,38,INF247L01AK4,2021-10-20,2021-10-19T18:30:00.000Z,2021-10-20T12:30:37.856Z,2021-10-20T12:30:37.856Z,0,48.94,20-Oct-2021,
2,61715662facf5c0008bb1676,MOGSEC,EQ,N,50.0,48.81,50.0,48.93,48.98,48.91,868,42438.82,57.4,45.89,40,INF247L01AK4,2021-10-21,2021-10-20T18:30:00.000Z,2021-10-21T12:00:34.048Z,2021-10-21T12:00:34.048Z,0,48.89,21-Oct-2021,
3,6172a8052dc18f00080fe80b,MOGSEC,EQ,N,48.99,48.9,48.98,48.98,48.98,48.93,24618,1205775.47,57.4,45.89,40,INF247L01AK4,2021-10-22,2021-10-21T18:30:00.000Z,2021-10-22T12:01:09.036Z,2021-10-22T12:01:09.036Z,0,48.98,22-Oct-2021,
4,61769c5cdb443b0008c8e548,MOGSEC,EQ,N,53.9,48.86,53.9,48.94,49.0,48.98,1663,81521.41,57.4,45.89,67,INF247L01AK4,2021-10-25,2021-10-24T18:30:00.000Z,2021-10-25T12:00:28.440Z,2021-10-25T12:00:28.440Z,0,49.02,25-Oct-2021,
5,6177edff2ed3fb00087deb85,MOGSEC,EQ,N,49.0,48.93,49.0,48.97,48.93,48.94,745,36490.78,57.4,45.89,35,INF247L01AK4,2021-10-26,2021-10-25T18:30:00.000Z,2021-10-26T12:01:03.690Z,2021-10-26T12:01:03.690Z,0,48.98,26-Oct-2021,
6,61793f857220a800093c6872,MOGSEC,EQ,N,52.0,48.91,52.0,48.95,49.0,48.97,463,22693.43,57.4,45.89,34,INF247L01AK4,2021-10-27,2021-10-26T18:30:00.000Z,2021-10-27T12:01:09.025Z,2021-10-27T12:01:09.025Z,0,49.01,27-Oct-2021,
7,617a90e3b698860008b70802,MOGSEC,EQ,N,53.9,48.97,53.9,49.03,49.03,48.95,475,23296.19,57.4,45.89,40,INF247L01AK4,2021-10-28,2021-10-27T18:30:00.000Z,2021-10-28T12:00:35.328Z,2021-10-28T12:00:35.328Z,0,49.04,28-Oct-2021,
8,6139f7679241480008a1a719,MOGSEC,EQ,N,48.87,48.76,48.84,48.87,48.87,48.84,876,42754.82,57.4,45.89,25,INF247L01AK4,2021-09-09,2021-09-08T18:30:00.000Z,2021-09-09T12:00:39.732Z,2021-09-09T12:00:39.732Z,0,48.81,09-Sep-2021,
9,613f3d5c66f15f00083944fd,MOGSEC,EQ,N,54.0,48.81,54.0,48.81,48.81,48.87,867,42582.68,57.4,45.89,35,INF247L01AK4,2021-09-13,2021-09-12T18:30:00.000Z,2021-09-13T12:00:28.246Z,2021-09-13T12:00:28.246Z,0,49.11,13-Sep-2021,
10,61408f018b051b0009544f4f,MOGSEC,EQ,N,54.0,48.78,54.0,48.8,48.8,48.81,960,46899.46,57.4,45.89,40,INF247L01AK4,2021-09-14,2021-09-13T18:30:00.000Z,2021-09-14T12:01:05.059Z,2021-09-14T12:01:05.059Z,0,48.85,14-Sep-2021,
11,6141e06352f3510008866c28,MOGSEC,EQ,N,54.0,48.81,54.0,48.87,48.91,48.8,19440,950465.64,57.4,45.89,38,INF247L01AK4,2021-09-15,2021-09-14T18:30:00.000Z,2021-09-15T12:00:35.760Z,2021-09-15T12:00:35.760Z,0,48.89,15-Sep-2021,
12,614331dc41895700088598ff,MOGSEC,EQ,N,54.0,48.87,54.0,48.92,48.92,48.87,970,47602.45,57.4,45.89,53,INF247L01AK4,2021-09-16,2021-09-15T18:30:00.000Z,2021-09-16T12:00:28.304Z,2021-09-16T12:00:28.304Z,0,49.07,16-Sep-2021,
13,6144837f7f66a4000875525a,MOGSEC,EQ,N,50.38,48.87,50.38,48.89,48.9,48.92,816,39924.81,57.4,45.89,38,INF247L01AK4,2021-09-17,2021-09-16T18:30:00.000Z,2021-09-17T12:01:03.055Z,2021-09-17T12:01:03.055Z,0,48.93,17-Sep-2021,
14,614877e3e0fcf60008e5121d,MOGSEC,EQ,N,54.0,48.85,48.85,49.0,49.03,48.89,2512,124299.48,57.4,45.89,79,INF247L01AK4,2021-09-20,2021-09-19T18:30:00.000Z,2021-09-20T12:00:35.544Z,2021-09-20T12:00:35.544Z,0,49.48,20-Sep-2021,
15,6149c97fbf6def0009839bfe,MOGSEC,EQ,N,49.03,48.94,49.03,49.0,49.0,49.0,3073,150565.66,57.4,45.89,31,INF247L01AK4,2021-09-21,2021-09-20T18:30:00.000Z,2021-09-21T12:01:03.099Z,2021-09-21T12:01:03.099Z,0,49.0,21-Sep-2021,
16,614b1b00f6172a0008df4682,MOGSEC,EQ,N,54.0,48.96,50.47,49.02,49.0,49.0,3628,177939.18,57.4,45.89,57,INF247L01AK4,2021-09-22,2021-09-21T18:30:00.000Z,2021-09-22T12:01:05.002Z,2021-09-22T12:01:05.002Z,0,49.05,22-Sep-2021,
17,614c6c66a3bb370008f1052c,MOGSEC,EQ,N,49.01,48.95,49.0,49.0,49.0,49.02,1254,61444.33,57.4,45.89,55,INF247L01AK4,2021-09-23,2021-09-22T18:30:00.000Z,2021-09-23T12:00:38.113Z,2021-09-23T12:00:38.113Z,0,49.0,23-Sep-2021,
18,614dbde485b991000931499e,MOGSEC,EQ,N,54.0,48.78,54.0,48.84,48.83,49.0,11783,578902.19,57.4,45.89,161,INF247L01AK4,2021-09-24,2021-09-23T18:30:00.000Z,2021-09-24T12:00:36.328Z,2021-09-24T12:00:36.328Z,0,49.13,24-Sep-2021,
19,6151b281c3f15b0008afe843,MOGSEC,EQ,N,54.0,48.85,54.0,48.89,48.89,48.84,2800,137577.31,57.4,45.89,87,INF247L01AK4,2021-09-27,2021-09-26T18:30:00.000Z,2021-09-27T12:01:05.298Z,2021-09-27T12:01:05.298Z,0,49.13,27-Sep-2021,
20,615304064a501f0008b258ce,MOGSEC,EQ,N,53.9,48.89,53.9,48.95,48.95,48.89,2725,133506.4,57.4,45.89,62,INF247L01AK4,2021-09-28,2021-09-27T18:30:00.000Z,2021-09-28T12:01:10.619Z,2021-09-28T12:01:10.619Z,0,48.99,28-Sep-2021,
21,615455824a501f0008e4d066,MOGSEC,EQ,N,48.93,48.64,48.9,48.92,48.92,48.95,26684,1303078.73,57.4,45.89,63,INF247L01AK4,2021-09-29,2021-09-28T18:30:00.000Z,2021-09-29T12:01:06.529Z,2021-09-29T12:01:06.529Z,0,48.83,29-Sep-2021,
22,6155a6ff5956820008176387,MOGSEC,EQ,N,48.95,48.85,48.94,48.89,48.9,48.92,834,40793.71,57.4,45.89,35,INF247L01AK4,2021-09-30,2021-09-29T18:30:00.000Z,2021-09-30T12:01:03.422Z,2021-09-30T12:01:03.422Z,0,48.91,30-Sep-2021,
23,6156f85c00c38500086c2ce6,MOGSEC,EQ,N,53.8,48.65,53.8,48.9,48.9,48.89,11517,562002.69,57.4,45.89,102,INF247L01AK4,2021-10-01,2021-09-30T18:30:00.000Z,2021-10-01T12:00:28.326Z,2021-10-01T12:00:28.326Z,0,48.8,01-Oct-2021,
24,615aecff00c38500088df929,MOGSEC,EQ,N,53.85,48.7,48.95,48.82,48.89,48.9,7562,368935.4,57.4,45.89,86,INF247L01AK4,2021-10-04,2021-10-03T18:30:00.000Z,2021-10-04T12:01:03.212Z,2021-10-04T12:01:03.212Z,0,48.79,04-Oct-2021,
25,615c3e681728530008f0b20a,MOGSEC,EQ,N,48.92,48.8,48.8,48.86,48.85,48.82,523,25559.39,57.4,45.89,50,INF247L01AK4,2021-10-05,2021-10-04T18:30:00.000Z,2021-10-05T12:00:40.480Z,2021-10-05T12:00:40.480Z,0,48.87,05-Oct-2021,
26,615d8fe17c2c3b00089ffd12,MOGSEC,EQ,N,49.0,48.74,48.89,48.75,48.86,48.86,26658,1300398.81,57.4,45.89,80,INF247L01AK4,2021-10-06,2021-10-05T18:30:00.000Z,2021-10-06T12:00:33.739Z,2021-10-06T12:00:33.739Z,0,48.78,06-Oct-2021,
27,615ee161c7aa980008977e74,MOGSEC,EQ,N,48.92,48.83,48.83,48.89,48.89,48.75,2546,124389.76,57.4,45.89,55,INF247L01AK4,2021-10-07,2021-10-06T18:30:00.000Z,2021-10-07T12:00:33.425Z,2021-10-07T12:00:33.425Z,0,48.86,07-Oct-2021,
28,6160330031c1ce0008cb0654,MOGSEC,EQ,N,48.93,48.78,48.89,48.88,48.88,48.89,12277,600084.23,57.4,45.89,46,INF247L01AK4,2021-10-08,2021-10-07T18:30:00.000Z,2021-10-08T12:01:04.984Z,2021-10-08T12:01:04.984Z,0,48.88,08-Oct-2021,
29,61644a8e1ffdf40008ba41a0,MOGSEC,EQ,N,53.85,48.82,53.85,48.9,48.9,48.88,15523,759164.97,57.4,45.89,71,INF247L01AK4,2021-10-11,2021-10-10T18:30:00.000Z,2021-10-11T14:30:38.803Z,2021-10-11T14:30:38.803Z,0,48.91,11-Oct-2021,
30,6165790160745c000893773f,MOGSEC,EQ,N,48.93,48.8,48.8,48.92,48.92,48.9,1563,76446.8,57.4,45.89,39,INF247L01AK4,2021-10-12,2021-10-11T18:30:00.000Z,2021-10-12T12:01:05.439Z,2021-10-12T12:01:05.439Z,0,48.91,12-Oct-2021,
31,6166ca6773e7b0000825912f,MOGSEC,EQ,N,48.97,48.87,48.93,48.97,48.97,48.92,1522,74483.56,57.4,45.89,55,INF247L01AK4,2021-10-13,2021-10-12T18:30:00.000Z,2021-10-13T12:00:39.649Z,2021-10-13T12:00:39.649Z,0,48.94,13-Oct-2021,
32,61681bff03a7b2000873deb9,MOGSEC,EQ,N,53.85,48.3,53.85,48.98,48.99,48.97,58448,2851625.15,57.4,45.89,3010,INF247L01AK4,2021-10-14,2021-10-13T18:30:00.000Z,2021-10-14T12:01:03.052Z,2021-10-14T12:01:03.052Z,0,48.79,14-Oct-2021,
33,616d61e481039a0008f766b6,MOGSEC,EQ,N,53.9,48.89,53.9,48.94,48.95,48.98,1391,68364.62,57.4,45.89,95,INF247L01AK4,2021-10-18,2021-10-17T18:30:00.000Z,2021-10-18T12:00:36.492Z,2021-10-18T12:00:36.492Z,0,49.15,18-Oct-2021,
34,616eb37e2137b10008e72e9f,MOGSEC,EQ,N,50.5,48.74,49.03,48.82,48.91,48.94,2722,133009.81,57.4,45.89,98,INF247L01AK4,2021-10-19,2021-10-18T18:30:00.000Z,2021-10-19T12:01:02.754Z,2021-10-19T12:01:02.754Z,0,48.86,19-Oct-2021,
35,6107de7f4c6c270008f217ae,MOGSEC,EQ,N,55.0,48.29,52.38,48.35,48.36,48.27,28733,1394462.03,57.4,45.89,128,INF247L01AK4,2021-08-02,2021-08-01T18:30:00.000Z,2021-08-02T12:01:03.216Z,2021-08-02T12:01:03.216Z,0,48.53,02-Aug-2021,
36,61092fe2ddfad700096fd8e4,MOGSEC,EQ,N,48.37,48.3,48.37,48.33,48.33,48.35,3107,150080.28,57.4,45.89,14,INF247L01AK4,2021-08-03,2021-08-02T18:30:00.000Z,2021-08-03T12:00:34.716Z,2021-08-03T12:00:34.716Z,0,48.3,03-Aug-2021,
37,610a815dddfad70009998de8,MOGSEC,EQ,N,48.39,48.25,48.38,48.38,48.38,48.33,7538,363777.0,57.4,45.89,29,INF247L01AK4,2021-08-04,2021-08-03T18:30:00.000Z,2021-08-04T12:00:29.204Z,2021-08-04T12:00:29.204Z,0,48.26,04-Aug-2021,
38,610bd300c5cd9d000859221b,MOGSEC,EQ,N,48.45,48.27,48.37,48.4,48.4,48.38,1332,64420.37,57.4,45.89,21,INF247L01AK4,2021-08-05,2021-08-04T18:30:00.000Z,2021-08-05T12:01:04.846Z,2021-08-05T12:01:04.846Z,0,48.36,05-Aug-2021,
39,610d24621ad12f0009efa872,MOGSEC,EQ,N,48.42,48.2,48.42,48.27,48.24,48.4,8511,410885.38,57.4,45.89,33,INF247L01AK4,2021-08-06,2021-08-05T18:30:00.000Z,2021-08-06T12:00:34.578Z,2021-08-06T12:00:34.578Z,0,48.28,06-Aug-2021,
40,611118e14df23100084ea874,MOGSEC,EQ,N,49.71,48.2,49.71,48.26,48.26,48.27,10339,498900.35,57.4,45.89,19,INF247L01AK4,2021-08-09,2021-08-08T18:30:00.000Z,2021-08-09T12:00:33.835Z,2021-08-09T12:00:33.835Z,0,48.25,09-Aug-2021,
41,61126a63cce4c40008592ef8,MOGSEC,EQ,N,48.41,48.25,48.36,48.27,48.25,48.26,9079,438527.98,57.4,45.89,22,INF247L01AK4,2021-08-10,2021-08-09T18:30:00.000Z,2021-08-10T12:00:35.635Z,2021-08-10T12:00:35.635Z,0,48.3,10-Aug-2021,
42,6113bbdc3759be000811208a,MOGSEC,EQ,N,48.45,48.33,48.39,48.35,48.35,48.27,2025,98033.81,57.4,45.89,34,INF247L01AK4,2021-08-11,2021-08-10T18:30:00.000Z,2021-08-11T12:00:28.170Z,2021-08-11T12:00:28.170Z,0,48.41,11-Aug-2021,
43,61150d62ea5aa20008b5ec76,MOGSEC,EQ,N,48.45,48.36,48.36,48.45,48.45,48.35,1307,63260.05,57.4,45.89,13,INF247L01AK4,2021-08-12,2021-08-11T18:30:00.000Z,2021-08-12T12:00:34.174Z,2021-08-12T12:00:34.174Z,0,48.4,12-Aug-2021,
44,61165ee45fd7730008dabc6f,MOGSEC,EQ,N,48.42,48.37,48.42,48.37,48.37,48.45,517,25022.19,57.4,45.89,13,INF247L01AK4,2021-08-13,2021-08-12T18:30:00.000Z,2021-08-13T12:00:36.237Z,2021-08-13T12:00:36.237Z,0,48.4,13-Aug-2021,
45,611a5361cce4c4000835bfa0,MOGSEC,EQ,N,48.46,48.4,48.45,48.46,48.46,48.37,713,34542.96,57.4,45.89,17,INF247L01AK4,2021-08-16,2021-08-15T18:30:00.000Z,2021-08-16T12:00:33.722Z,2021-08-16T12:00:33.722Z,0,48.45,16-Aug-2021,
46,611ba501cce4c4000862a9d9,MOGSEC,EQ,N,48.44,48.41,48.44,48.42,48.44,48.46,2389,115661.39,57.4,45.89,21,INF247L01AK4,2021-08-17,2021-08-16T18:30:00.000Z,2021-08-17T12:01:05.287Z,2021-08-17T12:01:05.287Z,0,48.41,17-Aug-2021,
47,611cf663913015000809b6f9,MOGSEC,EQ,N,48.61,48.41,48.55,48.57,48.53,48.42,3254,157745.6,57.4,45.89,45,INF247L01AK4,2021-08-18,2021-08-17T18:30:00.000Z,2021-08-18T12:00:35.922Z,2021-08-18T12:00:35.922Z,0,48.48,18-Aug-2021,
48,611f9961d448d000082abd75,MOGSEC,EQ,N,48.64,48.47,48.6,48.53,48.53,48.57,3073,149277.8,57.4,45.89,27,INF247L01AK4,2021-08-20,2021-08-19T18:30:00.000Z,2021-08-20T12:00:33.959Z,2021-08-20T12:00:33.959Z,0,48.58,20-Aug-2021,
49,61238de28095fa0008ef2387,MOGSEC,EQ,N,48.6,48.5,48.6,48.6,48.6,48.53,209,10145.17,57.4,45.89,14,INF247L01AK4,2021-08-23,2021-08-22T18:30:00.000Z,2021-08-23T12:00:34.025Z,2021-08-23T12:00:34.025Z,0,48.54,23-Aug-2021,
50,6124df7fa9392500085197f1,MOGSEC,EQ,N,48.59,48.52,48.59,48.57,48.57,48.6,41173,1998952.76,57.4,45.89,7,INF247L01AK4,2021-08-24,2021-08-23T18:30:00.000Z,2021-08-24T12:01:03.628Z,2021-08-24T12:01:03.628Z,0,48.55,24-Aug-2021,
51,612630db2596f30008058786,MOGSEC,EQ,N,48.62,48.55,48.57,48.61,48.62,48.57,879,42710.02,57.4,45.89,14,INF247L01AK4,2021-08-25,2021-08-24T18:30:00.000Z,2021-08-25T12:00:27.888Z,2021-08-25T12:00:27.888Z,0,48.59,25-Aug-2021,
52,612782652596f300080590ba,MOGSEC,EQ,N,48.62,48.57,48.57,48.62,48.62,48.61,93,4518.99,57.4,45.89,7,INF247L01AK4,2021-08-26,2021-08-25T18:30:00.000Z,2021-08-26T12:00:37.835Z,2021-08-26T12:00:37.835Z,0,48.59,26-Aug-2021,
53,6128d3ff91221d0009d5aa6c,MOGSEC,EQ,N,48.61,48.57,48.6,48.61,48.61,48.62,1039,50495.19,57.4,45.89,6,INF247L01AK4,2021-08-27,2021-08-26T18:30:00.000Z,2021-08-27T12:01:03.106Z,2021-08-27T12:01:03.106Z,0,48.6,27-Aug-2021,
54,612cc863f99d720008a94ba0,MOGSEC,EQ,N,48.7,48.6,48.6,48.67,48.7,48.61,416,20245.43,57.4,45.89,15,INF247L01AK4,2021-08-30,2021-08-29T18:30:00.000Z,2021-08-30T12:00:35.880Z,2021-08-30T12:00:35.880Z,0,48.67,30-Aug-2021,
55,612e19dceb0c13000813861f,MOGSEC,EQ,N,48.75,48.63,48.71,48.74,48.74,48.67,3102,151176.95,57.4,45.89,17,INF247L01AK4,2021-08-31,2021-08-30T18:30:00.000Z,2021-08-31T12:00:28.357Z,2021-08-31T12:00:28.357Z,0,48.74,31-Aug-2021,
56,612f6b62fca57e0008dc5197,MOGSEC,EQ,N,52.38,48.7,52.38,48.76,48.76,48.74,1111,54648.21,57.4,45.89,37,INF247L01AK4,2021-09-01,2021-08-31T18:30:00.000Z,2021-09-01T12:00:34.173Z,2021-09-01T12:00:34.173Z,0,49.19,01-Sep-2021,
57,6130bcddadef1200085044b1,MOGSEC,EQ,N,48.83,48.67,48.8,48.83,48.83,48.76,1156,56312.74,57.4,45.89,30,INF247L01AK4,2021-09-02,2021-09-01T18:30:00.000Z,2021-09-02T12:00:29.929Z,2021-09-02T12:00:29.929Z,0,48.71,02-Sep-2021,
58,61320e7f4f4d7600089d8d8a,MOGSEC,EQ,N,48.86,48.8,48.85,48.85,48.85,48.83,72277,3528409.51,57.4,45.89,18,INF247L01AK4,2021-09-03,2021-09-02T18:30:00.000Z,2021-09-03T12:01:03.441Z,2021-09-03T12:01:03.441Z,0,48.82,03-Sep-2021,
59,613602e366f15f00089e90a4,MOGSEC,EQ,N,48.92,48.83,48.89,48.87,48.86,48.85,752,36763.46,57.4,45.89,42,INF247L01AK4,2021-09-06,2021-09-05T18:30:00.000Z,2021-09-06T12:00:35.508Z,2021-09-06T12:00:35.508Z,0,48.89,06-Sep-2021,
60,6137547eeb333d0008c0edf6,MOGSEC,EQ,N,48.9,48.79,48.9,48.81,48.8,48.87,1340,65445.33,57.4,45.89,35,INF247L01AK4,2021-09-07,2021-09-06T18:30:00.000Z,2021-09-07T12:01:02.982Z,2021-09-07T12:01:02.982Z,0,48.84,07-Sep-2021,
61,6138a5dc5a558200095d348b,MOGSEC,EQ,N,54.0,48.62,54.0,48.84,48.84,48.81,5592,272862.71,57.4,45.89,58,INF247L01AK4,2021-09-08,2021-09-07T18:30:00.000Z,2021-09-08T12:00:28.355Z,2021-09-08T12:00:28.355Z,0,48.8,08-Sep-2021,
62,6139f7679241480008a1a719,MOGSEC,EQ,N,48.87,48.76,48.84,48.87,48.87,48.84,876,42754.82,57.4,45.89,25,INF247L01AK4,2021-09-09,2021-09-08T18:30:00.000Z,2021-09-09T12:00:39.732Z,2021-09-09T12:00:39.732Z,0,48.81,09-Sep-2021,
63,60d07f81b6df770008f30567,MOGSEC,EQ,N,52.38,48.25,52.38,48.34,48.28,48.32,3886,187865.87,57.4,45.89,23,INF247L01AK4,2021-06-21,2021-06-20T18:30:00.000Z,2021-06-21T12:01:05.147Z,2021-06-21T12:01:05.147Z,0,48.34,21-Jun-2021,
64,60d1d0e39d5cc50008707278,MOGSEC,EQ,N,48.29,48.23,48.25,48.26,48.26,48.34,303,14615.05,57.4,45.89,9,INF247L01AK4,2021-06-22,2021-06-21T18:30:00.000Z,2021-06-22T12:00:35.286Z,2021-06-22T12:00:35.286Z,0,48.23,22-Jun-2021,
65,60d3227f09721b0008101361,MOGSEC,EQ,N,48.29,48.19,48.26,48.24,48.24,48.26,10474,504776.57,57.4,45.89,19,INF247L01AK4,2021-06-23,2021-06-22T18:30:00.000Z,2021-06-23T12:01:03.041Z,2021-06-23T12:01:03.041Z,0,48.19,23-Jun-2021,
66,60d473e3b6726400082d86b9,MOGSEC,EQ,N,48.35,48.22,48.31,48.23,48.24,48.24,77881,3763866.93,57.4,45.89,33,INF247L01AK4,2021-06-24,2021-06-23T18:30:00.000Z,2021-06-24T12:00:35.702Z,2021-06-24T12:00:35.702Z,0,48.33,24-Jun-2021,
67,60d5c561761eef0008b834b8,MOGSEC,EQ,N,48.27,48.12,48.23,48.22,48.22,48.23,8406,405290.87,57.4,45.89,19,INF247L01AK4,2021-06-25,2021-06-24T18:30:00.000Z,2021-06-25T12:00:33.322Z,2021-06-25T12:00:33.322Z,0,48.21,25-Jun-2021,
68,60d9b9de758776000816a6f7,MOGSEC,EQ,N,48.27,48.06,48.22,48.07,48.06,48.22,2632,126573.76,57.4,45.89,25,INF247L01AK4,2021-06-28,2021-06-27T18:30:00.000Z,2021-06-28T12:00:30.143Z,2021-06-28T12:00:30.143Z,0,48.09,28-Jun-2021,
69,60db0b619d5cc50008613397,MOGSEC,EQ,N,48.25,48.1,48.15,48.1,48.1,48.07,3574,172008.04,57.4,45.89,27,INF247L01AK4,2021-06-29,2021-06-28T18:30:00.000Z,2021-06-29T12:00:33.068Z,2021-06-29T12:00:33.068Z,0,48.13,29-Jun-2021,
70,60dc5cdc7f32fd0009386ccd,MOGSEC,EQ,N,48.25,48.15,48.19,48.22,48.25,48.1,322,15527.22,57.4,45.89,15,INF247L01AK4,2021-06-30,2021-06-29T18:30:00.000Z,2021-06-30T12:00:28.525Z,2021-06-30T12:00:28.525Z,0,48.22,30-Jun-2021,
71,60ddae6115ea3f0008fe5289,MOGSEC,EQ,N,48.26,48.11,48.11,48.21,48.21,48.22,20095,969763.73,57.4,45.89,15,INF247L01AK4,2021-07-01,2021-06-30T18:30:00.000Z,2021-07-01T12:00:34.007Z,2021-07-01T12:00:34.007Z,0,48.26,01-Jul-2021,
72,60deffe3f20fbd0009ce619c,MOGSEC,EQ,N,48.21,48.1,48.16,48.17,48.17,48.21,2264,108907.51,57.4,45.89,12,INF247L01AK4,2021-07-02,2021-07-01T18:30:00.000Z,2021-07-02T12:00:35.401Z,2021-07-02T12:00:35.401Z,0,48.1,02-Jul-2021,
73,60e2f461d502fe0008ce9997,MOGSEC,EQ,N,48.15,48.05,48.07,48.05,48.05,48.17,14328,689714.05,57.4,45.89,21,INF247L01AK4,2021-07-05,2021-07-04T18:30:00.000Z,2021-07-05T12:00:33.560Z,2021-07-05T12:00:33.560Z,0,48.14,05-Jul-2021,
74,60e445e3d77ada00087bd018,MOGSEC,EQ,N,49.49,47.89,49.49,47.89,47.89,48.05,6563,315482.7,57.4,45.89,18,INF247L01AK4,2021-07-06,2021-07-05T18:30:00.000Z,2021-07-06T12:00:35.633Z,2021-07-06T12:00:35.633Z,0,48.07,06-Jul-2021,
75,60e5976325a08e00087c0ad8,MOGSEC,EQ,N,48.06,47.94,48.0,48.05,48.05,47.89,738,35437.94,57.4,45.89,13,INF247L01AK4,2021-07-07,2021-07-06T18:30:00.000Z,2021-07-07T12:00:35.127Z,2021-07-07T12:00:35.127Z,0,48.02,07-Jul-2021,
76,60e6e8e16972b0000896f038,MOGSEC,EQ,N,48.16,48.05,48.05,48.1,48.1,48.05,13650,657355.93,57.4,45.89,16,INF247L01AK4,2021-07-08,2021-07-07T18:30:00.000Z,2021-07-08T12:00:33.574Z,2021-07-08T12:00:33.574Z,0,48.16,08-Jul-2021,
77,60e83a85b37c0d000839771f,MOGSEC,EQ,N,48.26,47.97,48.17,48.23,48.23,48.1,4518,217555.9,57.4,45.89,36,INF247L01AK4,2021-07-09,2021-07-08T18:30:00.000Z,2021-07-09T12:01:09.262Z,2021-07-09T12:01:09.262Z,0,48.15,09-Jul-2021,
78,60ec2edb4341d20008421e2e,MOGSEC,EQ,N,48.24,48.12,48.24,48.18,48.18,48.23,219,10547.6,57.4,45.89,14,INF247L01AK4,2021-07-12,2021-07-11T18:30:00.000Z,2021-07-12T12:00:27.659Z,2021-07-12T12:00:27.659Z,0,48.16,12-Jul-2021,
79,60ed80611c0e4d0008511ac5,MOGSEC,EQ,N,48.25,47.98,48.22,48.24,48.2,48.18,15629,753644.74,57.4,45.89,38,INF247L01AK4,2021-07-13,2021-07-12T18:30:00.000Z,2021-07-13T12:00:33.101Z,2021-07-13T12:00:33.101Z,0,48.22,13-Jul-2021,
80,60eed1ff3872ec0008fc03ec,MOGSEC,EQ,N,48.22,48.2,48.22,48.2,48.2,48.24,177,8531.76,57.4,45.89,8,INF247L01AK4,2021-07-14,2021-07-13T18:30:00.000Z,2021-07-14T12:01:03.368Z,2021-07-14T12:01:03.368Z,0,48.2,14-Jul-2021,
81,60f02382cc96fb000856e6ce,MOGSEC,EQ,N,53.33,48.16,52.38,48.3,48.3,48.2,2549,124342.05,57.4,45.89,40,INF247L01AK4,2021-07-15,2021-07-14T18:30:00.000Z,2021-07-15T12:01:06.375Z,2021-07-15T12:01:06.375Z,0,48.78,15-Jul-2021,
82,60f17500cc96fb00089bf172,MOGSEC,EQ,N,48.35,48.22,48.26,48.3,48.3,48.3,620,29938.88,57.4,45.89,23,INF247L01AK4,2021-07-16,2021-07-15T18:30:00.000Z,2021-07-16T12:01:04.781Z,2021-07-16T12:01:04.781Z,0,48.29,16-Jul-2021,
83,60f5695de089b0000849d995,MOGSEC,EQ,N,48.4,46.86,46.86,48.4,48.4,48.3,1068,51586.36,57.4,45.89,27,INF247L01AK4,2021-07-19,2021-07-18T18:30:00.000Z,2021-07-19T12:00:29.059Z,2021-07-19T12:00:29.059Z,0,48.3,19-Jul-2021,
84,60f6bae1874e330008166cd3,MOGSEC,EQ,N,48.47,48.2,48.43,48.4,48.4,48.4,4369,210879.65,57.4,45.89,26,INF247L01AK4,2021-07-20,2021-07-19T18:30:00.000Z,2021-07-20T12:00:33.646Z,2021-07-20T12:00:33.646Z,0,48.27,20-Jul-2021,
85,60f95dffcaa6960009720e90,MOGSEC,EQ,N,48.46,48.36,48.46,48.39,48.39,48.4,9887,478432.88,57.4,45.89,14,INF247L01AK4,2021-07-22,2021-07-21T18:30:00.000Z,2021-07-22T12:01:03.223Z,2021-07-22T12:01:03.223Z,0,48.39,22-Jul-2021,
86,60faaf80874e3300088b0b66,MOGSEC,EQ,N,48.39,48.3,48.39,48.33,48.33,48.39,361,17445.95,57.4,45.89,11,INF247L01AK4,2021-07-23,2021-07-22T18:30:00.000Z,2021-07-23T12:01:04.743Z,2021-07-23T12:01:04.743Z,0,48.33,23-Jul-2021,
87,60fea3e25e75500008861bf9,MOGSEC,EQ,N,48.43,48.33,48.39,48.43,48.43,48.33,261,12624.25,57.4,45.89,9,INF247L01AK4,2021-07-26,2021-07-25T18:30:00.000Z,2021-07-26T12:00:34.167Z,2021-07-26T12:00:34.167Z,0,48.37,26-Jul-2021,
88,60fff57f3b69e400088b8b44,MOGSEC,EQ,N,48.43,46.98,46.98,48.33,48.33,48.43,350,16906.29,57.4,45.89,11,INF247L01AK4,2021-07-27,2021-07-26T18:30:00.000Z,2021-07-27T12:01:03.264Z,2021-07-27T12:01:03.264Z,0,48.3,27-Jul-2021,
89,610146ffa8ea98000873cd82,MOGSEC,EQ,N,48.43,48.34,48.4,48.39,48.39,48.33,361,17467.02,57.4,45.89,15,INF247L01AK4,2021-07-28,2021-07-27T18:30:00.000Z,2021-07-28T12:01:03.283Z,2021-07-28T12:01:03.283Z,0,48.39,28-Jul-2021,
90,61029880ebb5b00008937f67,MOGSEC,EQ,N,48.4,48.36,48.4,48.36,48.36,48.39,144,6964.6,57.4,45.89,3,INF247L01AK4,2021-07-29,2021-07-28T18:30:00.000Z,2021-07-29T12:01:04.909Z,2021-07-29T12:01:04.909Z,0,48.37,29-Jul-2021,
91,6103ea00ebb5b00008cf558f,MOGSEC,EQ,N,48.47,46.91,46.91,48.27,48.26,48.36,4090,197909.94,57.4,45.89,24,INF247L01AK4,2021-07-30,2021-07-29T18:30:00.000Z,2021-07-30T12:01:04.775Z,2021-07-30T12:01:04.775Z,0,48.39,30-Jul-2021,
92,609bc37fc132690009efff77,G5,EQ,N,48.29,48.23,48.23,48.28,48.28,48.25,10546,509159.95,57.4,45.89,11,INF247L01AK4,2021-05-12,2021-05-11T18:30:00.000Z,2021-05-12T12:01:03.110Z,2021-05-12T12:01:03.110Z,0,48.28,12-May-2021,
93,609e667f885aee00088f473c,G5,EQ,N,48.34,48.22,48.34,48.26,48.26,48.28,35380,1707431.23,57.4,45.89,13,INF247L01AK4,2021-05-14,2021-05-13T18:30:00.000Z,2021-05-14T12:01:03.550Z,2021-05-14T12:01:03.550Z,0,48.26,14-May-2021,
94,60a25afe4e61470008bbee00,G5,EQ,N,48.31,48.22,48.23,48.26,48.26,48.26,108,5209.33,57.4,45.89,17,INF247L01AK4,2021-05-17,2021-05-16T18:30:00.000Z,2021-05-17T12:01:02.749Z,2021-05-17T12:01:02.749Z,0,48.23,17-May-2021,
95,60a3ac7ebcb6750008860ea6,G5,EQ,N,48.31,48.25,48.26,48.27,48.27,48.26,2677,129170.75,57.4,45.89,14,INF247L01AK4,2021-05-18,2021-05-17T18:30:00.000Z,2021-05-18T12:01:02.523Z,2021-05-18T12:01:02.523Z,0,48.25,18-May-2021,
96,60a4fdff1247b900089e3874,G5,EQ,N,48.34,48.25,48.25,48.28,48.3,48.27,6833,329907.06,57.4,45.89,15,INF247L01AK4,2021-05-19,2021-05-18T18:30:00.000Z,2021-05-19T12:01:03.862Z,2021-05-19T12:01:03.862Z,0,48.28,19-May-2021,
97,60a64f7f9a1015000919d186,G5,EQ,N,52.38,48.25,52.38,48.29,48.32,48.28,9974,481506.38,57.4,45.89,16,INF247L01AK4,2021-05-20,2021-05-19T18:30:00.000Z,2021-05-20T12:01:03.354Z,2021-05-20T12:01:03.354Z,0,48.28,20-May-2021,
98,60a7a0e0c7277a00086e37a9,G5,EQ,N,48.39,48.3,48.35,48.31,48.35,48.29,7442,359708.51,57.4,45.89,37,INF247L01AK4,2021-05-21,2021-05-20T18:30:00.000Z,2021-05-21T12:00:32.676Z,2021-05-21T12:00:32.676Z,0,48.33,21-May-2021,
99,60ab957f03728a0009a3593e,G5,EQ,N,48.4,48.28,48.35,48.36,48.4,48.31,2528,122190.55,57.4,45.89,22,INF247L01AK4,2021-05-24,2021-05-23T18:30:00.000Z,2021-05-24T12:01:03.313Z,2021-05-24T12:01:03.313Z,0,48.33,24-May-2021,
100,60ace6fe3e1c5500087669cc,G5,EQ,N,48.44,48.31,48.4,48.42,48.44,48.36,42849,2072902.96,57.4,45.89,60,INF247L01AK4,2021-05-25,2021-05-24T18:30:00.000Z,2021-05-25T12:01:02.553Z,2021-05-25T12:01:02.553Z,0,48.38,25-May-2021,
101,60ae3881e53e1c0008d910b8,G5,EQ,N,48.46,48.4,48.41,48.46,48.46,48.42,2570,124460.66,57.4,45.89,22,INF247L01AK4,2021-05-26,2021-05-25T18:30:00.000Z,2021-05-26T12:01:05.957Z,2021-05-26T12:01:05.957Z,0,48.43,26-May-2021,
102,60af89e423db9e0008efd11d,G5,EQ,N,48.47,48.36,48.47,48.43,48.43,48.46,2577,124671.54,57.4,45.89,13,INF247L01AK4,2021-05-27,2021-05-26T18:30:00.000Z,2021-05-27T12:00:36.826Z,2021-05-27T12:00:36.826Z,0,48.38,27-May-2021,
103,60b0db82ecad4f0008644315,G5,EQ,N,48.44,48.35,48.4,48.43,48.43,48.43,1972,95439.67,57.4,45.89,22,INF247L01AK4,2021-05-28,2021-05-27T18:30:00.000Z,2021-05-28T12:01:06.968Z,2021-05-28T12:01:06.968Z,0,48.4,28-May-2021,
104,60b4cfff99942d0008df0798,G5,EQ,N,48.44,48.3,48.4,48.3,48.3,48.43,121730,5895358.65,57.4,45.89,14,INF247L01AK4,2021-05-31,2021-05-30T18:30:00.000Z,2021-05-31T12:01:03.111Z,2021-05-31T12:01:03.111Z,0,48.43,31-May-2021,
105,60b6217f1746750008d2b22c,G5,EQ,N,48.36,48.25,48.31,48.25,48.25,48.3,6008,290147.66,57.4,45.89,15,INF247L01AK4,2021-06-01,2021-05-31T18:30:00.000Z,2021-06-01T12:01:03.478Z,2021-06-01T12:01:03.478Z,0,48.29,01-Jun-2021,
106,60b772e4174675000806e019,G5,EQ,N,48.36,48.3,48.32,48.35,48.35,48.25,693,33483.62,57.4,45.89,17,INF247L01AK4,2021-06-02,2021-06-01T18:30:00.000Z,2021-06-02T12:00:36.097Z,2021-06-02T12:00:36.097Z,0,48.32,02-Jun-2021,
107,60b8c47ef1e4290008f839c0,G5,EQ,N,48.36,48.3,48.31,48.3,48.31,48.35,1975,95416.18,57.4,45.89,23,INF247L01AK4,2021-06-03,2021-06-02T18:30:00.000Z,2021-06-03T12:01:02.920Z,2021-06-03T12:01:02.920Z,0,48.31,03-Jun-2021,
108,60ba15e2fd6cfd0008ece427,G5,EQ,N,48.41,48.34,48.36,48.41,48.41,48.3,1308,63264.85,57.4,45.89,13,INF247L01AK4,2021-06-04,2021-06-03T18:30:00.000Z,2021-06-04T12:00:34.828Z,2021-06-04T12:00:34.828Z,0,48.37,04-Jun-2021,
109,60be0a64e54865000822a2c3,G5,EQ,N,48.46,48.31,48.41,48.31,48.31,48.41,17238,833828.34,57.4,45.89,62,INF247L01AK4,2021-06-07,2021-06-06T18:30:00.000Z,2021-06-07T12:00:36.756Z,2021-06-07T12:00:36.756Z,0,48.37,07-Jun-2021,
110,60bf5be3d2265400080d7fab,G5,EQ,N,48.45,48.39,48.44,48.44,48.45,48.31,346,16761.62,57.4,45.89,9,INF247L01AK4,2021-06-08,2021-06-07T18:30:00.000Z,2021-06-08T12:00:35.214Z,2021-06-08T12:00:35.214Z,0,48.44,08-Jun-2021,
111,60c0ad651318bc0008009a9d,G5,EQ,N,48.53,48.41,48.51,48.44,48.44,48.44,1861,90239.42,57.4,45.89,20,INF247L01AK4,2021-06-09,2021-06-08T18:30:00.000Z,2021-06-09T12:00:37.032Z,2021-06-09T12:00:37.032Z,0,48.49,09-Jun-2021,
112,60c1feff81433a00081e9ca1,G5,EQ,N,48.58,48.44,48.44,48.55,48.55,48.44,17060,828262.14,57.4,45.89,10,INF247L01AK4,2021-06-10,2021-06-09T18:30:00.000Z,2021-06-10T12:01:03.320Z,2021-06-10T12:01:03.320Z,0,48.55,10-Jun-2021,
113,60c3505c99ad6d0008be9e78,G5,EQ,N,48.61,48.54,48.55,48.61,48.61,48.55,1101,53477.1,57.4,45.89,16,INF247L01AK4,2021-06-11,2021-06-10T18:30:00.000Z,2021-06-11T12:00:28.322Z,2021-06-11T12:00:28.322Z,0,48.57,11-Jun-2021,
114,60c744e9fa74920009970bd8,G5,EQ,N,48.61,48.55,48.61,48.55,48.55,48.61,436,21172.27,57.4,45.89,10,INF247L01AK4,2021-06-14,2021-06-13T18:30:00.000Z,2021-06-14T12:00:41.378Z,2021-06-14T12:00:41.378Z,0,48.56,14-Jun-2021,
115,60c896839655b00008f2ec1c,G5,EQ,N,48.56,48.39,48.56,48.39,48.39,48.55,2290,110828.45,57.4,45.89,14,INF247L01AK4,2021-06-15,2021-06-14T18:30:00.000Z,2021-06-15T12:01:07.441Z,2021-06-15T12:01:07.441Z,0,48.4,15-Jun-2021,
116,60c9e8019af7c30008702761,MOGSEC,EQ,N,48.37,48.19,48.32,48.28,48.28,48.39,452,21817.87,57.4,45.89,12,INF247L01AK4,2021-06-16,2021-06-15T18:30:00.000Z,2021-06-16T12:01:05.320Z,2021-06-16T12:01:05.320Z,0,48.27,16-Jun-2021, Symbol changed to MOGSEC. Company name changed to MOTILAL OSWAL MUTUAL FUND - MOTILAL OSWAL 5 YEAR G SEC ETF - GROWTH.
117,60cb397f9af7c30008a1de8c,MOGSEC,EQ,N,48.3,48.23,48.25,48.23,48.23,48.28,22613,1092134.51,57.4,45.89,12,INF247L01AK4,2021-06-17,2021-06-16T18:30:00.000Z,2021-06-17T12:01:03.905Z,2021-06-17T12:01:03.905Z,0,48.3,17-Jun-2021,
118,60cc8ae3d4ffb6000952d601,MOGSEC,EQ,N,48.37,48.27,48.27,48.32,48.32,48.23,742,35839.19,57.4,45.89,11,INF247L01AK4,2021-06-18,2021-06-17T18:30:00.000Z,2021-06-18T12:00:35.021Z,2021-06-18T12:00:35.021Z,0,48.3,18-Jun-2021,
119,60d07f81b6df770008f30567,MOGSEC,EQ,N,52.38,48.25,52.38,48.34,48.28,48.32,3886,187865.87,57.4,45.89,23,INF247L01AK4,2021-06-21,2021-06-20T18:30:00.000Z,2021-06-21T12:01:05.147Z,2021-06-21T12:01:05.147Z,0,48.34,21-Jun-2021,
120,606afbe150e7c50009ea571e,G5,EQ,N,48.86,47.45,48.86,47.62,47.62,47.44,5319,252797.34,52.69,45.89,74,INF247L01AK4,2021-04-05,2021-04-04T18:30:00.000Z,2021-04-05T12:00:33.584Z,2021-04-05T12:00:33.584Z,0,47.53,05-Apr-2021,
121,606c4d7ee414300008c057bb,G5,EQ,N,47.7,47.63,47.69,47.64,47.64,47.62,70,3336.92,52.69,45.89,10,INF247L01AK4,2021-04-06,2021-04-05T18:30:00.000Z,2021-04-06T12:01:02.756Z,2021-04-06T12:01:02.756Z,0,47.67,06-Apr-2021,
122,606d9ee4a5b3e50008f95113,G5,EQ,N,47.81,47.55,47.67,47.69,47.65,47.64,7905,377099.46,52.69,45.89,61,INF247L01AK4,2021-04-07,2021-04-06T18:30:00.000Z,2021-04-07T12:00:36.618Z,2021-04-07T12:00:36.618Z,0,47.7,07-Apr-2021,
123,606ef07fee0ef7000821bc60,G5,EQ,N,47.81,47.6,47.63,47.6,47.6,47.69,5706,272619.32,52.69,45.89,63,INF247L01AK4,2021-04-08,2021-04-07T18:30:00.000Z,2021-04-08T12:01:03.206Z,2021-04-08T12:01:03.206Z,0,47.78,08-Apr-2021,
124,607041e4b4027f0009885152,G5,EQ,N,47.79,47.67,47.72,47.79,47.79,47.6,2096,100093.28,52.69,45.89,11,INF247L01AK4,2021-04-09,2021-04-08T18:30:00.000Z,2021-04-09T12:00:36.278Z,2021-04-09T12:00:36.278Z,0,47.75,09-Apr-2021,
125,6074367e905dbc000815869d,G5,EQ,N,47.76,47.67,47.68,47.72,47.72,47.79,1894,90387.33,52.69,45.89,16,INF247L01AK4,2021-04-12,2021-04-11T18:30:00.000Z,2021-04-12T12:01:02.941Z,2021-04-12T12:01:02.941Z,0,47.72,12-Apr-2021,
126,607587e4a1a6020009d61ab2,G5,EQ,N,47.74,47.69,47.72,47.74,47.74,47.72,603,28774.97,52.69,45.89,5,INF247L01AK4,2021-04-13,2021-04-12T18:30:00.000Z,2021-04-13T12:00:36.405Z,2021-04-13T12:00:36.405Z,0,47.72,13-Apr-2021,
127,60782ae3b4027f000990b637,G5,EQ,N,47.74,47.63,47.74,47.66,47.66,47.74,79288,3778831.72,52.69,45.89,11,INF247L01AK4,2021-04-15,2021-04-14T18:30:00.000Z,2021-04-15T12:00:35.848Z,2021-04-15T12:00:35.848Z,0,47.66,15-Apr-2021,
128,60797c7e06a23a00086a112e,G5,EQ,N,47.7,47.59,47.67,47.65,47.65,47.66,19116,910057.6,52.69,45.89,22,INF247L01AK4,2021-04-16,2021-04-15T18:30:00.000Z,2021-04-16T12:01:02.969Z,2021-04-16T12:01:02.969Z,0,47.61,16-Apr-2021,
129,607d70e332a7350008fd3b03,G5,EQ,N,47.9,47.7,47.7,47.85,47.85,47.65,49968,2390676.39,52.69,45.89,30,INF247L01AK4,2021-04-19,2021-04-18T18:30:00.000Z,2021-04-19T12:00:35.481Z,2021-04-19T12:00:35.481Z,0,47.84,19-Apr-2021,
130,607ec27f28c94600080bc749,G5,EQ,N,47.88,47.8,47.83,47.8,47.8,47.85,30726,1469251.6,52.69,45.89,16,INF247L01AK4,2021-04-20,2021-04-19T18:30:00.000Z,2021-04-20T12:01:03.114Z,2021-04-20T12:01:03.114Z,0,47.82,20-Apr-2021,
131,6081657e3641bb0008a8fbc8,G5,EQ,N,47.9,47.85,47.86,47.89,47.85,47.8,123,5885.89,52.69,45.89,5,INF247L01AK4,2021-04-22,2021-04-21T18:30:00.000Z,2021-04-22T12:01:03.004Z,2021-04-22T12:01:03.004Z,0,47.85,22-Apr-2021,
132,6082b6e36140660008b5b05f,G5,EQ,N,47.92,47.92,47.92,47.92,47.92,47.89,210,10063.2,52.69,45.89,3,INF247L01AK4,2021-04-23,2021-04-22T18:30:00.000Z,2021-04-23T12:00:35.118Z,2021-04-23T12:00:35.118Z,0,47.92,23-Apr-2021,
133,6088066180572900081c8cb0,G5,EQ,N,48.32,48.01,48.01,48.16,48.16,47.92,43773,2107894.85,52.69,45.89,42,INF247L01AK4,2021-04-26,2021-04-25T18:30:00.000Z,2021-04-27T12:41:05.933Z,2021-04-27T12:41:05.933Z,0,48.16,26-Apr-2021,
134,6088069dccdda4000887d610,G5,EQ,N,57.4,48.06,48.11,52.48,52.0,48.16,23576,1165905.66,57.4,45.89,302,INF247L01AK4,2021-04-27,2021-04-26T18:30:00.000Z,2021-04-27T12:42:05.900Z,2021-04-27T12:42:05.900Z,0,49.45,27-Apr-2021,
135,60894e6306a23a0008579373,G5,EQ,N,48.3,48.14,48.18,48.25,48.25,52.48,4564,220226.25,57.4,45.89,65,INF247L01AK4,2021-04-28,2021-04-27T18:30:00.000Z,2021-04-28T12:00:35.543Z,2021-04-28T12:00:35.543Z,0,48.25,28-Apr-2021,
136,608aa004fc34330008f838f1,G5,EQ,N,48.36,48.12,48.35,48.12,48.12,48.25,108076,5221833.5,57.4,45.89,52,INF247L01AK4,2021-04-29,2021-04-28T18:30:00.000Z,2021-04-29T12:01:08.981Z,2021-04-29T12:01:08.981Z,0,48.32,29-Apr-2021,
137,608bf18246f86b00096b145b,G5,EQ,N,48.19,48.09,48.09,48.18,48.18,48.12,134,6446.42,57.4,45.89,11,INF247L01AK4,2021-04-30,2021-04-29T18:30:00.000Z,2021-04-30T12:01:06.972Z,2021-04-30T12:01:06.972Z,0,48.11,30-Apr-2021,
138,608fe5ffc881750008a9fe34,G5,EQ,N,48.19,48.13,48.13,48.18,48.18,48.18,315,15171.28,57.4,45.89,13,INF247L01AK4,2021-05-03,2021-05-02T18:30:00.000Z,2021-05-03T12:01:03.303Z,2021-05-03T12:01:03.303Z,0,48.16,03-May-2021,
139,6091377f45df9f0008e93e0c,G5,EQ,N,48.23,48.15,48.15,48.17,48.17,48.18,23292,1122696.66,57.4,45.89,19,INF247L01AK4,2021-05-04,2021-05-03T18:30:00.000Z,2021-05-04T12:01:03.207Z,2021-05-04T12:01:03.207Z,0,48.2,04-May-2021,
140,609288e6c13269000942c17c,G5,EQ,N,48.25,48.1,48.12,48.21,48.21,48.17,2352,113302.07,57.4,45.89,21,INF247L01AK4,2021-05-05,2021-05-04T18:30:00.000Z,2021-05-05T12:00:38.307Z,2021-05-05T12:00:38.307Z,0,48.17,05-May-2021,
141,6093da7ea51b5b0008e13e8b,G5,EQ,N,48.32,48.22,48.27,48.3,48.3,48.21,21274,1027071.49,57.4,45.89,18,INF247L01AK4,2021-05-06,2021-05-05T18:30:00.000Z,2021-05-06T12:01:02.791Z,2021-05-06T12:01:02.791Z,0,48.28,06-May-2021,
142,60952be158429e000854224f,G5,EQ,N,48.33,48.26,48.31,48.28,48.28,48.3,2655,128218.72,57.4,45.89,28,INF247L01AK4,2021-05-07,2021-05-06T18:30:00.000Z,2021-05-07T12:00:33.419Z,2021-05-07T12:00:33.419Z,0,48.29,07-May-2021,
143,6099206628330700080ff9b8,G5,EQ,N,48.3,48.19,48.3,48.21,48.21,48.28,427,20599.32,57.4,45.89,17,INF247L01AK4,2021-05-10,2021-05-09T18:30:00.000Z,2021-05-10T12:00:38.843Z,2021-05-10T12:00:38.843Z,0,48.24,10-May-2021,
144,609a71ff45df9f0008b76ac6,G5,EQ,N,48.3,48.21,48.3,48.25,48.25,48.21,420,20262.01,57.4,45.89,22,INF247L01AK4,2021-05-11,2021-05-10T18:30:00.000Z,2021-05-11T12:01:03.095Z,2021-05-11T12:01:03.095Z,0,48.24,11-May-2021,
145,609bc37fc132690009efff77,G5,EQ,N,48.29,48.23,48.23,48.28,48.28,48.25,10546,509159.95,57.4,45.89,11,INF247L01AK4,2021-05-12,2021-05-11T18:30:00.000Z,2021-05-12T12:01:03.110Z,2021-05-12T12:01:03.110Z,0,48.28,12-May-2021,
146,60339ce21fa56800082f6580,G5,EQ,N,47.26,47.1,47.26,47.16,47.16,47.2,578,27294.92,52.69,45.89,17,INF247L01AK4,2021-02-22,2021-02-21T18:30:00.000Z,2021-02-22T12:00:34.363Z,2021-02-22T12:00:34.363Z,0,47.22,22-Feb-2021,
147,6034ee5df2cc160009225476,G5,EQ,N,47.24,47.1,47.1,47.2,47.19,47.16,459,21642.03,52.69,45.89,8,INF247L01AK4,2021-02-23,2021-02-22T18:30:00.000Z,2021-02-23T12:00:29.732Z,2021-02-23T12:00:29.732Z,0,47.15,23-Feb-2021,
148,60365c97c65ab700086bb3d9,G5,EQ,N,47.25,47.16,47.18,47.25,47.25,47.2,393,18549.81,52.69,45.89,8,INF247L01AK4,2021-02-24,2021-02-23T18:30:00.000Z,2021-02-24T14:03:03.126Z,2021-02-24T14:03:03.126Z,0,47.2,24-Feb-2021,
149,6037917fd3429100084f431f,G5,EQ,N,47.22,47.18,47.22,47.18,47.18,47.25,175,8263.06,52.69,45.89,9,INF247L01AK4,2021-02-25,2021-02-24T18:30:00.000Z,2021-02-25T12:01:03.461Z,2021-02-25T12:01:03.461Z,0,47.22,25-Feb-2021,
150,6038e2fe48a71b000890bdc4,G5,EQ,N,47.22,47.07,47.22,47.1,47.1,47.18,646,30443.56,52.69,45.89,16,INF247L01AK4,2021-02-26,2021-02-25T18:30:00.000Z,2021-02-26T12:01:02.856Z,2021-02-26T12:01:02.856Z,0,47.13,26-Feb-2021,
151,603cd781d342910008d7e3fe,G5,EQ,N,47.14,47.08,47.11,47.14,47.14,47.1,21112,994409.17,52.69,45.89,18,INF247L01AK4,2021-03-01,2021-02-28T18:30:00.000Z,2021-03-01T12:01:05.208Z,2021-03-01T12:01:05.208Z,0,47.1,01-Mar-2021,
152,603e28fee88009000870f59e,G5,EQ,N,47.1,47.08,47.1,47.08,47.08,47.14,599,28206.11,52.69,45.89,11,INF247L01AK4,2021-03-02,2021-03-01T18:30:00.000Z,2021-03-02T12:01:02.830Z,2021-03-02T12:01:02.830Z,0,47.09,02-Mar-2021,
153,603f7a5c60e1740008d80ec7,G5,EQ,N,47.19,47.02,47.19,47.02,47.02,47.08,2441,114803.63,52.69,45.89,11,INF247L01AK4,2021-03-03,2021-03-02T18:30:00.000Z,2021-03-03T12:00:28.402Z,2021-03-03T12:00:28.402Z,0,47.03,03-Mar-2021,
154,6040cbfef782e80008e63d7c,G5,EQ,N,47.05,46.93,47.05,46.94,46.93,47.02,20625,968540.33,52.69,45.89,19,INF247L01AK4,2021-03-04,2021-03-03T18:30:00.000Z,2021-03-04T12:01:02.823Z,2021-03-04T12:01:02.823Z,0,46.96,04-Mar-2021,
155,60421d7ff87f7d00085f2ce8,G5,EQ,N,47.0,46.72,46.85,46.82,46.86,46.94,27649,1294847.71,52.69,45.89,48,INF247L01AK4,2021-03-05,2021-03-04T18:30:00.000Z,2021-03-05T12:01:03.505Z,2021-03-05T12:01:03.505Z,0,46.83,05-Mar-2021,
156,60461202f782e800082f8f06,G5,EQ,N,47.01,46.69,46.69,46.96,46.94,46.82,791,36979.34,52.69,45.89,13,INF247L01AK4,2021-03-08,2021-03-07T18:30:00.000Z,2021-03-08T12:01:06.454Z,2021-03-08T12:01:06.454Z,0,46.75,08-Mar-2021,
157,604763611869d100087592ef,G5,EQ,N,46.98,46.94,46.98,46.94,46.94,46.96,11094,521193.5,52.69,45.89,5,INF247L01AK4,2021-03-09,2021-03-08T18:30:00.000Z,2021-03-09T12:00:33.624Z,2021-03-09T12:00:33.624Z,0,46.98,09-Mar-2021,
158,6048b4e1b02c4600080fd08d,G5,EQ,N,47.01,46.97,46.98,47.01,47.01,46.94,2312,108617.28,52.69,45.89,7,INF247L01AK4,2021-03-10,2021-03-09T18:30:00.000Z,2021-03-10T12:00:33.444Z,2021-03-10T12:00:33.444Z,0,46.98,10-Mar-2021,
159,604b57dc72247e0008e052ee,G5,EQ,N,46.98,46.93,46.97,46.93,46.96,47.01,40082,1881451.0,52.69,45.89,18,INF247L01AK4,2021-03-12,2021-03-11T18:30:00.000Z,2021-03-12T12:00:28.031Z,2021-03-12T12:00:28.031Z,0,46.94,12-Mar-2021,
160,604f4c7fc00cd5000824fc15,G5,EQ,N,47.0,46.92,46.95,46.99,47.0,46.93,545,25603.81,52.69,45.89,13,INF247L01AK4,2021-03-15,2021-03-14T18:30:00.000Z,2021-03-15T12:01:03.366Z,2021-03-15T12:01:03.366Z,0,46.98,15-Mar-2021,
161,60509de16ad8c20008652425,G5,EQ,N,47.03,46.96,47.0,47.03,47.03,46.99,279,13112.04,52.69,45.89,6,INF247L01AK4,2021-03-16,2021-03-15T18:30:00.000Z,2021-03-16T12:00:33.618Z,2021-03-16T12:00:33.618Z,0,47.0,16-Mar-2021,
162,6051ef65e9990500087f34f4,G5,EQ,N,47.08,46.98,47.01,47.04,47.04,47.03,543,25536.18,52.69,45.89,11,INF247L01AK4,2021-03-17,2021-03-16T18:30:00.000Z,2021-03-17T12:00:37.154Z,2021-03-17T12:00:37.154Z,0,47.03,17-Mar-2021,
163,605340e217e26700093f0d36,G5,EQ,N,47.0,47.0,47.0,47.0,47.0,47.04,22826,1072822.0,52.69,45.89,36,INF247L01AK4,2021-03-18,2021-03-17T18:30:00.000Z,2021-03-18T12:00:34.596Z,2021-03-18T12:00:34.596Z,0,47.0,18-Mar-2021,
164,6054927f6bba56000820a191,G5,EQ,N,47.15,46.89,47.04,47.14,47.05,47.0,65928,3103755.21,52.69,45.89,29,INF247L01AK4,2021-03-19,2021-03-18T18:30:00.000Z,2021-03-19T12:01:03.834Z,2021-03-19T12:01:03.834Z,0,47.08,19-Mar-2021,
165,605886ff022baa00098a7cea,G5,EQ,N,47.3,47.21,47.21,47.3,47.3,47.14,1036,48960.58,52.69,45.89,13,INF247L01AK4,2021-03-22,2021-03-21T18:30:00.000Z,2021-03-22T12:01:03.514Z,2021-03-22T12:01:03.514Z,0,47.26,22-Mar-2021,
166,6059d8636bba5600089575b6,G5,EQ,N,47.45,47.28,47.28,47.45,47.45,47.3,1143,54217.82,52.69,45.89,9,INF247L01AK4,2021-03-23,2021-03-22T18:30:00.000Z,2021-03-23T12:00:35.503Z,2021-03-23T12:00:35.503Z,0,47.43,23-Mar-2021,
167,605b29ff96d7ff000815d4fc,G5,EQ,N,47.45,47.3,47.42,47.41,47.41,47.45,2600,123010.74,52.69,45.89,20,INF247L01AK4,2021-03-24,2021-03-23T18:30:00.000Z,2021-03-24T12:01:03.580Z,2021-03-24T12:01:03.580Z,0,47.31,24-Mar-2021,
168,605c7b621eb5f20008a435ca,G5,EQ,N,47.51,47.31,47.47,47.4,47.4,47.41,331,15683.29,52.69,45.89,28,INF247L01AK4,2021-03-25,2021-03-24T18:30:00.000Z,2021-03-25T12:00:34.804Z,2021-03-25T12:00:34.804Z,0,47.38,25-Mar-2021,
169,605dcce4ba1816000875f940,G5,EQ,N,47.55,47.3,47.42,47.42,47.3,47.4,4997,237223.46,52.69,45.89,20,INF247L01AK4,2021-03-26,2021-03-25T18:30:00.000Z,2021-03-26T12:00:36.076Z,2021-03-26T12:00:36.076Z,0,47.47,26-Mar-2021,
170,60631d8ef5299b0008fe3345,G5,EQ,N,47.58,47.3,47.58,47.49,47.49,47.42,16205,769603.31,52.69,45.89,39,INF247L01AK4,2021-03-30,2021-03-29T18:30:00.000Z,2021-03-30T12:46:06.490Z,2021-03-30T12:46:06.490Z,0,47.49,30-Mar-2021,
171,6064645c03368200081c1f37,G5,EQ,N,47.62,46.1,47.49,47.17,47.17,47.49,1118,52328.87,52.69,45.89,38,INF247L01AK4,2021-03-31,2021-03-30T18:30:00.000Z,2021-03-31T12:00:28.829Z,2021-03-31T12:00:28.829Z,0,46.81,31-Mar-2021,
172,6065b5e313110000089f8f5c,G5,EQ,N,47.47,47.31,47.44,47.44,47.45,47.17,224,10617.48,52.69,45.89,20,INF247L01AK4,2021-04-01,2021-03-31T18:30:00.000Z,2021-04-01T12:00:35.877Z,2021-04-01T12:00:35.877Z,0,47.4,01-Apr-2021,
173,5ffd8f7f5a01880008024e86,G5,EQ,N,47.82,47.74,47.82,47.75,47.75,47.8,5472,261328.48,52.69,45.89,18,INF247L01AK4,2021-01-12,2021-01-11T18:30:00.000Z,2021-01-12T12:01:03.380Z,2021-01-12T12:01:03.380Z,0,47.76,12-Jan-2021,
174,5ffee0dcc4dee300088dd7e1,G5,EQ,N,52.69,47.66,52.69,47.66,47.66,47.75,10635,507943.01,52.69,45.89,30,INF247L01AK4,2021-01-13,2021-01-12T18:30:00.000Z,2021-01-13T12:00:28.704Z,2021-01-13T12:00:28.704Z,0,47.76,13-Jan-2021,
175,6000327f6e104f0008e690a6,G5,EQ,N,47.73,47.65,47.65,47.7,47.71,47.66,3637,173474.11,52.69,45.89,17,INF247L01AK4,2021-01-14,2021-01-13T18:30:00.000Z,2021-01-14T12:01:03.390Z,2021-01-14T12:01:03.390Z,0,47.7,14-Jan-2021,
176,600183fe5a018800081075a8,G5,EQ,N,47.71,47.64,47.68,47.65,47.65,47.7,1122,53470.0,52.69,45.89,12,INF247L01AK4,2021-01-15,2021-01-14T18:30:00.000Z,2021-01-15T12:01:02.783Z,2021-01-15T12:01:02.783Z,0,47.66,15-Jan-2021,
177,6005787f2e3c9a000810ee37,G5,EQ,N,47.65,47.58,47.65,47.64,47.64,47.65,162,7711.6,52.69,45.89,4,INF247L01AK4,2021-01-18,2021-01-17T18:30:00.000Z,2021-01-18T12:01:03.417Z,2021-01-18T12:01:03.417Z,0,47.6,18-Jan-2021,
178,6006c9e3f10a0d00083c5156,G5,EQ,N,47.66,46.22,46.22,47.64,47.64,47.64,883,42055.92,52.69,45.89,6,INF247L01AK4,2021-01-19,2021-01-18T18:30:00.000Z,2021-01-19T12:00:35.946Z,2021-01-19T12:00:35.946Z,0,47.63,19-Jan-2021,
179,60081b7e2c04b60008834ce3,G5,EQ,N,47.72,47.65,47.68,47.72,47.72,47.64,2621,124969.2,52.69,45.89,11,INF247L01AK4,2021-01-20,2021-01-19T18:30:00.000Z,2021-01-20T12:01:02.736Z,2021-01-20T12:01:02.736Z,0,47.68,20-Jan-2021,
180,60096cdc741e2900081a1856,G5,EQ,N,47.73,47.65,47.72,47.65,47.67,47.72,1958,93369.21,52.69,45.89,23,INF247L01AK4,2021-01-21,2021-01-20T18:30:00.000Z,2021-01-21T12:00:28.666Z,2021-01-21T12:00:28.666Z,0,47.69,21-Jan-2021,
181,600abe638a4b290008ee1d24,G5,EQ,N,49.07,47.65,49.07,47.65,47.65,47.65,616,29496.73,52.69,45.89,13,INF247L01AK4,2021-01-22,2021-01-21T18:30:00.000Z,2021-01-22T12:00:35.624Z,2021-01-22T12:00:35.624Z,0,47.88,22-Jan-2021,
182,600eb2fec1e18e0008a45488,G5,EQ,N,47.7,47.67,47.7,47.7,47.7,47.65,21,1001.55,52.69,45.89,6,INF247L01AK4,2021-01-25,2021-01-24T18:30:00.000Z,2021-01-25T12:01:02.900Z,2021-01-25T12:01:02.900Z,0,47.69,25-Jan-2021,
183,601155fec050380008a1d68c,G5,EQ,N,47.68,47.65,47.68,47.65,47.65,47.7,5638,268727.81,52.69,45.89,18,INF247L01AK4,2021-01-27,2021-01-26T18:30:00.000Z,2021-01-27T12:01:02.865Z,2021-01-27T12:01:02.865Z,0,47.66,27-Jan-2021,
184,6012a763d24e050008e73249,G5,EQ,N,47.73,47.67,47.67,47.7,47.7,47.65,8827,420937.15,52.69,45.89,13,INF247L01AK4,2021-01-28,2021-01-27T18:30:00.000Z,2021-01-28T12:00:35.802Z,2021-01-28T12:00:35.802Z,0,47.69,28-Jan-2021,
185,6013f90224068600082d297a,G5,EQ,N,47.76,47.73,47.73,47.73,47.73,47.7,222,10598.5,52.69,45.89,8,INF247L01AK4,2021-01-29,2021-01-28T18:30:00.000Z,2021-01-29T12:01:06.883Z,2021-01-29T12:01:06.883Z,0,47.74,29-Jan-2021,
186,6017ed62ceda9200080bce6a,G5,EQ,N,49.16,47.3,49.16,47.35,47.35,47.73,3325,158621.04,52.69,45.89,20,INF247L01AK4,2021-02-01,2021-01-31T18:30:00.000Z,2021-02-01T12:00:34.337Z,2021-02-01T12:00:34.337Z,0,47.71,01-Feb-2021,
187,60193efe52a67400088a7d74,G5,EQ,N,48.0,47.1,48.0,47.15,47.16,47.35,19022,897476.83,52.69,45.89,35,INF247L01AK4,2021-02-02,2021-02-01T18:30:00.000Z,2021-02-02T12:01:02.634Z,2021-02-02T12:01:02.634Z,0,47.18,02-Feb-2021,
188,601a9063f98b220009a86912,G5,EQ,N,47.34,47.16,47.16,47.34,47.34,47.15,2700,127455.64,52.69,45.89,13,INF247L01AK4,2021-02-03,2021-02-02T18:30:00.000Z,2021-02-03T12:00:35.409Z,2021-02-03T12:00:35.409Z,0,47.21,03-Feb-2021,
189,601be1fef98b220009bd6112,G5,EQ,N,47.5,45.92,45.92,47.47,47.47,47.34,221,10485.38,52.69,45.89,10,INF247L01AK4,2021-02-04,2021-02-03T18:30:00.000Z,2021-02-04T12:01:03.003Z,2021-02-04T12:01:03.003Z,0,47.45,04-Feb-2021,
190,601d33611977d90008c02b23,G5,EQ,N,47.51,47.25,47.51,47.25,47.25,47.47,240,11374.7,52.69,45.89,11,INF247L01AK4,2021-02-05,2021-02-04T18:30:00.000Z,2021-02-05T12:00:33.207Z,2021-02-05T12:00:33.207Z,0,47.39,05-Feb-2021,
191,602127e25959750008a8dfb6,G5,EQ,N,47.38,47.28,47.33,47.3,47.31,47.25,218,10317.16,52.69,45.89,11,INF247L01AK4,2021-02-08,2021-02-07T18:30:00.000Z,2021-02-08T12:00:34.903Z,2021-02-08T12:00:34.903Z,0,47.33,08-Feb-2021,
192,6022797f85e3100008e2cebb,G5,EQ,N,47.33,47.16,47.33,47.19,47.19,47.3,2162,102101.72,52.69,45.89,14,INF247L01AK4,2021-02-09,2021-02-08T18:30:00.000Z,2021-02-09T12:01:03.254Z,2021-02-09T12:01:03.254Z,0,47.23,09-Feb-2021,
193,6023cafe6d78280008e444ff,G5,EQ,N,47.31,47.2,47.23,47.26,47.26,47.19,2663,125775.2,52.69,45.89,13,INF247L01AK4,2021-02-10,2021-02-09T18:30:00.000Z,2021-02-10T12:01:02.911Z,2021-02-10T12:01:02.911Z,0,47.23,10-Feb-2021,
194,60251c638160710008fa5887,G5,EQ,N,47.39,47.28,47.28,47.36,47.39,47.26,10782,510143.83,52.69,45.89,20,INF247L01AK4,2021-02-11,2021-02-10T18:30:00.000Z,2021-02-11T12:00:35.597Z,2021-02-11T12:00:35.597Z,0,47.31,11-Feb-2021,
195,60266de1e854190008018a0d,G5,EQ,N,47.44,47.34,47.37,47.44,47.44,47.36,2239,106123.12,52.69,45.89,18,INF247L01AK4,2021-02-12,2021-02-11T18:30:00.000Z,2021-02-12T12:00:33.751Z,2021-02-12T12:00:33.751Z,0,47.4,12-Feb-2021,
196,602a6262e85419000827e8c0,G5,EQ,N,47.43,47.36,47.43,47.36,47.36,47.44,7869,372865.21,52.69,45.89,22,INF247L01AK4,2021-02-15,2021-02-14T18:30:00.000Z,2021-02-15T12:00:34.940Z,2021-02-15T12:00:34.940Z,0,47.38,15-Feb-2021,
197,602bb3dc05368f0008dd749b,G5,EQ,N,47.43,47.36,47.43,47.4,47.4,47.36,10722,508018.4,52.69,45.89,14,INF247L01AK4,2021-02-16,2021-02-15T18:30:00.000Z,2021-02-16T12:00:28.917Z,2021-02-16T12:00:28.917Z,0,47.38,16-Feb-2021,
198,602d057fe89593000836a9d8,G5,EQ,N,47.42,47.38,47.42,47.38,47.38,47.4,462,21893.97,52.69,45.89,8,INF247L01AK4,2021-02-17,2021-02-16T18:30:00.000Z,2021-02-17T12:01:03.634Z,2021-02-17T12:01:03.634Z,0,47.39,17-Feb-2021,
199,602e56ffd8ba7c0008db1632,G5,EQ,N,47.39,47.29,47.39,47.32,47.32,47.38,1257,59506.95,52.69,45.89,8,INF247L01AK4,2021-02-18,2021-02-17T18:30:00.000Z,2021-02-18T12:01:03.213Z,2021-02-18T12:01:03.213Z,0,47.34,18-Feb-2021,
200,602fa85c68537800083185a0,G5,EQ,N,47.24,47.2,47.24,47.2,47.2,47.32,3656,172596.48,52.69,45.89,16,INF247L01AK4,2021-02-19,2021-02-18T18:30:00.000Z,2021-02-19T12:00:28.382Z,2021-02-19T12:00:28.382Z,0,47.21,19-Feb-2021,
201,5fd9f6e181abf7000814cf6a,G5,EQ,N,47.76,47.7,47.74,47.73,47.73,47.65,1654,78938.98,47.76,47.7,21,INF247L01AK4,2020-12-16,2020-12-15T18:30:00.000Z,2020-12-16T12:00:33.624Z,2020-12-16T12:00:33.624Z,0,47.73,16-Dec-2020,
202,5fdb486217143800085c6a3c,G5,EQ,N,47.77,47.73,47.73,47.75,47.75,47.73,447,21348.01,47.77,47.7,23,INF247L01AK4,2020-12-17,2020-12-16T18:30:00.000Z,2020-12-17T12:00:34.810Z,2020-12-17T12:00:34.810Z,0,47.76,17-Dec-2020,
203,5fdc99ff89ad550008138323,G5,EQ,N,47.77,47.69,47.75,47.71,47.71,47.75,1965,93796.01,47.77,47.69,22,INF247L01AK4,2020-12-18,2020-12-17T18:30:00.000Z,2020-12-18T12:01:03.551Z,2020-12-18T12:01:03.551Z,0,47.73,18-Dec-2020,
204,5fe08e62fdf1090008bcd378,G5,EQ,N,47.75,47.66,47.75,47.67,47.7,47.71,12217,583164.24,47.77,47.66,29,INF247L01AK4,2020-12-21,2020-12-20T18:30:00.000Z,2020-12-21T12:00:34.049Z,2020-12-21T12:00:34.049Z,0,47.73,21-Dec-2020,
205,5fe1dfe2652c6e000814a3c8,G5,EQ,N,47.76,47.71,47.74,47.71,47.71,47.67,651,31069.55,47.77,47.66,15,INF247L01AK4,2020-12-22,2020-12-21T18:30:00.000Z,2020-12-22T12:00:34.850Z,2020-12-22T12:00:34.850Z,0,47.73,22-Dec-2020,
206,5fe331650569620008dc3c26,G5,EQ,N,47.75,47.71,47.75,47.73,47.73,47.71,249,11885.68,47.77,47.66,15,INF247L01AK4,2020-12-23,2020-12-22T18:30:00.000Z,2020-12-23T12:00:37.642Z,2020-12-23T12:00:37.642Z,0,47.73,23-Dec-2020,
207,5fe482fecca28d000877cf5c,G5,EQ,N,47.78,47.7,47.76,47.74,47.74,47.73,6830,326220.3,47.78,47.66,10,INF247L01AK4,2020-12-24,2020-12-23T18:30:00.000Z,2020-12-24T12:01:02.837Z,2020-12-24T12:01:02.837Z,0,47.76,24-Dec-2020,
208,5fe9c8e4c94f580008f4f4f3,G5,EQ,N,49.17,46.31,49.17,47.76,47.74,47.74,4695,224214.77,49.17,46.31,21,INF247L01AK4,2020-12-28,2020-12-27T18:30:00.000Z,2020-12-28T12:00:36.071Z,2020-12-28T12:00:36.071Z,0,47.76,28-Dec-2020,
209,5feb1a5c0569620008e047c9,G5,EQ,N,47.8,47.76,47.79,47.79,47.8,47.76,6156,294185.26,49.17,46.31,17,INF247L01AK4,2020-12-29,2020-12-28T18:30:00.000Z,2020-12-29T12:00:28.317Z,2020-12-29T12:00:28.317Z,0,47.79,29-Dec-2020,
210,5fec6bfe65de430008915028,G5,EQ,N,49.22,45.89,49.22,47.8,47.77,47.79,15074,720069.27,49.22,45.89,36,INF247L01AK4,2020-12-30,2020-12-29T18:30:00.000Z,2020-12-30T12:01:02.909Z,2020-12-30T12:01:02.909Z,0,47.77,30-Dec-2020,
211,5fedbd8065de430008923400,G5,EQ,N,47.84,47.79,47.81,47.84,47.84,47.8,14725,704149.39,49.22,45.89,22,INF247L01AK4,2020-12-31,2020-12-30T18:30:00.000Z,2020-12-31T12:01:04.969Z,2020-12-31T12:01:04.969Z,0,47.82,31-Dec-2020,
212,5fef0ee365de4300089330a4,G5,EQ,N,52.69,47.79,52.69,47.82,47.83,47.84,18765,897134.7,52.69,45.89,34,INF247L01AK4,2021-01-01,2020-12-31T18:30:00.000Z,2021-01-01T12:00:35.619Z,2021-01-01T12:00:35.619Z,0,47.81,01-Jan-2021,
213,5ff328ff2802680008932012,G5,EQ,N,47.94,47.82,47.85,47.94,47.94,47.82,2099,100451.6,52.69,45.89,22,INF247L01AK4,2021-01-04,2021-01-03T18:30:00.000Z,2021-01-04T14:41:03.307Z,2021-01-04T14:41:03.307Z,0,47.86,04-Jan-2021,
214,5ff45fc7345f1a0008859573,G5,EQ,N,48.03,47.95,47.95,48.01,48.01,47.94,17537,841540.93,52.69,45.89,260,INF247L01AK4,2021-01-05,2021-01-04T18:30:00.000Z,2021-01-05T12:47:03.112Z,2021-01-05T12:47:03.112Z,0,47.99,05-Jan-2021,
215,5ff5a67f65de43000895f6d4,G5,EQ,N,48.02,47.92,48.02,47.94,47.94,48.01,14779,708422.63,52.69,45.89,18,INF247L01AK4,2021-01-06,2021-01-05T18:30:00.000Z,2021-01-06T12:01:03.462Z,2021-01-06T12:01:03.462Z,0,47.93,06-Jan-2021,
216,5ff6f7e2345f1a00088767f7,G5,EQ,N,48.0,47.94,47.94,47.98,47.98,47.94,4054,194555.52,52.69,45.89,16,INF247L01AK4,2021-01-07,2021-01-06T18:30:00.000Z,2021-01-07T12:00:34.436Z,2021-01-07T12:00:34.436Z,0,47.99,07-Jan-2021,
217,5ff8496165de43000897d23a,G5,EQ,N,48.01,47.97,47.98,47.97,47.98,47.98,20581,987514.2,52.69,45.89,46,INF247L01AK4,2021-01-08,2021-01-07T18:30:00.000Z,2021-01-08T12:00:33.837Z,2021-01-08T12:00:33.837Z,0,47.98,08-Jan-2021,
218,5ffc3dff7ddd690008b04cd7,G5,EQ,N,47.98,47.71,47.94,47.8,47.82,47.97,7858,375267.72,52.69,45.89,33,INF247L01AK4,2021-01-11,2021-01-10T18:30:00.000Z,2021-01-11T12:01:03.720Z,2021-01-11T12:01:03.720Z,0,47.76,11-Jan-2021,
219,5ffd8f7f5a01880008024e86,G5,EQ,N,47.82,47.74,47.82,47.75,47.75,47.8,5472,261328.48,52.69,45.89,18,INF247L01AK4,2021-01-12,2021-01-11T18:30:00.000Z,2021-01-12T12:01:03.380Z,2021-01-12T12:01:03.380Z,0,47.76,12-Jan-2021,
